seller_id,seller_state,orders,revenue,freight,items,reviewed_orders,low_review_orders,average_review_score,low_review_rate,late_delivery_rate,average_delivery_days,reliable_sample,freight_to_revenue_rate
4869f7a5dfa277a7dca6462dcf3b52b2,SP,1124,226987.93,20019.13,1148,1116,146,4.150537634408602,0.13082437275985664,0.11565836298932385,15.062424336035324,True,0.08819468947093355
53243585a1d6dc2643021fd1853d8905,BA,348,217940.44,12856.58,400,346,36,4.19364161849711,0.10404624277456648,0.04310344827586207,13.432182877022138,True,0.058991254674901086
4a3ca9315b744ce9f8e9374361493884,SP,1772,196882.12,34338.31,1949,1753,323,3.8531089560752996,0.1842555618938962,0.1100451467268623,14.486044893299054,True,0.1744105051286526
fa1c13f2614d7b5c4749cbc52fecda94,SP,578,190917.13999999998,9916.36,579,574,55,4.372822299651568,0.09581881533101046,0.10207612456747404,13.354636117518904,True,0.051940648178576326
7c67e1448b00f6e969d365cea6b010ab,SP,973,186570.05,51236.64,1355,967,246,3.4958634953464323,0.2543950361944157,0.10071942446043165,22.338337794050474,True,0.2746241425137636
7e93a43ef30c4f03f38b393420bc753a,SP,319,165981.49,5992.06,322,318,26,4.364779874213837,0.08176100628930817,0.05642633228840126,11.314592621618484,True,0.036100772441553575
da8622b14eb17ae2831f4ac5b9dab84a,SP,1311,159816.87,24889.91,1548,1305,154,4.178544061302682,0.11800766283524904,0.07627765064836003,11.18655480160748,True,0.15574019188337251
7a67c85e85bb2ce8582c35f2203ad736,SP,1145,139658.69,20619.83,1155,1137,112,4.274846086191733,0.09850483729111698,0.059388646288209605,11.200217845301633,True,0.14764444661481502
1025f0e2d44d7041d6cf58b6550e0bfa,SP,910,138208.56,33716.4,1420,902,151,4.008869179600887,0.1674057649667406,0.1010989010989011,12.391189814814814,True,0.24395305182254992
955fee9216a65b617aa5c0531780ce60,SP,1261,131836.71,24769.77,1472,1253,128,4.201117318435754,0.10215482841181166,0.07771609833465504,10.769856696258113,True,0.18788219153830524
46dc3b2cc0980fb8ec44634e21d2718e,RJ,503,122811.38,11351.5,523,497,55,4.27364185110664,0.11066398390342053,0.06560636182902585,11.927641281938001,True,0.09243035946668786
6560211a19b47992c3666cc44a7e94c0,SP,1819,120702.83,27348.11,1996,1805,290,3.979501385041551,0.16066481994459833,0.06432105552501374,9.627301720013032,True,0.22657389226085253
620c87c171fb2a6dd6e8bb4dec959fc6,RJ,722,112461.5,13816.68,778,716,80,4.305865921787709,0.11173184357541899,0.0997229916897507,12.902610691110086,True,0.12285697772126461
7d13fca15225358621be4086e1eb0964,SP,558,112436.18000000001,8498.29,571,555,95,4.0414414414414415,0.17117117117117117,0.12186379928315412,15.731614292944377,True,0.07558323308387034
5dceca129747e92ff8ef7a997dc4f8ca,SP,322,111126.73,13576.19,343,318,61,4.012578616352202,0.1918238993710692,0.062111801242236024,11.569820278352887,True,0.12216853676878642
1f50f920176fa81dab994f9023523100,SP,1399,106655.70999999999,35057.23,1926,1394,195,4.140602582496413,0.1398852223816356,0.10578984989278056,15.809259557091044,True,0.32869529441977374
cc419e0650a3c5ba77189a1882b7556a,SP,1651,101090.95999999999,24846.03,1719,1647,210,4.151993523578223,0.12750455373406194,0.06117504542701393,11.586278377863023,True,0.24577894996743527
a1043bafd471dff536d0c462352beb48,MG,702,99309.23,31103.51,752,700,66,4.275714285714286,0.09428571428571429,0.05698005698005698,13.64757012042313,True,0.31319858184380245
3d871de0142ce09b7081e2b9d1733cb1,SP,1064,93407.4,22108.25,1131,1053,110,4.1918328584995255,0.10446343779677113,0.05921052631578947,13.510275428153717,True,0.23668627967377318
edb1ef5e36e0c8cd84eb3c9b003e486d,RJ,165,79144.9,3886.24,174,165,12,4.442424242424242,0.07272727272727272,0.07878787878787878,11.897481130751965,True,0.04910284806727913
ccc4bbb5f32a6ab2b7066a4130f114e3,PR,184,72926.72,5174.62,189,183,20,4.3224043715847,0.1092896174863388,0.07608695652173914,15.867033640297906,True,0.07095643407519218
f7ba60f8c3f99e7ee4042fdef03b70c4,SP,218,68070.0,4317.94,229,218,23,4.220183486238532,0.10550458715596331,0.1559633027522936,13.405899857713218,True,0.06343381812839723
fe2032dab1a61af8794248c8196565c9,SP,293,65689.71,4710.89,305,289,28,4.387543252595155,0.09688581314878893,0.08873720136518772,10.766724813550752,True,0.07171427610199527
8581055ce74af1daba164fdbd55a40de,SP,380,64011.22,9462.76,427,379,36,4.308707124010554,0.09498680738786279,0.10026385224274406,13.103792051451189,True,0.14782970860421032
cca3071e3e9bb7d12640c9fbe2301306,SP,699,63035.16,14153.39,817,688,130,3.8844476744186047,0.18895348837209303,0.058655221745350504,14.158784606315901,True,0.22453167406888472
04308b1ee57b6625f47df1d56f00eedf,SC,92,58991.8,2948.82,92,92,18,3.9456521739130435,0.1956521739130435,0.11956521739130435,18.87600291867955,True,0.049986947338443645
522620dcb18a6b31cd7bdf73665113a9,PR,172,56690.49,4583.17,178,169,32,3.905325443786982,0.1893491124260355,0.10465116279069768,15.399955385981912,True,0.08084548219639662
de722cd6dad950a92b7d4f82673f8833,PE,337,55126.3,9650.289999999999,377,336,31,4.303571428571429,0.09226190476190477,0.04451038575667656,12.683839295526981,True,0.1750578217656545
37be5a7c751166fbc5f8ccba4119e043,SP,269,54735.55,6021.21,278,266,24,4.323308270676692,0.09022556390977443,0.026022304832713755,10.649036512116204,True,0.11000547176378057
17e34d8224d27a541263c4c64b11a56b,SP,247,54440.28,5090.21,260,245,27,4.253061224489796,0.11020408163265306,0.08502024291497975,14.273879142300196,True,0.09350080491871093
7ddcbb64b5bc1ef36ca8c151f6ec77df,SP,325,54435.66,7767.09,334,322,48,4.029503105590062,0.14906832298136646,0.08615384615384615,12.710487179487181,True,0.14268385833844946
25c5c91f63607446a97b143d2d535d31,MG,156,54208.78,6945.92,266,155,30,3.832258064516129,0.1935483870967742,0.07051282051282051,14.471779736467237,True,0.12813274897535049
218d46b86c1881d022bce9c68a7d4b15,SP,382,53710.3,7452.64,420,380,46,4.185526315789474,0.12105263157894737,0.09424083769633508,13.898833987783597,True,0.138756253456041
ceaec5548eefc6e23e6607c5435102e7,SP,198,51478.18,6175.55,206,195,22,4.2,0.11282051282051282,0.06060606060606061,13.014988075196408,True,0.11996441987653798
f5a590cf36251cf1162ea35bef76fe84,SP,113,51232.78,4134.18,118,113,12,4.274336283185841,0.10619469026548672,0.10619469026548672,11.744838270239265,True,0.08069404002671728
e882b2a25a10b9c057cc49695f222c19,RJ,57,51057.54,2856.22,58,57,3,4.578947368421052,0.05263157894736842,0.0,9.549082399285249,True,0.055941198890506666
2bf6a2c1e71bbd29a4ad64e6d3c3629f,RJ,30,50628.9,1000.59,31,30,4,4.166666666666667,0.13333333333333333,0.1,13.650243055555556,True,0.01976321824096514
f8db351d8c4c4c22c6835c19a46f01b0,SP,659,50082.6,12404.42,714,656,63,4.265243902439025,0.09603658536585366,0.051593323216995446,9.865957662423424,True,0.24767923390558796
b2ba3715d723d245138f291a6fe42594,SP,324,49302.18,6294.47,350,321,38,4.202492211838006,0.11838006230529595,0.08950617283950617,14.074570151748972,True,0.12767123076504933
17f51e7198701186712e53a39c564617,SP,56,48019.0,9793.43,61,56,5,4.339285714285714,0.08928571428571429,0.08928571428571429,23.242452256944443,True,0.2039490618296924
8160255418d5aaa7dbdc9f4c64ebda44,SP,380,46368.39,7727.29,424,376,64,3.9547872340425534,0.1702127659574468,0.16578947368421051,16.249576693469784,True,0.16664995269406593
966cb4760537b1404caedd472cc610a5,SP,67,45928.26,1504.31,67,67,8,4.119402985074627,0.11940298507462686,0.029850746268656716,10.040945273631841,True,0.032753472480777625
77530e9772f57a62c906e1c21538ab82,PR,312,45676.6,8274.71,381,312,46,4.147435897435898,0.14743589743589744,0.11538461538461539,15.01382159603514,True,0.18115862389056978
4e922959ae960d389249c378d1c939f5,SP,412,45338.42,7147.18,446,408,74,3.963235294117647,0.18137254901960784,0.10679611650485436,14.519824113403454,True,0.1576406941397605
850f4f8af5ea87287ac68de36e29107f,SP,186,45285.37,3097.35,191,183,17,4.295081967213115,0.09289617486338798,0.06451612903225806,10.125434525587416,True,0.06839626130911594
c826c40d7b19f62a09e2d7c5e7295ee2,SP,346,44653.04,5443.63,365,345,49,4.130434782608695,0.14202898550724638,0.0953757225433526,13.295209002354957,True,0.12190950492956358
b33e7c55446eabf8fe1a42d037ac7d6d,SP,149,44215.17,2656.38,152,149,19,4.201342281879195,0.12751677852348994,0.12751677852348994,16.27741144668158,True,0.06007847532871637
ba90964cff9b9e0e6f32b23b82465f7b,SP,38,44212.5,1311.0,38,38,2,4.421052631578948,0.05263157894736842,0.05263157894736842,10.018161245126706,True,0.02965224766751484
eeb6de78f79159600292e314a77cbd18,SC,82,43510.84,2996.05,83,82,5,4.439024390243903,0.06097560975609756,0.036585365853658534,12.164498786133695,True,0.06885755365789308
c3cfdc648177fdbbbb35635a37472c53,PR,278,43048.18,6079.63,307,277,21,4.469314079422382,0.07581227436823104,0.025179856115107913,9.728549493738342,True,0.14122850257548636
4d6d651bd7684af3fffabd5f08d12e5a,SP,363,42999.0,7786.76,389,362,43,4.223756906077348,0.11878453038674033,0.046831955922865015,13.022438399142946,True,0.18109165329426266
b839e41795b7f3ad94cc2014a52f6796,SP,33,42829.0,920.93,36,33,6,4.090909090909091,0.18181818181818182,0.030303030303030304,6.671601430976431,True,0.02150248663288893
e9779976487b77c6d4ac45f75ec7afe9,SP,645,42229.69,9981.61,738,642,68,4.2601246105919,0.1059190031152648,0.07286821705426356,9.856124156617858,True,0.23636474717195413
17a053fcb14bd219540cbde0df490be0,SP,124,40353.24,8761.17,148,122,12,4.254098360655738,0.09836065573770492,0.08064516129032258,12.275743820937873,True,0.21711193450637423
d91fb3b7d041e83b64a00a3edfb37e4f,SP,524,39926.39,9058.06,525,520,70,4.139102564102564,0.1346153846153846,0.06297709923664122,11.27949595349166,True,0.22686899566928037
834f3294fba9f932f56edc879193f925,SP,66,39907.5,4299.92,66,66,3,4.545454545454546,0.045454545454545456,0.06060606060606061,14.296499017957352,True,0.10774716531980204
391fc6631aebcf3004804e51b40bcf1e,SP,521,39475.3,10083.84,605,518,76,4.047297297297297,0.14671814671814673,0.1036468330134357,14.415952139759721,True,0.25544682371001615
712e6ed8aa4aa1fa65dab41fed5737e4,SC,77,39385.0,6764.82,85,76,27,3.3947368421052633,0.35526315789473684,0.22077922077922077,24.691598875661377,True,0.17176133045575726
634964b17796e64304cadf1ad3050fb7,RJ,265,39114.1,5900.0,323,265,40,4.056603773584905,0.1509433962264151,0.1018867924528302,14.672130066387142,True,0.1508407454089446
2eb70248d66e0e3ef83659f71b244378,SP,187,38990.72,3056.01,197,184,87,2.7907608695652173,0.47282608695652173,0.13903743315508021,18.013339027530204,True,0.07837788068545541
7142540dd4c91e2237acb7e911c4eba2,SP,316,37181.94,6843.74,328,314,43,4.054140127388535,0.13694267515923567,0.08227848101265822,14.741313767287856,True,0.1840608639570716
7178f9f4dd81dcef02f62acdf8151e01,SC,202,36795.4,4385.04,215,201,29,4.059701492537314,0.14427860696517414,0.04950495049504951,15.745930738907225,True,0.11917359235121781
ea8482cd71df3c1969d7b9473ff13abc,SP,1132,36696.76,17291.87,1188,1126,164,4.0266429840142095,0.14564831261101244,0.10424028268551237,13.323272651240021,True,0.47120971987717714
59417c56835dd8e2e72f91f809cd4092,SP,18,36459.0,1198.77,18,18,2,4.277777777777778,0.1111111111111111,0.0,12.569483024691358,False,0.032879947338105814
c70c1b0d8ca86052f45a432a38b73958,SP,260,36289.15,3901.41,336,258,23,4.368217054263566,0.08914728682170543,0.08461538461538462,8.079231837606837,True,0.10750899373504201
06a2c3af7b3aee5d69171b0e14f0ee87,MA,389,36097.979999999996,12071.52,402,385,62,4.012987012987013,0.16103896103896104,0.23136246786632392,17.728175551033036,True,0.33440984786406336
c3867b4666c7d76867627c2f7fb22e21,SP,228,34666.9,4693.3,241,226,35,4.079646017699115,0.15486725663716813,0.11842105263157894,15.404736334470435,True,0.13538274261615546
7299e27ed73d2ad986de7f7c77d919fa,MG,335,34107.44,6804.49,358,335,22,4.429850746268657,0.06567164179104477,0.04776119402985075,11.29805800856827,True,0.19950163366116014
e9bc59e7b60fc3063eb2290deda4cced,PR,209,33543.69,4538.7300000000005,260,209,30,4.076555023923445,0.14354066985645933,0.11004784688995216,14.27116610180755,True,0.13530801173037313
1835b56ce799e6a4dc4eddc053f04066,SP,417,33005.32,8622.96,551,414,99,3.6630434782608696,0.2391304347826087,0.11750599520383694,13.234922922772892,True,0.26125969995140175
5c243662ce92d84573bfaff24c3e3700,SP,98,32862.02,1775.64,100,97,10,4.144329896907217,0.10309278350515463,0.030612244897959183,10.906951884920636,True,0.05403319698545617
dbc22125167c298ef99da25668e1011f,MG,394,32829.12,7787.43,417,393,30,4.320610687022901,0.07633587786259542,0.025380710659898477,11.481770892084977,True,0.2372110492148434
9c0e69c7bf2619675bbadf47b43f655a,SP,151,32720.4,2823.42,200,150,16,4.173333333333333,0.10666666666666667,0.10596026490066225,14.620721578366444,True,0.08628928741702424
2528513dd95219a6013d4d05176e391a,SP,160,32660.2,3740.77,166,157,27,3.968152866242038,0.17197452229299362,0.05,10.650047815393519,True,0.11453604080807833
76d5af76d0271110f9af36c92573f765,SP,128,31944.6,3787.06,155,127,18,4.133858267716535,0.14173228346456693,0.09375,11.918459382233797,True,0.11855086618708639
70eea00b476a314817cefde4aad4f89a,SP,106,31424.75,2724.91,112,105,7,4.40952380952381,0.06666666666666667,0.07547169811320754,13.39840539832285,True,0.08671222523647762
0241d4d5d36f10f80c644447315af0bd,PR,238,31397.7,6853.91,246,237,25,4.352320675105485,0.10548523206751055,0.058823529411764705,11.004127859477125,True,0.2182933781773824
88460e8ebdecbfecb5f9601833981930,PR,246,31320.4,4938.19,300,245,74,3.442857142857143,0.3020408163265306,0.1951219512195122,17.799440586419752,True,0.15766688803463555
7681ef142fd2c19048da7430856b5588,SP,58,31211.81,2862.86,76,57,7,4.228070175438597,0.12280701754385964,0.13793103448275862,10.558409562579822,True,0.09172361359370058
87142160b41353c4e5fca2360caf6f92,RS,305,31095.98,7218.33,339,304,19,4.40625,0.0625,0.05573770491803279,10.92719637978142,True,0.2321306483989249
855668e0971d4dfd7bef1b6a4133b41b,SP,300,30849.22,7559.34,311,296,61,3.85472972972973,0.20608108108108109,0.14,16.26107449845679,True,0.2450415277922748
e59aa562b9f8076dd550fcddf0e73491,PR,69,30716.3,2160.07,82,69,7,4.260869565217392,0.10144927536231885,0.10144927536231885,14.033286533816424,True,0.0703232485683497
70a12e78e608ac31179aea7f8422044b,SP,312,29963.53,5523.72,323,310,61,3.8129032258064517,0.1967741935483871,0.10897435897435898,14.709280218720323,True,0.18434810584734176
53e4c6e0f4312d4d2107a8c9cddf45cd,SP,463,29587.77,9696.16,512,461,59,4.130151843817788,0.1279826464208243,0.05399568034557235,12.021332093432525,True,0.3277083741018671
d23019c84ffae2d5ef2270367b8605fc,PR,39,29205.1,2749.7400000000002,39,39,2,4.410256410256411,0.05128205128205128,0.02564102564102564,11.277978395061728,True,0.09415273359789901
1554a68530182680ad5c8b042c3ab563,MG,246,28979.64,6734.92,267,244,25,4.331967213114754,0.10245901639344263,0.06910569105691057,14.212455632716049,True,0.23240178276886808
900ba814c251a692506d7834c1218441,SP,86,28833.03,2334.43,86,84,7,4.226190476190476,0.08333333333333333,0.13953488372093023,12.483181524547804,True,0.08096374193069546
0b90b6df587eb83608a64ea8b390cf07,PR,163,28492.76,3598.18,209,162,27,4.033950617283951,0.16666666666666666,0.03680981595092025,14.456224863667348,True,0.12628401039421944
59b22a78efb79a4797979612b885db36,MG,125,27184.5,4897.57,133,124,25,3.9838709677419355,0.20161290322580644,0.128,12.668354259259258,True,0.1801603855138038
d1c281d3ae149232351cd8c8cc885f0d,SP,214,26833.61,5380.07,239,212,46,3.806603773584906,0.2169811320754717,0.08878504672897196,12.687229415455175,True,0.20049743586494698
b32be1695eb7ec5f10f72d9610a12527,RS,44,26575.0,2937.68,45,43,5,4.1395348837209305,0.11627906976744186,0.045454545454545456,12.276737163299662,True,0.11054299153339604
12b9676b00f60f3b700e83af21824c0e,RS,133,26376.0,3525.67,133,132,5,4.537878787878788,0.03787878787878788,0.015037593984962405,15.053846247563353,True,0.13366962390051562
a3a38f4affed601eb87a97788c949667,SC,251,26294.62,5184.66,260,249,20,4.401606425702811,0.08032128514056225,0.04780876494023904,12.546192775195514,True,0.19717569601690385
7e1fb0a3ebfb01ffb3a7dae98bf3238d,SP,155,26169.53,2883.09,169,153,16,4.189542483660131,0.10457516339869281,0.12903225806451613,15.558809662485066,True,0.11016972792403991
de23c3b98a88888289c6f5cc1209054a,SP,161,25933.670000000002,2646.19,178,161,17,4.291925465838509,0.10559006211180125,0.09937888198757763,10.952872455141478,True,0.1020368501642845
9f505651f4a6abe901a56cdc21508025,SP,393,25912.84,5949.75,426,390,37,4.366666666666666,0.09487179487179487,0.05089058524173028,8.07235884341721,True,0.22960624925712503
16090f2ca825584b5a147ab24aa30c86,SP,398,25579.16,5404.86,406,396,52,4.088383838383838,0.13131313131313133,0.10804020100502512,9.184934510515541,True,0.21129935463087918
b94cc9f10ddc85e4ba73a6f7974e7101,RJ,39,25346.1,1022.39,39,37,5,4.297297297297297,0.13513513513513514,0.07692307692307693,10.580454059829059,True,0.040337172188226196
a416b6a846a11724393025641d4edd5e,SP,157,24930.24,2935.56,176,157,22,4.2165605095541405,0.14012738853503184,0.12738853503184713,12.49271017633876,True,0.11775097231314258
c003204e1ab016dfa150abc119207b24,SP,195,24904.29,4714.17,200,195,9,4.466666666666667,0.046153846153846156,0.06666666666666667,9.627084223646722,True,0.1892914835154907
1c68394e931a64f90ea236c5ea590300,PR,142,24832.75,2896.41,171,142,23,3.9049295774647885,0.1619718309859155,0.035211267605633804,16.050927800599897,True,0.11663669951978738
f62d7bb4a613ec758a03342d46b580b2,MG,32,24665.0,2125.59,32,32,2,4.375,0.0625,0.125,13.872097077546297,True,0.08617839043178593
1900267e848ceeba8fa32d80c1a5f5a8,SP,406,24639.57,8039.97,523,399,75,3.8659147869674184,0.18796992481203006,0.10344827586206896,13.152182482667397,True,0.3263031781804634
001cca7ae9ae17fb1caed9dfb1094831,ES,195,24487.03,8655.87,234,192,27,4.0625,0.140625,0.06666666666666667,13.405804902659069,True,0.35348794851805226
b37c4c02bda3161a7546a4e6d222d5b2,SP,4,24075.0,412.6,15,4,3,2.25,0.75,0.25,18.67324074074074,False,0.017138110072689512
dc4a0fc896dc34b0d5bfec8438291c80,SP,225,23655.98,4492.08,242,225,46,3.8177777777777777,0.20444444444444446,0.06666666666666667,13.888684567901235,True,0.1898919427561234
2b3e4a2a3ea8e01938cabda2a3e5cc79,SP,52,23629.15,905.95,54,52,4,4.365384615384615,0.07692307692307693,0.0,8.775291800213676,True,0.03834035502758246
40db9e9aa57f7bb151bcda6b0f9bdbb7,PE,12,23168.0,655.99,12,11,7,2.3636363636363638,0.6363636363636364,0.08333333333333333,14.77563175154321,False,0.02831448549723757
612170e34b97004b3ba37eae81836b4c,RS,107,23065.02,2307.06,110,107,8,4.429906542056075,0.07476635514018691,0.018691588785046728,10.988303046036691,True,0.10002419247848039
7b0df942f46435babab05d49b744b2c4,SP,32,22600.63,672.15,32,31,2,4.387096774193548,0.06451612903225806,0.09375,11.085880353009259,True,0.029740321398120315
1a3df491d1c4f1589fc2b934ada68bf2,SC,160,22472.4,4078.23,171,160,15,4.271875,0.09375,0.05625,14.842359664351852,True,0.18147727879532224
710e3548e02bc1d2831dfc4f1b5b14d4,PR,131,22369.25,3742.66,137,130,40,3.4307692307692306,0.3076923076923077,0.04580152671755725,14.497791825699744,True,0.1673127172345966
744dac408745240a2c2528fb1b6028f3,PR,78,22322.6,1877.8,83,78,3,4.576923076923077,0.038461538461538464,0.01282051282051282,11.029073480531814,True,0.08412102532859075
7ad32824caee82087b3e2e5f33b1bf32,SP,147,22018.1,3477.7,180,144,28,3.861111111111111,0.19444444444444445,0.14285714285714285,12.115531934996222,True,0.1579473251552132
ff69aa92bb6b1bf9b8b7a51c2ed9cf8b,SP,20,21940.8,1754.4,20,20,6,3.65,0.3,0.25,11.462290509259258,False,0.07996062130824766
f45122a9ab94eb4f3f8953578bc0c560,SP,184,21764.68,3279.19,197,184,32,3.972826086956522,0.17391304347826086,0.07608695652173914,12.76063166767311,True,0.15066566565646727
897060da8b9a21f655304d50fd935913,SP,304,21740.51,6517.82,413,301,70,3.712624584717608,0.23255813953488372,0.11842105263157894,14.947158907468323,True,0.29980069464791764
06e5eefc71ec47ae763c5c6f8db7064f,RS,90,21648.670000000002,2151.65,93,88,12,3.977272727272727,0.13636363636363635,0.022222222222222223,10.933133744855967,True,0.09938947750600845
b1b3948701c5c72445495bd161b83a4c,SP,14,21519.5,404.75,14,14,10,1.9285714285714286,0.7142857142857143,0.6428571428571429,23.403023313492064,False,0.018808522502846255
8444e55c1f13cd5c179851e5ca5ebd00,MG,92,21480.96,1964.71,102,92,30,3.369565217391304,0.32608695652173914,0.06521739130434782,21.080529388083736,True,0.0914628582707663
05ff92fedb5be47920fea08e501238b9,RS,57,21235.98,1747.89,60,57,3,4.315789473684211,0.05263157894736842,0.05263157894736842,12.3373714668616,True,0.08230795093986716
8f2ce03f928b567e3d56181ae20ae952,SP,151,21213.2,3756.6,172,150,18,4.1466666666666665,0.12,0.152317880794702,14.380811871474123,True,0.17708785096072255
59fb871bf6f4522a87ba567b42dafecf,SP,123,21178.600000000002,2013.58,125,123,9,4.276422764227642,0.07317073170731707,0.06504065040650407,11.998807023486902,True,0.09507616178595374
d2374cbcbb3ca4ab1086534108cc3ab7,SP,514,20926.02,9444.21,620,509,99,3.7799607072691552,0.1944990176817289,0.058365758754863814,14.613258034298891,True,0.45131420117155574
00ee68308b45bc5e2660cd833c3f81cc,SP,135,20260.0,3180.66,172,134,15,4.298507462686567,0.11194029850746269,0.08888888888888889,9.61941718106996,True,0.15699210266535044
48162d548f5b1b11b9d29d1e01f75a61,SP,66,20109.39,2042.44,89,66,11,3.984848484848485,0.16666666666666666,0.030303030303030304,11.606531285072952,True,0.10156648212601178
729f06993dac8e860d4f02d7088ca48a,SP,94,19885.18,4913.09,113,93,10,4.21505376344086,0.10752688172043011,0.11702127659574468,11.75012854609929,True,0.24707294578173294
004c9cd9d87a3c30c522c48c4fc07416,SP,156,19569.73,3524.29,168,154,18,4.162337662337662,0.11688311688311688,0.08333333333333333,14.811330202397912,True,0.18008884128702848
bfd27a966d91cfaafdb25d076585f0da,SP,114,19225.0,2636.41,115,113,12,4.31858407079646,0.10619469026548672,0.05263157894736842,12.418292417966212,True,0.13713446033810142
dc317f341ab0e22f39acbd9dbf9b4a1f,RS,55,18988.4,3581.73,58,55,9,4.1454545454545455,0.16363636363636364,0.05454545454545454,12.409295244107744,True,0.18862726717364284
96493fab2fbb13a14d0c0e8772eef5c3,SP,63,18969.0,1212.23,64,62,9,4.064516129032258,0.14516129032258066,0.06349206349206349,13.384796259553205,True,0.06390584638093733
f457c46070d02cadd8a68551231220dd,PR,195,18798.3,3650.71,230,194,39,3.8737113402061856,0.20103092783505155,0.06153846153846154,14.550147673314338,True,0.1942042631514552
0dd184061fb0eaa7ca37932c68ab91c5,SP,161,18446.92,5319.5,193,160,22,4.03125,0.1375,0.11801242236024845,11.830896882907751,True,0.288367922666765
44073f8b7e41514de3b7815dd0237f4f,DF,142,18380.64,3138.85,151,141,29,3.74468085106383,0.20567375886524822,0.035211267605633804,13.152955301251957,True,0.1707693529713873
d650b663c3b5f6fb392b6326366efa9a,SP,57,18335.9,852.11,57,57,4,4.368421052631579,0.07017543859649122,0.07017543859649122,9.836265432098765,True,0.046472221161764624
cd68562d3f44870c08922d380acae552,SP,122,18119.7,2160.16,129,121,20,4.016528925619835,0.1652892561983471,0.18032786885245902,16.261454823163326,True,0.11921610181184014
527801b552d0077ffd170872eb49683b,SP,90,17942.8,2062.56,92,89,7,4.47191011235955,0.07865168539325842,0.1,13.124561471193415,True,0.11495195844572753
821fb029fc6e495ca4f08a35d51e53a5,SP,24,17851.62,1365.55,25,23,7,3.4782608695652173,0.30434782608695654,0.375,16.792825520833333,False,0.07649445820603397
a888faf2d1baececa6baf9c3d603ee1f,PR,53,17564.8,1107.95,54,53,8,4.09433962264151,0.1509433962264151,0.1509433962264151,18.016654437456324,True,0.06307786026598652
9de4643a8dbde634fe55621059d92273,SC,72,17560.34,1722.07,81,72,4,4.527777777777778,0.05555555555555555,0.041666666666666664,14.635875289351851,True,0.09806586888408766
c72de06d72748d1a0dfb2125be43ba63,BA,21,17522.0,1211.18,22,21,1,4.476190476190476,0.047619047619047616,0.0,9.696403218694886,False,0.06912338774112545
165fc07beebdcb6190fba8a06db2a449,PR,50,17481.4,1600.03,64,50,11,3.8,0.22,0.12,12.976118981481482,True,0.09152756644204697
94144541854e298c2d976cb893b81343,RS,68,17286.28,1429.37,76,67,8,4.253731343283582,0.11940298507462686,0.04411764705882353,12.93787326388889,True,0.08268812028961697
8b321bb669392f5163d04c59e235e066,SP,930,17262.94,13924.0,1005,926,131,4.10475161987041,0.14146868250539957,0.1043010752688172,12.67492689665472,True,0.8065833513874231
1e8b33f18b4f7598d87f5cbee2282cc2,SP,122,17233.56,2690.5099999999998,139,120,13,4.4,0.10833333333333334,0.04918032786885246,7.837611376745598,True,0.15612038371642303
0c8380b62e38e8a1e6adbeba7eb9688c,MG,180,17228.99,4071.75,218,178,24,4.073033707865169,0.1348314606741573,0.05555555555555555,12.980510288065846,True,0.23633132296205406
54a1852d1b8f10312c55e906355666ee,SP,198,17056.46,3361.57,202,197,16,4.355329949238579,0.08121827411167512,0.09595959595959595,11.496459736251403,True,0.19708485817103902
abe42c5d03695b4257b5c6cbf4e6784e,RJ,49,17000.0,947.55,49,48,8,3.9583333333333335,0.16666666666666666,0.16326530612244897,14.357426303854876,True,0.055738235294117644
76d64c4aca3a7baf218bf93ef7fa768d,PR,64,16911.8,3543.4900000000002,69,64,9,4.2265625,0.140625,0.03125,10.974288375289351,True,0.20952766707269482
c3acdfac4e3e97ff87529454fbc03642,SP,12,16788.0,269.28000000000003,12,12,1,4.25,0.08333333333333333,0.08333333333333333,11.161102430555557,False,0.016040028591851323
8ae520247981aa06bc94abddf5f46d34,SC,65,16320.99,1445.35,65,65,6,4.446153846153846,0.09230769230769231,0.015384615384615385,10.97949643874644,True,0.08855774067627024
41b39e28db005d9731d9d485a83b4c38,SP,187,16306.75,3757.77,223,187,23,4.179144385026738,0.12299465240641712,0.06417112299465241,12.370251534957418,True,0.2304426081224033
4a3ccda38b2129705f3fb522db62ca31,SP,64,16169.09,1339.72,73,64,13,3.9296875,0.203125,0.09375,13.319973054108797,True,0.08285685836370507
ef0ace09169ac090589d85746e3e036f,RJ,128,16105.400000000001,2299.38,139,128,10,4.3984375,0.078125,0.0859375,12.821328848379629,True,0.14277074769952935
1f1bb1f0859883505541bdd6606193e5,SP,27,16040.84,522.03,29,27,2,4.333333333333333,0.07407407407407407,0.1111111111111111,13.97880958504801,False,0.032543806932804016
7aa4334be125fcdd2ba64b3180029f14,SP,214,16012.949999999999,4317.57,237,213,30,4.131455399061033,0.14084507042253522,0.13551401869158877,15.997231092073381,True,0.26962989330510617
fa40cc5b934574b62717c68f3d678b6d,SP,304,15900.48,4482.53,337,303,22,4.481848184818482,0.07260726072607261,0.0625,11.312839836135478,True,0.28191161524683533
86ccac0b835037332a596a33b6949ee1,SC,178,15894.34,3905.61,208,177,21,4.228813559322034,0.11864406779661017,0.033707865168539325,12.06077624323762,True,0.24572332037693922
4b9750c8ad28220fe6702d4ecb7c898f,SP,217,15815.4,3358.45,221,217,15,4.364055299539171,0.06912442396313365,0.07834101382488479,9.455059790493259,True,0.21235314946191686
d921b68bf747894be13a97ae52b0f386,MG,77,15645.8,1758.01,77,77,4,4.558441558441558,0.05194805194805195,0.012987012987012988,9.97529761904762,True,0.11236306229147759
6061155addc1e54b4cfb51c1c2a32ad8,SP,28,15633.4,879.91,33,28,1,4.642857142857143,0.03571428571428571,0.03571428571428571,5.969917741402116,False,0.056283981731421184
0adac9fbd9a2b63cccaac4f8756c1ca8,SP,106,15557.6,2397.9,134,106,13,4.09433962264151,0.12264150943396226,0.0660377358490566,13.070889565863032,True,0.15413045713991877
2a5b78b41cd05baeac8df54c6606b92c,MG,46,15554.279999999999,1021.19,56,46,2,4.543478260869565,0.043478260869565216,0.021739130434782608,9.040109450483092,True,0.0656533121430243
c33847515fa6305ce6feb1e818569f13,SC,114,15519.85,4374.41,128,114,24,3.8508771929824563,0.21052631578947367,0.043859649122807015,9.288727461013647,True,0.2818590385860688
229c3efbfb0ea2058de4ccdfbc3d784a,MG,118,15479.0,2300.71,145,117,30,3.623931623931624,0.2564102564102564,0.01694915254237288,10.759132140615192,True,0.14863427870017443
e5a38146df062edaf55c38afa99e42dc,SP,120,15270.89,1885.54,124,119,20,3.9831932773109244,0.16806722689075632,0.09166666666666666,12.190817033179012,True,0.12347282967790352
c847e075301870dd144a116762eaff9a,MG,41,15248.800000000001,1092.68,42,40,6,4.2,0.15,0.0975609756097561,16.930350327461607,True,0.0716567861077593
85d9eb9ddc5d00ca9336a2219c97bb13,MG,499,15107.24,8432.67,512,496,46,4.223790322580645,0.09274193548387097,0.036072144288577156,14.642770981778371,True,0.5581873326961113
213b25e6f54661939f11710a6fddb871,SP,152,15105.95,3381.01,190,151,31,3.814569536423841,0.2052980132450331,0.08552631578947369,15.236320586622806,True,0.22381975314362884
f9244d45189d3a3605499abddeade7d5,SP,20,15081.439999999999,820.72,20,20,1,4.35,0.05,0.0,15.176920717592594,False,0.05441920665400652
e2a1ac9bf33e5549a2a4f834e70df2f8,SP,5,14999.449999999999,201.11,5,5,0,4.8,0.0,0.0,12.335252314814815,False,0.013407824953581633
2a84855fd20af891be03bc5924d2b453,MG,155,14989.0,3276.7200000000003,159,154,12,4.376623376623376,0.07792207792207792,0.03225806451612903,8.584483497610513,True,0.21860831276269266
01fdefa7697d26ad920e9e0346d4bd1b,PR,128,14802.53,2730.2599999999998,130,127,7,4.377952755905512,0.05511811023622047,0.0625,10.729679723668982,True,0.18444549681709813
79ebd9a61bac3eaf882805ed4ecfa12a,PR,133,14783.09,3947.43,140,133,18,4.052631578947368,0.13533834586466165,0.06015037593984962,15.383875661375662,True,0.2670233354461077
080199a181c46c657dc5aa235411be3b,SP,79,14504.2,1040.68,83,78,1,4.615384615384615,0.01282051282051282,0.02531645569620253,8.087146917487107,True,0.07175025165124585
4c2b230173bb36f9b240f2b8ac11786e,SP,258,14474.57,4354.14,343,254,46,3.9763779527559056,0.18110236220472442,0.10077519379844961,12.872886116494401,True,0.3008130811485247
a5cba26a62b8b4d0145b68b841e62e7f,PR,53,14438.84,1346.93,54,53,2,4.566037735849057,0.03773584905660377,0.018867924528301886,13.183294898672257,True,0.09328519465552634
1b4c3a6f53068f0b6944d2d005c9fc89,SC,111,14420.5,2976.4900000000002,115,110,11,4.254545454545455,0.1,0.06306306306306306,14.552420754087422,True,0.20640685135744255
5cf13accae3222c70a9cac40818ae839,MG,148,14293.300000000001,3002.88,155,147,11,4.476190476190476,0.07482993197278912,0.033783783783783786,10.701136918168169,True,0.21009004218759839
66922902710d126a0e7d26b0e3805106,MG,150,14267.3,3197.63,155,149,8,4.496644295302014,0.053691275167785234,0.07333333333333333,11.31926913580247,True,0.22412299453996204
8e6d7754bc7e0f22c96d255ebda59eba,SP,84,14107.380000000001,1685.97,129,84,22,3.6011904761904763,0.2619047619047619,0.16666666666666666,15.293111083553791,True,0.11950978849368202
aba1721a889e04decc910aa13b768ef4,SP,83,14103.3,1249.17,92,83,8,4.445783132530121,0.0963855421686747,0.10843373493975904,9.325860107095048,True,0.08857288719661356
f08a5b9dd6767129688d001acafc21e5,RS,11,14069.630000000001,496.11,18,11,1,4.2727272727272725,0.09090909090909091,0.18181818181818182,18.870517676767676,False,0.03526105519477058
c6bda72e4dbf5c5866b13cb1810c6d03,SP,59,14059.380000000001,1136.74,59,59,5,4.398305084745763,0.0847457627118644,0.03389830508474576,10.208053005335843,True,0.08085278298189535
2e90cb1677d35cfe24eef47d441b7c87,SP,127,13894.710000000001,2887.4500000000003,137,127,18,4.118110236220472,0.14173228346456693,0.13385826771653545,12.454366980169146,True,0.20780930296494135
3b15288545f8928d3e65a8f949a28291,SP,101,13764.82,2400.06,118,100,12,4.08,0.12,0.06930693069306931,14.45947733314998,True,0.17436188776896466
b8bc237ba3788b23da09c0f1f3a3288c,SC,45,13685.710000000001,1935.45,47,44,3,4.318181818181818,0.06818181818181818,0.022222222222222223,11.744737139917694,True,0.1414212342655222
d94a40fd42351c259927028d163af842,MG,100,13674.8,3347.57,109,98,10,4.214285714285714,0.10204081632653061,0.04,13.938378356481483,True,0.24479846140345748
a6bd7d1ccdac48c6b33b28596b7eb122,PB,15,13669.11,637.8,15,14,5,3.5,0.35714285714285715,0.13333333333333333,15.621216049382717,False,0.046659950794162894
610f72e407cdd7caaa2f8167b0163fd8,SP,16,13585.16,844.29,17,16,5,3.625,0.3125,0.125,12.704721498842593,False,0.062147961452055034
ce248b21cb2adc36282ede306b7660e5,SC,64,13560.19,1895.01,65,64,8,4.234375,0.125,0.109375,15.71954517505787,True,0.13974804187846926
6039e27294dc75811c0d8a39069f52c0,SP,63,13500.800000000001,2334.7200000000003,74,63,12,3.7301587301587302,0.19047619047619047,0.2222222222222222,17.993614969135802,True,0.17293197440151695
6d66611d7c44cc30ce351abc49a68421,SP,164,13428.6,3216.66,174,162,25,3.9691358024691357,0.15432098765432098,0.06097560975609756,12.028336862014454,True,0.23953800098297662
34d1ca11b242c0fee2c834ae8d788566,MG,40,13422.24,982.04,41,39,2,4.333333333333333,0.05128205128205128,0.0,13.179686631944444,True,0.07316513488061605
289cdb325fb7e7f891c38608bf9e0962,SP,109,13410.55,2075.52,125,109,6,4.587155963302752,0.05504587155963303,0.01834862385321101,6.728997196738023,True,0.1547677015484078
a3e9a2c700480d9bb01fba070ba80a0e,SP,129,13371.8,2869.03,143,127,21,4.003937007874016,0.16535433070866143,0.10077519379844961,13.217738120872811,True,0.2145582494503358
a673821011d0cec28146ea42f5ab767f,SP,125,13366.0,2562.04,141,121,19,4.037190082644628,0.15702479338842976,0.112,12.962176388888889,True,0.1916833757294628
240b9776d844d37535668549a396af32,RJ,35,13332.09,839.5600000000001,35,35,3,4.3428571428571425,0.08571428571428572,0.05714285714285714,11.357760582010583,True,0.06297287222033456
1f9ab4708f3056ede07124aad39a2554,SP,76,13312.93,2379.7200000000003,77,75,6,4.093333333333334,0.08,0.05263157894736842,14.516997593810917,True,0.17875253606831856
8cc6a0e5738e61a87b03c78b2ba9db4b,MG,23,13272.7,503.90000000000003,24,23,1,4.478260869565218,0.043478260869565216,0.08695652173913043,16.772033514492755,False,0.03796514650372569
d05ae8f7a5bd1d2a690a44cd079e4e27,RJ,77,13244.0,1141.65,80,76,16,3.8947368421052633,0.21052631578947367,0.09090909090909091,11.333823352573352,True,0.08620129870129871
0b35c634521043bf4b47e21547b99ab5,PR,50,13235.65,1455.14,77,49,17,3.4081632653061225,0.3469387755102041,0.16,19.267996064814817,True,0.10994095492098992
669ae81880e08f269a64487cfb287169,SC,161,13133.87,3351.33,185,160,19,4.2625,0.11875,0.043478260869565216,12.194995542903152,True,0.2551669842932814
05f51e13da97139648b8125c31e5f51b,MG,57,13100.31,1888.65,60,57,8,4.228070175438597,0.14035087719298245,0.15789473684210525,12.507035209551658,True,0.14416834410788754
440dd6ab244315c632130ecfb63827b1,SP,91,13089.0,2046.68,92,91,14,3.89010989010989,0.15384615384615385,0.13186813186813187,16.616442434879936,True,0.15636641454656583
d50d79cb34e38265a8649c383dcffd48,SP,70,13012.42,1932.26,70,69,6,4.246376811594203,0.08695652173913043,0.07142857142857142,13.15979861111111,True,0.148493516194528
c31eff8334d6b3047ed34bebd4d62c36,SP,120,12991.61,2359.24,121,119,21,3.8739495798319328,0.17647058823529413,0.14166666666666666,12.668956886574074,True,0.18159720003910212
431af27f296bc6519d890aa5a05fdb11,SP,116,12974.6,2128.45,124,115,27,3.8,0.23478260869565218,0.15517241379310345,17.234933449074074,True,0.16404744654941192
6edacfd9f9074789dad6d62ba7950b9c,SP,205,12966.4,2905.88,216,205,17,4.390243902439025,0.08292682926829269,0.05853658536585366,9.093437387082204,True,0.2241084649555775
9e6229250fedbe05838fef417b74e7fb,SP,73,12962.300000000001,1834.96,77,73,11,3.8904109589041096,0.1506849315068493,0.0410958904109589,11.829552733384068,True,0.14156129699204614
039e6ad9dae79614493083e241147386,SP,5,12925.0,348.42,5,5,1,4.0,0.2,0.2,14.593856481481481,False,0.026957059961315283
e24fc9fcd865784fb25705606fe3dfe7,SP,51,12768.0,1012.71,55,51,6,4.1568627450980395,0.11764705882352941,0.0784313725490196,12.578922476397967,True,0.07931625939849625
ed4acab38528488b65a9a9c603ff024a,SP,32,12759.45,610.31,40,32,7,3.71875,0.21875,0.03225806451612903,9.886824223416966,True,0.04783199902817127
00fc707aaaad2d31347cf883cd2dfe10,PR,103,12684.9,2285.09,135,102,16,4.063725490196078,0.1568627450980392,0.04854368932038835,15.109577714850774,True,0.18014253167151498
530ec6109d11eaaf87999465c6afee01,PR,94,12682.11,2597.05,101,94,8,4.340425531914893,0.0851063829787234,0.010638297872340425,10.852067203506698,True,0.20478059250392877
75d34ebb1bd0bd7dde40dd507b8169c3,BA,57,12656.33,1313.44,67,57,11,3.9298245614035086,0.19298245614035087,0.15789473684210525,16.047814733593242,True,0.10377731933348767
99eaacc9e6046db1c82b163c5f84869f,SP,63,12642.28,1081.66,67,63,11,4.0,0.1746031746031746,0.1111111111111111,14.98057319223986,True,0.08555893398975502
b372ee768ed69e46ca8cdbd267aa7a38,SP,63,12630.0,1183.84,69,63,6,4.436507936507937,0.09523809523809523,0.0,12.494652410346854,True,0.09373238321456848
cfb1a033743668a192316f3c6d1d2671,SP,143,12609.54,3361.16,179,142,23,4.038732394366197,0.1619718309859155,0.11888111888111888,12.206511104636105,True,0.2665569084994377
1ca7077d890b907f89be8c954a02686a,SP,108,12474.64,1522.01,127,107,64,2.392523364485981,0.5981308411214953,0.2222222222222222,15.536053990912208,True,0.12200833050092028
ad97a199236354e53fcd91a5a913e9a2,SC,16,12446.85,837.17,17,16,1,4.5,0.0625,0.125,15.631237702546295,False,0.06725958776718607
ac3508719a1d8f5b7614b798f70af136,RS,101,12446.140000000001,2964.52,101,100,3,4.64,0.03,0.0297029702970297,9.45691453520352,True,0.23818790404093154
2b1a40c1daabc6ca280c4b815c101841,MG,22,12342.6,1833.14,33,22,4,3.8181818181818183,0.18181818181818182,0.045454545454545456,13.425314078282828,False,0.14852138123247938
d6b1ce66b035a475f00c017792ff9769,SP,92,12277.4,2038.48,108,90,7,4.277777777777778,0.07777777777777778,0.06521739130434782,10.21028507447665,True,0.16603515402283872
fbc14c0cf93505ef89f64665ffa4a7b5,SP,18,12227.82,531.11,18,17,2,4.176470588235294,0.11764705882352941,0.05555555555555555,12.070780606995886,False,0.04343456151628009
6e386f64c84e482f0b9abf960797ee1b,SP,29,12209.3,611.51,29,28,1,4.607142857142857,0.03571428571428571,0.10344827586206896,10.478848978288635,False,0.05008559049249343
056b4ada5bbc2c50cc7842547dda6b51,RJ,64,12203.400000000001,1282.39,65,63,8,4.2063492063492065,0.12698412698412698,0.109375,12.779225983796296,True,0.10508464854057066
c66dccfb3f109511246da627dd5a2498,SP,44,12182.55,944.74,44,44,3,4.568181818181818,0.06818181818181818,0.045454545454545456,11.345025252525254,True,0.0775486248773861
2e1c9f22be269ef4643f826c9e650a52,SP,161,12170.24,2321.28,167,160,18,4.24375,0.1125,0.06832298136645963,9.822513011847251,True,0.19073411863693734
c8b0e2b0a7095e5d8219575d5e7e1181,SP,84,12170.210000000001,1487.1299999999999,85,83,12,4.0843373493975905,0.14457831325301204,0.07142857142857142,10.15878403328924,True,0.1221942760231746
66e0557ecc2b4dbea057e93f215f68d8,SP,30,12141.0,487.42,30,30,4,4.033333333333333,0.13333333333333333,0.26666666666666666,31.725889660493827,True,0.04014661065810065
87b740daf17b5d1be335a64164ec6842,SP,11,12099.89,1254.94,11,11,2,3.727272727272727,0.18181818181818182,0.09090909090909091,18.169685395622896,False,0.1037149924503446
2138ccb85b11a4ec1e37afbd1c8eda1f,SP,388,12089.22,5902.67,419,387,64,3.956072351421189,0.165374677002584,0.05412371134020619,11.346546511072928,True,0.48825896128947943
7202e2ba20579a9bd1acb29e61fe71f6,SP,51,12085.699999999999,1131.51,53,50,8,3.98,0.16,0.058823529411764705,13.344604438997822,True,0.09362386953176069
70c27847eca8195c983ed7e798c56743,RJ,77,12077.52,1451.66,98,77,14,4.233766233766234,0.18181818181818182,0.09090909090909091,11.206502675565176,True,0.12019520563824361
ff063b022a9a0aab91bad2c9088760b7,SP,94,12076.5,1984.77,96,93,8,4.311827956989247,0.08602150537634409,0.031914893617021274,9.388406348502759,True,0.16434977021488015
a7f13822ceb966b076af67121f87b063,SP,73,12017.69,2962.74,84,72,20,3.4027777777777777,0.2777777777777778,0.0684931506849315,22.7069525304414,True,0.2465315713751977
8b8cfc8305aa441e4239358c9f6f2485,PR,15,11892.0,1218.7,15,15,2,4.2,0.13333333333333333,0.13333333333333333,12.536666666666667,False,0.10248065926673394
701938c450705b8ae65fc923b70f35c7,SP,74,11879.289999999999,3771.6,111,73,9,4.0,0.1232876712328767,0.06756756756756757,12.979548298298297,True,0.31749372226791334
7901646fdd36a55f564ffaf2dbccaaf7,RJ,22,11857.08,621.75,27,22,2,4.5,0.09090909090909091,0.13636363636363635,9.824321864478115,False,0.05243702496736127
09f952a5f58d2285b0372551ae8f9b01,SP,50,11821.5,1524.96,56,50,9,3.84,0.18,0.06,13.292202777777778,True,0.12899885801294253
48436dade18ac8b2bce089ec2a041202,SP,134,11821.11,2840.9,147,134,17,4.104477611940299,0.12686567164179105,0.07462686567164178,14.353559373272526,True,0.240324301186606
adbc26658d6c7b4b6219f9d934598091,PR,88,11806.4,1885.85,92,88,14,4.125,0.1590909090909091,0.1590909090909091,17.258289141414142,True,0.15973116275918145
72c5da29406b4234927b81855e7b64f6,SP,31,11798.69,853.78,31,31,4,4.129032258064516,0.12903225806451613,0.03225806451612903,10.797208781362007,True,0.07236227072666541
128639473a139ac0f3e5f5ade55873a5,PR,527,11795.849999999999,9679.69,554,521,55,4.213051823416507,0.10556621880998081,0.06261859582542695,14.34180035051655,True,0.8206013131737011
ce7d1888639e6fb06b2749cbfdac1ff7,MG,78,11793.89,3082.65,84,78,13,4.166666666666667,0.16666666666666666,0.08974358974358974,14.550741185897436,True,0.2613768654786504
e8b3a3a38279a82f0e5d006d5e5b7d2c,PR,80,11762.4,1645.81,85,80,13,4.0125,0.1625,0.05,17.3070546875,True,0.13992127456981568
bba3293d6f5d5af2f415e004e8b93ae3,SP,17,11702.1,326.69,17,17,2,4.294117647058823,0.11764705882352941,0.058823529411764705,12.072742374727667,False,0.027917211440681586
e26901d5ab434ce92fd9b5c256820a4e,SP,197,11601.5,2880.13,215,197,20,4.2030456852791875,0.10152284263959391,0.025380710659898477,9.289251269035534,True,0.24825496703012542
25e6ffe976bd75618accfe16cefcbd0d,SP,106,11552.62,1687.18,115,106,8,4.443396226415095,0.07547169811320754,0.05660377358490566,10.152859997379455,True,0.14604306209327408
c4d51195486dc781531876a7d00453d8,SP,17,11468.98,569.37,17,17,2,3.9411764705882355,0.11764705882352941,0.29411764705882354,23.733787445533768,False,0.049644345007141
d1b65fc7debc3361ea86b5f14c68d2e2,SP,39,11413.17,1410.15,40,39,1,4.641025641025641,0.02564102564102564,0.05128205128205128,9.19198806980057,True,0.12355463030866973
b4f8921fcc4ff77b66bea6dda43dcd51,RS,18,11395.05,1468.3600000000001,20,18,2,4.555555555555555,0.1111111111111111,0.05555555555555555,7.78515367798354,False,0.12885946090627073
0be8ff43f22e456b4e0371b2245e4d01,SP,156,11336.0,2508.49,175,156,27,4.032051282051282,0.17307692307692307,0.0641025641025641,10.396858455009497,True,0.22128528581510232
c60b801f2d52c7f7f91de00870882a75,SP,39,11296.5,698.44,39,39,11,3.4358974358974357,0.28205128205128205,0.20512820512820512,16.103873160018995,True,0.06182799982295402
5d378b73ab7dd6f0418d743e5dcb0bd1,SP,6,11254.0,358.7,6,6,1,3.8333333333333335,0.16666666666666666,0.16666666666666666,30.48887152777778,False,0.03187311178247734
1d8dbc4f32378d715c717c1c1fc57bae,PR,91,11205.99,2085.15,97,89,13,4.056179775280899,0.14606741573033707,0.0989010989010989,15.573892704517705,True,0.18607459046456407
6cd68b3ed6d59aaa9fece558ad360c0a,MG,149,11188.57,2529.89,157,149,5,4.456375838926174,0.03355704697986577,0.020134228187919462,10.53334156723838,True,0.22611379291544853
cab85505710c7cb9b720bceb52b01cee,SP,201,11124.6,2827.39,204,200,13,4.3325,0.065,0.024875621890547265,10.137057593974571,True,0.25415655394351255
80e6699fe29150b372a0c8a1ebf7dcc8,PR,96,11119.66,2667.15,98,95,8,4.336842105263158,0.08421052631578947,0.041666666666666664,11.559742115162038,True,0.23985895252192962
ccb83a794700270fde70898fe9ff368b,SC,12,11062.0,1723.73,12,12,1,4.333333333333333,0.08333333333333333,0.16666666666666666,16.59214988425926,False,0.1558244440426686
5a8e7d5003a1f221f9e1d6e411de7c23,SP,137,11042.1,2666.7,179,137,17,4.1678832116788325,0.12408759124087591,0.058394160583941604,10.214196573398215,True,0.24150297497758577
8d956fec2e4337affcb520f56fd8cbfd,SP,210,10988.2,3313.85,227,210,20,4.214285714285714,0.09523809523809523,0.10476190476190476,9.265147211199295,True,0.30158260679638155
95e03ca3d4146e4011985981aeb959b9,RJ,172,10865.16,3189.3,190,170,23,4.0323529411764705,0.13529411764705881,0.03488372093023256,12.531179613479758,True,0.2935345636879715
7ea5bfa6c340f58f8e71fc1f0412b0d6,MG,96,10838.41,1631.85,102,95,9,4.189473684210526,0.09473684210526316,0.07291666666666667,13.051441695601852,True,0.15056175213892073
813348c996469b40f2e028d5429d3495,SP,172,10813.53,3457.7000000000003,195,169,25,4.06508875739645,0.14792899408284024,0.05232558139534884,10.168005692829457,True,0.31975682316505344
82e0a475a88cc9595229d8029273f045,SP,41,10748.02,1468.3799999999999,79,41,12,3.6341463414634148,0.2926829268292683,0.0975609756097561,16.00178071364047,True,0.1366186516214149
23d7c96d4a1160db1c726b248601b25a,SP,50,10658.24,1288.93,52,48,8,3.9270833333333335,0.16666666666666666,0.12,13.130946064814816,True,0.12093272435223827
c9c7905cffc4ef9ff9f113554423e671,SP,127,10657.18,2109.53,139,127,14,4.141732283464567,0.11023622047244094,0.10236220472440945,11.093948035141441,True,0.19794448437579173
dd2bdf855a9172734fbc3744021ae9b9,MG,105,10607.0,1992.01,110,101,18,3.871287128712871,0.1782178217821782,0.05714285714285714,15.350510802469136,True,0.18780145187140568
0ea22c1cfbdc755f86b9b54b39c16043,MG,234,10592.1,4231.98,265,231,14,4.406926406926407,0.06060606060606061,0.017094017094017096,11.029134318613485,True,0.39954116747387197
c864036feaab8c1659f65ea4faebe1da,PR,58,10454.2,1845.57,58,58,3,4.568965517241379,0.05172413793103448,0.034482758620689655,12.280721982758621,True,0.17653861605861756
6973a06f484aacf400ece213dbf3d946,SP,89,10418.72,1287.87,108,88,19,3.75,0.2159090909090909,0.16853932584269662,14.897277361631293,True,0.12361115376936897
54965bbe3e4f07ae045b90b0b8541f52,PR,73,10351.7,2076.2599999999998,81,69,28,3.1449275362318843,0.4057971014492754,0.3013698630136986,26.16556062912227,True,0.2005718867432402
ea566164622c6b439516ab18062c42cd,SP,50,10309.42,858.56,52,50,12,3.78,0.24,0.22,14.027645138888888,True,0.08327917574412527
33a6f4b1e7cdc205511e76ba1b6e0186,SP,105,10295.01,1888.9,126,105,9,4.40952380952381,0.08571428571428572,0.01904761904761905,8.50247299382716,True,0.1834772380017115
f262cbc1c910c83959f849465454ddd3,SP,189,10199.86,2455.04,204,188,26,4.180851063829787,0.13829787234042554,0.09523809523809523,9.112147143836959,True,0.24069349971470194
1c5e4e49b9079480255b49d50aac1aa9,SP,12,10173.11,889.61,12,12,1,4.333333333333333,0.08333333333333333,0.0,8.798226273148147,False,0.08744720149492141
b499c00f28f4b7069ff6550af8c1348a,SP,147,10162.18,2503.6,182,147,15,4.2312925170068025,0.10204081632653061,0.1292517006802721,11.269584986772488,True,0.24636446116876495
c510bc1718f0f2961eaa42a23330681a,SP,12,10141.0,710.45,12,12,2,4.25,0.16666666666666666,0.0,6.957580054012346,False,0.07005719357065379
9d5a9018aee56acb367ba9c3f05d1d6a,GO,66,10119.98,1671.41,78,66,7,4.454545454545454,0.10606060606060606,0.015151515151515152,15.023560430695847,True,0.16515941731110143
7b1222c3624aa89b9558b50a2594188c,SP,22,10103.52,457.57,22,22,2,4.454545454545454,0.09090909090909091,0.13636363636363635,17.665475063131314,False,0.045288176793830265
5882820ef11c4c068eea0677a7a879b4,RS,14,9925.5,739.31,14,13,0,4.153846153846154,0.0,0.07142857142857142,14.96869460978836,False,0.07448592010478061
0df3984f9dfb3d49ac6366acbd3bbb85,MG,86,9891.49,1483.05,88,86,8,4.383720930232558,0.09302325581395349,0.011627906976744186,9.545799956933678,True,0.14993191116808488
9d4db00d65d7760644ac0c14edb5fd86,SP,97,9845.710000000001,1509.59,99,96,4,4.541666666666667,0.041666666666666664,0.041237113402061855,8.056416213249332,True,0.15332464596255627
06532f10282704ef4c69168b914b77be,PR,7,9827.95,632.8,8,7,0,4.714285714285714,0.0,0.0,16.61554728835979,False,0.06438779196068355
5343d0649eca2a983820bfe93fc4d17e,SP,70,9819.02,2375.07,110,69,16,3.869565217391304,0.2318840579710145,0.1,11.265936342592592,True,0.24188462799749874
f3b80352b986ab4d1057a4b724be19d0,DF,86,9815.1,2126.26,91,86,10,4.209302325581396,0.11627906976744186,0.0,10.455703461455641,True,0.21663151674460782
5058e8c1e82653974541e83690655b4a,SP,62,9812.83,3008.63,77,61,19,3.2459016393442623,0.3114754098360656,0.12903225806451613,26.679335050776583,True,0.3066016633325962
bd23da7354813347129d751591d1a6e2,SP,86,9704.6,1384.56,87,85,13,4.117647058823529,0.15294117647058825,0.046511627906976744,9.874542420327304,True,0.1426704861612019
17ca9b9e9b9ef8fdb529001b49ebb50f,MG,115,9649.86,2348.96,128,115,16,4.069565217391304,0.1391304347826087,0.02608695652173913,8.242504428341384,True,0.24341907550990377
e96498ed8daaa3e9c23f7a62da76591c,SP,34,9619.09,713.1,34,34,7,3.9411764705882355,0.20588235294117646,0.14705882352941177,15.198311887254901,True,0.07413383178658273
e7df4cd29ab5abab70fb0783ddb53987,SP,23,9608.699999999999,413.37,24,23,2,4.304347826086956,0.08695652173913043,0.17391304347826086,10.157143719806763,False,0.0430203877735802
cf8ab1616079e2793aa29d524df01bb1,SP,6,9594.0,437.56,6,6,4,2.5,0.6666666666666666,0.16666666666666666,26.40703896604938,False,0.04560767146133
b2ac621f0d0322434d04a12b078b9369,PR,30,9575.5,781.39,30,30,2,4.4,0.06666666666666667,0.1,14.670295524691358,True,0.08160304944911492
ef506c96320abeedfb894c34db06f478,SP,316,9556.5,5092.3,332,314,51,3.961783439490446,0.1624203821656051,0.08544303797468354,13.462722178270042,True,0.5328624496416052
1c129092bf23f28a5930387c980c0dfc,SP,200,9528.619999999999,3021.57,219,199,23,4.251256281407035,0.11557788944723618,0.055,11.750663194444444,True,0.31710468042591694
4830e40640734fc1c52cd21127c341d4,SP,204,9490.5,3011.92,212,204,21,4.2254901960784315,0.10294117647058823,0.06862745098039216,9.976384633714597,True,0.3173615720984142
3db66a856d18a9cba7c9241fc5221c50,MG,94,9478.300000000001,2044.36,97,94,10,4.191489361702128,0.10638297872340426,0.11702127659574468,16.00484670508274,True,0.21568846734118985
ce27a3cc3c8cc1ea79d11e561e9bebb6,SP,122,9465.45,2154.67,151,117,13,4.188034188034188,0.1111111111111111,0.02459016393442623,10.19712668867638,True,0.22763524185326633
01cf7e3d21494c41fb86034f2e714fa1,PR,59,9439.56,1964.45,65,58,7,4.120689655172414,0.1206896551724138,0.05084745762711865,11.786124646892656,True,0.20810821690841524
a00824eb9093d40e589b940ec45c4eb0,SP,3,9399.97,379.49,3,3,0,4.666666666666667,0.0,0.0,8.007125771604938,False,0.040371405440655664
3c487ae8f8d7542beff5788e2e0aea83,DF,30,9385.699999999999,719.65,33,30,3,4.2,0.1,0.03333333333333333,13.742282793209878,True,0.07667515475670436
31344c16881c08a8a72c6d2eb29918c1,MG,42,9365.8,2208.55,42,42,4,4.428571428571429,0.09523809523809523,0.047619047619047616,15.696046075837742,True,0.23581007495355447
05feb94f19d094d4b0f9281f0b1d4c99,SP,6,9353.0,697.04,6,6,0,4.5,0.0,0.0,15.371317515432098,False,0.07452582059232331
aaed1309374718fdd995ee4c58c9dfcd,SC,104,9345.45,2314.2799999999997,111,104,14,4.0576923076923075,0.1346153846153846,0.028846153846153848,12.235572471509972,True,0.24763708542659793
270297ead4c65a6cd2593960d2af6b21,SP,17,9344.4,537.36,19,17,5,3.823529411764706,0.29411764705882354,0.0,14.341523011982572,False,0.05750609991010659
81a1104df0f08b59c68aa5b03cfe398e,PR,72,9320.98,1794.45,72,70,5,4.314285714285714,0.07142857142857142,0.05555555555555555,12.830092431841564,True,0.19251731041156617
7b07b3c7487f0ea825fc6df75abd658b,SP,91,9259.47,1292.69,96,91,9,4.417582417582418,0.0989010989010989,0.04395604395604396,9.585440705128205,True,0.13960734253688387
ca3bd7cd9f149df75950150d010fe4a2,SP,68,9253.47,3318.89,135,68,10,4.088235294117647,0.14705882352941177,0.04411764705882353,13.584718137254903,True,0.35866437131151885
aafe36600ce604f205b86b5084d3d767,SC,129,9251.4,2421.8,131,129,12,4.403100775193798,0.09302325581395349,0.046511627906976744,12.49871348334769,True,0.26177659597466335
d71d863e5ef30d94e440c11be17dcd8f,SP,23,9246.9,673.19,30,21,8,3.3333333333333335,0.38095238095238093,0.13043478260869565,19.15844555152979,False,0.07280169570342494
7040e82f899a04d1b434b795a43b4617,SP,208,9213.7,3123.26,223,206,53,3.650485436893204,0.25728155339805825,0.09615384615384616,10.512130074786324,True,0.3389799971781152
cb8bcce248bb1fb274ba762d8b971456,MG,66,9152.4,1200.09,67,66,3,4.333333333333333,0.045454545454545456,0.015151515151515152,12.631106551627385,True,0.13112298413530876
dd7ddc04e1b6c2c614352b383efe2d36,SP,121,9148.61,2876.57,142,120,22,3.875,0.18333333333333332,0.15702479338842976,15.020833237679827,True,0.314427000385851
6c12e40690c335dbc2f68a4134d30dc1,PR,16,9139.2,485.06,18,14,2,4.071428571428571,0.14285714285714285,0.0,13.344157262731482,False,0.05307466736694678
0db783cfcd3b73998abc6e10e59a102f,SP,132,9077.4,1999.15,137,131,17,4.206106870229007,0.1297709923664122,0.03787878787878788,11.615984322390574,True,0.2202337673783242
06df0c10d34e459d9672bc77388742eb,PR,26,9070.0,525.77,30,26,2,4.346153846153846,0.07692307692307693,0.11538461538461539,10.081905715811965,False,0.057968026460859974
048c2757535328e0d7dac690ad3c0aae,SP,50,9065.08,1247.33,50,49,7,4.244897959183674,0.14285714285714285,0.14,18.514625925925927,True,0.1375972412819302
5b8154610ebb21fb90eb587365e673df,SP,37,9048.050000000001,1048.67,40,37,5,4.162162162162162,0.13513513513513514,0.10810810810810811,13.051636636636637,True,0.11590011107365675
624f4ece8da4aafb77699233d480f8ef,SP,52,9046.0,1705.55,54,52,6,4.25,0.11538461538461539,0.07692307692307693,13.627191283831909,True,0.1885418969710369
4e7c18b98d84e05cbae3ff0ff03846c2,SP,81,9038.9,2823.46,88,80,14,4.2125,0.175,0.04938271604938271,12.090135888203019,True,0.31236765535629335
8b28d096634035667e8263d57ba3368c,SP,139,9025.3,2507.74,151,137,20,4.014598540145985,0.145985401459854,0.11510791366906475,14.073363226085798,True,0.27785669174431876
403aa86912527d730337ffcb0fb096ab,MG,11,8959.89,204.62,11,10,1,4.0,0.1,0.0,10.995046296296296,False,0.022837333940483647
066a6914e1ebf3ea95a216c73a986b91,PR,66,8956.380000000001,1655.18,72,66,8,4.090909090909091,0.12121212121212122,0.030303030303030304,13.309240495230078,True,0.18480457506269274
f27e33c6d29b5138fa9967bcd445b6d5,SP,93,8888.3,1593.95,98,93,15,4.096774193548387,0.16129032258064516,0.10752688172043011,12.069667587614497,True,0.17933125569568986
32b8764b4ef628b53608fc34011fcc13,SC,36,8884.0,2970.42,38,36,2,4.194444444444445,0.05555555555555555,0.08333333333333333,11.231865033436215,True,0.33435614588023416
5f2684dab12e59f83bef73ae57724e45,SP,67,8870.97,1109.75,73,67,16,3.791044776119403,0.23880597014925373,0.05970149253731343,10.647301340519624,True,0.12509905906569407
d03698c2efd04a549382afa6623e27fb,BA,18,8865.47,779.15,21,18,1,4.5,0.05555555555555555,0.05555555555555555,14.709746013374485,False,0.08788592144578912
f80edd2c5aaa505cc4b0a3b219abf4b8,SP,116,8855.5,2935.12,125,115,16,4.147826086956521,0.1391304347826087,0.05172413793103448,12.073216395274585,True,0.3314459940150189
8e8a7ce9f2f970dc00e2acf6f6e199f6,RJ,63,8821.0,1147.78,64,63,8,4.0,0.12698412698412698,0.09523809523809523,12.24611956202234,True,0.1301190341231153
af4a0e4cfe1d9c26b6712b1be25a72e5,MG,21,8757.98,593.62,26,21,8,3.4285714285714284,0.38095238095238093,0.09523809523809523,13.361939484126983,False,0.06778046992571347
9b013e03b2ab786505a1d3b5c0756754,SP,170,8714.55,2556.28,220,169,21,4.218934911242603,0.1242603550295858,0.058823529411764705,8.559827546296297,True,0.293334710340752
6d803cb79cc31c41c4c789a75933b3c7,SP,58,8711.4,1213.67,66,58,5,4.25,0.08620689655172414,0.06896551724137931,13.296695801404853,True,0.1393197419473334
1da3aeb70d7989d1e6d9b0e887f97c23,SP,261,8691.56,4175.52,324,260,32,4.165384615384616,0.12307692307692308,0.05747126436781609,8.604649673619981,True,0.4804108813607685
b1a81260566c1bac3114a6d124413f27,RS,51,8684.69,1565.51,54,51,7,4.2745098039215685,0.13725490196078433,0.0196078431372549,8.565282543572986,True,0.18026089589841432
562fc2f2c2863ab7e79a9e4388a58a14,SP,255,8659.25,4224.96,265,253,25,4.229249011857707,0.09881422924901186,0.03529411764705882,11.30587232207698,True,0.4879129254843087
a49928bcdf77c55c6d6e05e09a9b4ca5,SP,96,8646.900000000001,1726.92,104,96,39,3.03125,0.40625,0.2604166666666667,16.933884910300925,True,0.19971550497866286
17306570e772e7718c92a562d33f5f1d,SP,27,8640.0,775.91,30,27,5,3.7777777777777777,0.18518518518518517,0.07407407407407407,14.355489111796983,False,0.08980439814814814
fffd5413c0700ac820c7069d66d98c89,SP,57,8535.0,2590.3,58,56,12,3.892857142857143,0.21428571428571427,0.14035087719298245,13.792657569850553,True,0.3034915055653193
6c7d50c24b3ccd2fd83b44d8bb34e073,SP,112,8445.960000000001,2677.83,126,111,7,4.45045045045045,0.06306306306306306,0.017857142857142856,12.268236813822751,True,0.31705454442123804
259f7b5e6e482c230e5bfaa670b6bb8f,SP,136,8393.14,2694.28,162,135,13,4.355555555555555,0.0962962962962963,0.022058823529411766,8.735859630310458,True,0.3210097770321954
054694fa03fe82cec4b7551487331d74,SP,20,8286.1,660.24,21,20,6,3.4,0.3,0.3,30.79312268518519,False,0.07968042866969986
db2956745b3a8e9f3785c99f34b5d25e,SP,45,8261.0,947.26,46,45,9,3.8444444444444446,0.2,0.1111111111111111,14.282383744855967,True,0.11466650526570633
b92e3c8f9738272ff7c59e111e108d7c,MG,62,8231.09,2414.21,70,62,11,4.161290322580645,0.1774193548387097,0.03225806451612903,16.729624402628435,True,0.29330380302001313
cbd996ad3c1b7dc71fd0e5f5df9087e2,SP,160,8217.5,2771.94,189,157,18,4.210191082802548,0.11464968152866242,0.0875,12.850710575810186,True,0.33732156982050504
397c4d0c005b6f41f90098ac724e28cb,SP,5,8177.0,445.37,5,5,0,4.4,0.0,0.4,16.082599537037037,False,0.054466185642656234
4371b634e0efc0e22b09b52907d9d469,SP,101,8168.0,1477.01,111,100,7,4.48,0.07,0.07920792079207921,11.118572951045104,True,0.18082884427032322
67883baaae6134ee81b271a542613728,SP,19,8167.9,328.12,19,19,2,4.105263157894737,0.10526315789473684,0.15789473684210525,5.838590399610137,False,0.04017189240808531
86bb7c4b535e49a541baf3266b1c95b1,SP,16,8162.4,324.82,16,15,6,3.2,0.4,0.1875,20.137781394675926,False,0.039794668234832895
fdb9095204a334cd8872252ffec6f2db,SP,46,8156.0,1133.37,61,46,6,4.184782608695652,0.13043478260869565,0.06521739130434782,8.719879730273751,True,0.13896150073565472
52d76513f0c4d97f3b99570e2c94ee31,RS,19,8153.099999999999,889.26,28,18,3,4.055555555555555,0.16666666666666666,0.05263157894736842,10.409611963937621,False,0.10907016962873019
33a17d60c64393351ebf1ef860f4e0f2,RS,43,8152.4800000000005,1279.38,47,43,1,4.627906976744186,0.023255813953488372,0.023255813953488372,10.61319982773471,True,0.15693138774949464
93dc87703c046b603023e75222018b45,MG,33,8149.35,648.99,34,31,3,4.129032258064516,0.0967741935483871,0.09090909090909091,20.04579826038159,True,0.07963702626589851
784ba75dd9d20200c4caed3d7a77141a,SP,19,8142.33,600.02,22,19,3,4.131578947368421,0.15789473684210525,0.10526315789473684,13.691990740740742,False,0.07369143721760234
4bfc7a4a1cf8d4d2121c27422d9e50b5,SP,26,8124.4,1067.19,40,26,2,4.538461538461538,0.07692307692307693,0.038461538461538464,8.018603543447293,False,0.13135616168578604
8fb791022c1fc8909664f48ab7dc636d,SP,5,8119.95,363.4,5,5,1,4.2,0.2,0.0,5.729247685185185,False,0.04475397015991477
7d456afc660226829370f3173d14520c,SP,55,8118.25,1461.28,89,55,5,4.345454545454546,0.09090909090909091,0.05454545454545454,8.502737584175083,True,0.17999938410371694
6c177e38df6d3f34182b1f1d427231bf,PR,53,8112.89,1002.16,54,53,7,4.150943396226415,0.1320754716981132,0.03773584905660377,14.409789482879106,True,0.12352688129630747
6bd69102ab48df500790a8cecfc285c2,SP,5,8070.0,289.02,5,5,3,3.0,0.6,0.2,16.254462962962965,False,0.03581412639405204
fcb5ace8bcc92f75707dc0f01a27d269,SP,59,8009.35,905.49,70,58,8,3.9827586206896552,0.13793103448275862,0.03389830508474576,10.595384690834903,True,0.11305411799958798
b1fc4f64df5a0e8b6913ab38803c57a9,RJ,107,7994.74,2146.25,121,105,22,3.857142857142857,0.20952380952380953,0.12149532710280374,15.916294998269297,True,0.26845776097784296
903037660cf848a717166eb7a06d616e,SP,44,7935.18,1083.99,59,44,8,3.9545454545454546,0.18181818181818182,0.13636363636363635,11.836257628367003,True,0.13660559684846468
5656537e588803a555b8eb41f07a944b,DF,171,7931.26,3324.29,185,171,32,3.8947368421052633,0.1871345029239766,0.07602339181286549,11.294335336798786,True,0.41913769060653666
3078096983cf766a32a06257648502d1,SP,56,7910.84,1370.25,61,56,6,4.303571428571429,0.10714285714285714,0.05357142857142857,12.067960276124339,True,0.17321169433334513
972d0f9cf61b499a4812cf0bfa3ad3c4,SC,81,7910.42,2100.73,86,79,33,3.0253164556962027,0.4177215189873418,0.1111111111111111,18.185644861682672,True,0.26556491311460073
750303a20e9c56b2a6bc45cdce0b897d,GO,53,7876.0,1288.82,56,53,5,4.30188679245283,0.09433962264150944,0.03773584905660377,14.103843029350104,True,0.1636389029964449
bbf9ad41dca6603e614efcdad7aab8c4,CE,14,7846.0,776.26,14,14,1,4.5,0.07142857142857142,0.0,13.931492228835978,False,0.09893703798113689
725c32fa80c2faacc4fc88450d27314e,SP,89,7838.88,1327.78,93,87,2,4.517241379310345,0.022988505747126436,0.011235955056179775,9.408308234498543,True,0.16938389157634764
8476243f92442881ddd5b578975cf115,RS,12,7838.0,275.03,12,12,2,4.083333333333333,0.16666666666666666,0.08333333333333333,17.33558063271605,False,0.035089308497065576
2dee2ce60de9709b1a24083217181a1f,MT,54,7784.5,2060.06,55,54,3,4.425925925925926,0.05555555555555555,0.018518518518518517,14.143901963305897,True,0.2646361359111054
b18dc380845b24038cfc48006478f099,SP,43,7753.96,796.87,48,42,4,4.214285714285714,0.09523809523809523,0.16279069767441862,12.824832848837211,True,0.10276942362354204
7bac63f6603d382cc8d0832eb6c100a8,SP,19,7751.95,362.65,19,19,2,4.0,0.10526315789473684,0.15789473684210525,15.764658869395712,False,0.04678177748824489
5b925e1d006e9476d738aa200751b73b,SP,63,7748.5,1053.34,63,63,3,4.603174603174603,0.047619047619047616,0.06349206349206349,10.885000367430923,True,0.13594114989998063
6fd52c528dcb38be2eea044946b811f8,SP,67,7743.0199999999995,1138.56,84,66,24,3.393939393939394,0.36363636363636365,0.13432835820895522,21.561034238529572,True,0.14704340167014937
257e61d3251fb5efb9daadddbc2cf7ca,PR,12,7729.0,1077.18,12,12,0,4.75,0.0,0.0,8.095081018518519,False,0.13936861172208567
ebd2d60905fb58271facef5596b620d3,SP,82,7713.02,1637.38,85,82,8,4.2317073170731705,0.0975609756097561,0.036585365853658534,12.992299712059621,True,0.21228779388618207
3bb548e3cb7f70f28e3f11ee9dce0e59,PR,46,7690.02,896.79,53,46,6,4.195652173913044,0.13043478260869565,0.0,10.905072463768116,True,0.11661738200940959
2089a6d640999f9b9141ac719b2af596,SP,41,7676.02,640.61,41,41,10,3.926829268292683,0.24390243902439024,0.14634146341463414,19.527540932700994,True,0.08345600975505535
08633c14ef2db992c11f840f04fad4cd,SP,74,7644.3,1424.52,97,74,5,4.364864864864865,0.06756756756756757,0.06756756756756757,9.956255943443443,True,0.18635061418311683
73a63f72308aa20a46f4b1632018f196,PR,27,7640.8,997.3,35,26,2,4.1923076923076925,0.07692307692307693,0.0,11.633753000685871,False,0.13052298188671344
4e17c65a516f69d023a2ae78b84f28d6,SP,61,7639.26,1155.54,74,61,11,4.229508196721311,0.18032786885245902,0.06557377049180328,13.33190023527626,True,0.1512633422608996
52f976b17ea7f2f087f56dcc419328f6,PR,6,7630.0,862.65,6,6,2,3.6666666666666665,0.3333333333333333,0.0,10.383350694444443,False,0.11306028833551769
9596c870880d900012f2e8e6e30d06d7,MG,21,7625.35,1746.36,23,21,1,4.285714285714286,0.047619047619047616,0.047619047619047616,13.834508928571429,False,0.22902030726458456
0432ead42b6c8a0bdf68154add917fdf,SP,82,7574.400000000001,1180.0,87,82,6,4.536585365853658,0.07317073170731707,0.036585365853658534,8.89543289859982,True,0.1557879171947613
42bde9fef835393bb8a8849cb6b7f245,DF,34,7574.0,767.37,39,34,2,4.352941176470588,0.058823529411764705,0.029411764705882353,10.372565359477123,True,0.10131634539213097
8a432f4e5b471f8da497d7dc517666e2,SP,95,7555.0,1965.11,106,94,12,4.191489361702128,0.1276595744680851,0.05263157894736842,7.845326023391812,True,0.26010721376571805
e5a3438891c0bfdb9394643f95273d8e,SP,216,7549.96,3280.74,247,215,37,3.9953488372093022,0.17209302325581396,0.18518518518518517,15.663077578446503,True,0.434537401522657
058fd0aa2bfdb2274e05e1ae971dabb6,SP,60,7549.9,878.88,63,60,6,4.383333333333334,0.1,0.06666666666666667,10.141677469135802,True,0.11640948886740222
7008613ea464bad5cb9b83456e1e6a8f,SC,123,7538.7,2949.34,152,122,9,4.278688524590164,0.07377049180327869,0.04878048780487805,14.4758306044866,True,0.3912266040564023
640e21a7d01df7614a3b4923e990d40c,SP,115,7528.89,2431.66,136,115,9,4.3304347826086955,0.0782608695652174,0.06956521739130435,10.319995068438002,True,0.32297722506239296
c26a2be5b53b7db6b276280da212a779,RJ,13,7482.0,806.85,18,13,5,3.3846153846153846,0.38461538461538464,0.0,14.082574786324786,False,0.10783881315156375
062ce95fa2ad4dfaedfc79260130565f,RS,54,7479.1,1184.33,59,54,5,4.092592592592593,0.09259259259259259,0.037037037037037035,13.504861754115225,True,0.15835194074153305
bd0389da23d89b726abf911cccc54596,DF,87,7472.160000000001,1656.31,90,87,10,4.172413793103448,0.11494252873563218,0.08045977011494253,13.635255826947636,True,0.2216641506605854
a420f60ff1aa9acc80d0e42959f2b313,SP,67,7443.3,1099.97,69,65,10,3.953846153846154,0.15384615384615385,0.08955223880597014,11.55845581122167,True,0.14777988257896363
7a241947449cc45dbfda4f9d0798d9d0,MG,56,7434.66,1874.98,66,55,6,4.1454545454545455,0.10909090909090909,0.07142857142857142,13.22058097718254,True,0.2521944513938768
0bae85eb84b9fb3bd773911e89288d54,SP,136,7433.5599999999995,2907.0,145,136,9,4.294117647058823,0.0661764705882353,0.007352941176470588,10.279241813044663,True,0.39106430835292916
18a349e75d307f4b4cc646a691ed4216,SP,109,7425.21,1890.66,128,108,29,3.6018518518518516,0.26851851851851855,0.06422018348623854,11.15451558783554,True,0.2546271418586141
512d298ac2a96d1931b6bd30aa21f61d,RJ,11,7401.94,321.93,12,11,2,4.2727272727272725,0.18181818181818182,0.0,10.706315235690235,False,0.04349265192638687
e0a366315b1b726b6c7832d664c0f530,SP,43,7400.09,745.08,51,43,6,4.3023255813953485,0.13953488372093023,0.046511627906976744,7.974509313092161,True,0.10068526193600348
d51e0a403fe2e689ece6c73359d96e12,SP,18,7380.0,647.5699999999999,25,18,1,4.222222222222222,0.05555555555555555,0.1111111111111111,14.026194058641975,False,0.08774661246612465
f25e239052084705e17a982bc600ab2a,SP,8,7380.0,405.48,8,8,1,4.25,0.125,0.0,12.39517505787037,False,0.054943089430894314
b410bdd36d5db7a65dcd42b7ead933b8,GO,42,7368.9,950.8100000000001,42,42,0,4.809523809523809,0.0,0.023809523809523808,9.202473820546738,True,0.12903011304265224
381c83fdca332ea6afd896da20bf6e4a,PR,46,7355.8,999.21,46,46,4,4.391304347826087,0.08695652173913043,0.043478260869565216,12.691300322061192,True,0.1358397455069469
a2e874074c877c5a05abae80ad6e488f,SP,40,7355.0,1105.34,42,40,3,4.25,0.075,0.05,19.23790740740741,True,0.15028416043507817
961dff0a659b4561334372337dd897d9,RJ,3,7297.0,92.74,3,3,0,4.666666666666667,0.0,0.6666666666666666,20.515949074074076,False,0.012709332602439357
b347677812ea483b0f528eaf8cbc09b7,PR,21,7288.99,762.35,21,21,1,4.523809523809524,0.047619047619047616,0.0,13.219165564373899,False,0.10458925036253308
4aba391bc3b88717ce08eb11e44937b2,BA,27,7286.88,760.56,28,27,5,4.0,0.18518518518518517,0.14814814814814814,16.923858882030178,False,0.104373888413148
aced59e9b31ef866a94f9e7f29d8d418,SP,61,7268.5,1047.3,67,61,4,4.426229508196721,0.06557377049180328,0.08196721311475409,9.736964936247723,True,0.1440875008598748
e333046ce6517bd8bb510291d44f0130,SP,68,7268.0,1431.32,74,68,6,4.338235294117647,0.08823529411764706,0.058823529411764705,10.158788807189541,True,0.19693450742982938
0873d9f8f36123f8d910f4760e788cfb,SP,6,7265.59,161.06,6,6,2,3.1666666666666665,0.3333333333333333,0.5,13.130835262345679,False,0.022167504634861036
8648b1e89e9b349e32d3741b30ec737e,SP,93,7228.75,1420.27,100,93,13,4.161290322580645,0.13978494623655913,0.10752688172043011,9.046316955396257,True,0.19647518588967663
6a51fc556dab5f766ced6fbc860bc613,SP,24,7217.87,747.14,31,24,4,4.0,0.16666666666666666,0.08333333333333333,14.152041859567902,False,0.10351253209049208
cee48807215b30a12ca2ca10ffb5f250,SP,39,7212.2300000000005,913.29,40,39,9,3.769230769230769,0.23076923076923078,0.15384615384615385,23.632062856125355,True,0.12663073695653077
d624126b9206f595fb3fbb6ba03b28a8,PR,23,7198.8,569.7,28,22,0,4.318181818181818,0.0,0.043478260869565216,11.358020833333335,False,0.07913818969828305
ade45994b717ccee333492330fbf037b,PR,10,7196.0,283.63,10,10,0,4.5,0.0,0.0,8.410002314814815,False,0.03941495275152863
dbb9b48c841a0e39e21f98e1a6b2ec3e,SP,108,7186.85,1581.41,118,108,12,4.268518518518518,0.1111111111111111,0.037037037037037035,9.817175925925927,True,0.2200421603344998
cc63f0dd2acba93ffed4fe9f8e0321fa,SP,55,7096.71,1399.97,63,55,5,4.090909090909091,0.09090909090909091,0.0,8.998671506734008,True,0.1972702843993907
febab0275244b9a49a623f0bd613ca2f,SP,106,7094.82,2906.49,126,106,8,4.443396226415095,0.07547169811320754,0.04716981132075472,8.647835975716282,True,0.40966367011425237
54065e9aef7e9e9c2dc23b7594db021a,RJ,12,7079.0,242.78,12,12,1,4.333333333333333,0.08333333333333333,0.0,12.422222222222222,False,0.03429580449215991
87e24fc7052259b1f7f607d61c10d8be,SP,7,7073.59,214.65999999999997,7,7,1,3.857142857142857,0.14285714285714285,0.14285714285714285,15.341284722222223,False,0.030346683932769635
d13e50eaa47b4cbe9eb81465865d8cfc,SP,66,7073.05,834.5,68,66,2,4.818181818181818,0.030303030303030304,0.21212121212121213,5.039004454264871,True,0.11798304833134221
014c0679dd340a0e338872e7ec85666a,MG,14,7058.0,628.3100000000001,15,14,2,3.857142857142857,0.14285714285714285,0.14285714285714285,19.763406084656083,False,0.0890209691130632
7722b1df1b0e383e000397b2c11e3e19,SP,133,7046.6,2059.48,144,132,15,4.2272727272727275,0.11363636363636363,0.03007518796992481,8.353897852269561,True,0.29226577356455596
f1fd5ab1181f827ffad998c1a5de7d74,PR,15,7045.99,831.97,15,15,0,4.666666666666667,0.0,0.0,9.45754938271605,False,0.11807709065723909
dd55f1bb788714a40e7954c3be6df745,SP,35,7041.759999999999,659.42,37,35,7,3.742857142857143,0.2,0.17142857142857143,18.29500925925926,True,0.0936442025857172
679769a98cfcc6da877c8486ff1c13f3,MG,21,7029.0,438.39,21,21,1,4.571428571428571,0.047619047619047616,0.0,9.536956018518518,False,0.062368758002560816
6fa9202c10491e472dffd59a3e82b2a3,SP,3,7014.24,925.01,3,3,0,4.333333333333333,0.0,0.0,8.464201388888888,False,0.13187601222655626
b8630e1121437d41cb08e3c749c2c2e2,RJ,12,6988.0,346.1,12,12,2,4.333333333333333,0.16666666666666666,0.16666666666666666,11.137473958333333,False,0.049527761877504295
d98eec89afa3380e14463da2aabaea72,RS,168,6968.53,3256.7799999999997,183,167,13,4.338323353293413,0.07784431137724551,0.023809523809523808,8.557804026124339,True,0.4673553819815657
30829ded4523ab9224b93bc49a62c95f,RS,18,6911.71,638.0,31,18,4,3.7777777777777777,0.2222222222222222,0.05555555555555555,12.086655092592592,False,0.09230711357970749
d9bd94811c3338dceb4181f3dbc0c73e,SP,54,6911.02,771.09,61,54,2,4.796296296296297,0.037037037037037035,0.1111111111111111,8.041346021947874,True,0.11157397894956171
36a968b544695394e4e9d7572688598f,SP,148,6864.47,2053.23,156,148,31,3.7533783783783785,0.20945945945945946,0.0472972972972973,10.72730394456957,True,0.2991097637545215
b3b17aab11f273023a5f22ca52e1eb70,PR,7,6850.0,475.34999999999997,13,7,0,4.857142857142857,0.0,0.14285714285714285,16.551684854497356,False,0.0693941605839416
58f1a6197ed863543e0136bdedb3fce2,MG,44,6833.0,1070.69,45,44,6,4.181818181818182,0.13636363636363635,0.023809523809523808,10.302723489858906,True,0.15669398507244256
5b67882648febfb6e1225e6ad7164f6b,PR,27,6813.4800000000005,618.94,30,27,4,4.0,0.14814814814814814,0.037037037037037035,12.55868912894376,False,0.09084051028255752
33dd941c27854f7625b968cc6195a552,ES,5,6787.5,380.91,5,5,1,4.4,0.2,0.0,11.700719907407407,False,0.05611933701657459
40d54b51e962dbe09cabbcfd33298dee,SP,30,6785.5599999999995,537.69,31,30,6,4.0,0.2,0.0,7.3339942129629625,True,0.07924032799061538
ff1fb4c404b2efe68b03350a8dc24122,SP,46,6771.0,895.95,49,46,8,4.0,0.17391304347826086,0.15217391304347827,10.30743332326892,True,0.1323216659282233
54219883e72aad869adfb2a54b7bfa0f,SP,5,6750.0,829.55,5,5,2,3.2,0.4,0.0,17.007217592592593,False,0.1228962962962963
e3b4998c7a498169dc7bce44e6bb6277,SP,1,6735.0,194.31,1,1,0,5.0,0.0,0.0,18.740069444444444,False,0.02885077951002227
3340ef1913fb70d28420f6ceb685c339,PR,32,6731.150000000001,750.4,42,32,2,4.375,0.0625,0.09375,16.713813657407407,True,0.11148169332134923
455c5640e8c5bd1b2ee85c0158f85727,SC,8,6729.5,457.39,8,8,0,4.5,0.0,0.0,14.96896701388889,False,0.06796790251876068
80ceebb4ee9b31afb6c6a916a574a1e2,PR,1,6729.0,193.21,1,0,0,,,1.0,20.866354166666667,False,0.028713033140139694
abe021b01ba992245271b9aa422032df,PR,2,6720.0,117.24000000000001,2,2,1,3.5,0.5,0.0,17.93034722222222,False,0.01744642857142857
31ae0774c17fabd06ff707cc5bde005f,SP,11,6719.85,850.82,11,11,2,4.0,0.18181818181818182,0.09090909090909091,11.775554503367005,False,0.1266129452294322
ececbfcff9804a2d6b40f589df8eef2b,SP,97,6714.15,1834.31,103,97,13,4.11340206185567,0.13402061855670103,0.10309278350515463,13.180852305269186,True,0.2732006285233425
fa1a9dec3a9940c072684a46728bf1fc,SC,55,6674.0,1201.71,60,54,7,4.111111111111111,0.12962962962962962,0.0,14.294422348484849,True,0.18005843572070723
1127b7f2594683f2510f1c2c834a486b,SP,110,6669.7,1768.7,128,110,16,4.1909090909090905,0.14545454545454545,0.02727272727272727,9.352086279461279,True,0.2651843411247882
33c51922b6e3c16b24a8f28e5833c99d,PR,18,6657.87,368.01,20,17,2,4.235294117647059,0.11764705882352941,0.05555555555555555,14.543931327160493,False,0.055274434616476444
b4ffb71f0cb1b1c3d63fad021ecf93e1,SP,143,6635.69,2501.75,164,143,14,4.248251748251748,0.0979020979020979,0.02097902097902098,10.105635926573427,True,0.37701429693068844
5670f4db5b62c43d542e1b2d56b0cf7c,SP,22,6630.09,582.5600000000001,22,22,2,4.409090909090909,0.09090909090909091,0.045454545454545456,8.532830913299664,False,0.08786607723273743
63b464dbf392c7b80d12d932fa7cafed,SP,36,6622.0,860.84,38,36,6,3.861111111111111,0.16666666666666666,0.05555555555555555,13.07969971707819,True,0.12999697976442162
609e1a9a6c2539919b8205cf7c4e6ff0,SC,87,6595.23,2687.19,130,85,18,3.8117647058823527,0.21176470588235294,0.022988505747126436,10.212838175819499,True,0.407444471231481
83e197e95a1bbabc8c75e883ed016c47,RJ,46,6574.1900000000005,961.3299999999999,54,46,1,4.804347826086956,0.021739130434782608,0.021739130434782608,10.44315619967794,True,0.14622790031927885
aac29b1b99776be73c3049939652091d,MG,94,6563.66,2569.62,131,93,9,4.172043010752688,0.0967741935483871,0.09574468085106383,14.93235446217494,True,0.39149194199577675
5d0363b33554b373851fc1622e4d5f3c,SP,93,6548.79,2175.48,94,93,11,4.075268817204301,0.11827956989247312,0.08602150537634409,12.488874825766628,True,0.3321957185983976
11305281b50fff20ae8bb473f8e11876,MG,35,6528.7,1444.51,40,35,3,4.314285714285714,0.08571428571428572,0.11428571428571428,13.579183531746033,True,0.2212553800909829
751bdc4d83a466c7206cd42e8f426b03,SP,51,6520.96,1020.02,68,49,11,3.938775510204082,0.22448979591836735,0.0196078431372549,10.857696759259259,True,0.15642175385219353
ee27a8f15b1dded4d213a468ba4eb391,GO,1,6499.0,227.66,1,1,0,5.0,0.0,0.0,11.955023148148149,False,0.03503000461609478
e5e33c0d8e7e002f398f5dc4cbbb338f,SP,26,6494.9,745.95,27,26,1,4.576923076923077,0.038461538461538464,0.11538461538461539,12.06518919159544,False,0.11485165283530156
282f23a9769b2690c5dda22e316f9941,MG,98,6464.28,1866.77,109,98,4,4.36734693877551,0.04081632653061224,0.05102040816326531,11.22246019935752,True,0.28878235472473346
516e7738bd8f735ac19a010ee5450d8d,RJ,74,6463.19,1442.5,82,74,2,4.635135135135135,0.02702702702702703,0.05405405405405406,8.833180837087088,True,0.2231870020841102
4c03b9dd4c11ee2cb35c96c49efc9420,SP,48,6458.6,843.73,48,47,7,4.1063829787234045,0.14893617021276595,0.020833333333333332,10.534739824459876,True,0.1306366704858638
92eb0f42c21942b6552362b9b114707d,SP,334,6416.41,4845.63,358,332,47,4.021084337349397,0.14156626506024098,0.08083832335329341,13.712684630738524,True,0.7551933246161016
7dc8c42cc750eeafea6c85712ffee9bf,SP,41,6409.68,1035.41,50,41,5,4.195121951219512,0.12195121951219512,0.04878048780487805,9.15091548102981,True,0.1615384855406198
376a891762bbdecbc02b4b6adec3fdda,GO,57,6406.23,1287.4,58,57,1,4.666666666666667,0.017543859649122806,0.03508771929824561,12.221382594217024,True,0.20096062738927578
34056b8b55c1775a22af2331670a799c,SP,77,6398.7,1751.51,77,77,11,4.038961038961039,0.14285714285714285,0.11688311688311688,12.927642496392497,True,0.2737290387109882
dbdd0ec73a4817971d962698f2fea022,CE,16,6384.0,1790.8,16,16,2,4.375,0.125,0.0625,12.651514756944445,False,0.2805137844611529
4b5f66b7adcf57f1ecc0d3c07dd6b177,PR,23,6381.78,734.18,38,22,3,4.090909090909091,0.13636363636363635,0.043478260869565216,14.243249295491143,False,0.11504313843473138
02f623a8eb246f3c5f7c2f96462654e6,SP,44,6378.0,829.63,44,43,2,4.558139534883721,0.046511627906976744,0.09090909090909091,8.482709648569024,True,0.13007682659140796
ff4ea69c2a729e83e63c7579e4ef8170,SP,8,6368.0,159.82,8,7,0,5.0,0.0,0.0,11.463975694444445,False,0.025097361809045225
57e632711dec9ec14ca7546769483e7e,SC,62,6350.06,1207.98,65,62,3,4.419354838709677,0.04838709677419355,0.0,10.924974798387098,True,0.19023127340529064
1da366cade6d8276e7d8beea7af5d4bf,MG,42,6348.589999999999,1688.01,48,41,7,3.975609756097561,0.17073170731707318,0.11904761904761904,17.469218198853614,True,0.2658873860179977
989becdce12ebc39863c2bceab6f3ca1,PR,15,6302.9,814.52,15,15,0,4.8,0.0,0.13333333333333333,13.739216820987654,False,0.12922940233860605
bd4889b5e9133b35b66e42a8665cea5c,SP,36,6271.9,984.64,42,35,3,4.4,0.08571428571428572,0.0,10.282339248971192,True,0.15699229898435882
6b243f80ed07b10f0e8aa0f21a205f3c,PR,79,6260.1,1547.3,89,79,8,4.265822784810126,0.10126582278481013,0.0379746835443038,11.161837494139709,True,0.2471685755818597
ea67327e24487bdfac5fbfa37ea124df,SP,32,6250.18,930.1,34,32,8,3.53125,0.25,0.03125,8.721783130787037,True,0.1488117142226304
670c26e0f1bf8d0576271d5cfaec6d2b,PR,77,6250.1,1680.37,86,77,6,4.311688311688312,0.07792207792207792,0.05194805194805195,14.281619017556517,True,0.26885489832162685
2528744c5ef5d955adc318720a94d2e7,SP,5,6245.0,263.7,5,5,3,2.4,0.6,0.0,10.070645833333334,False,0.042225780624499595
eb3071b9f0b0ddaa2df5ea130f09f26b,SP,9,6230.0,581.42,11,9,0,4.555555555555555,0.0,0.1111111111111111,9.65403677983539,False,0.0933258426966292
dee656f0f566ed1aa85bd137c943f08f,SP,92,6212.08,1670.99,94,92,7,4.369565217391305,0.07608695652173914,0.05434782608695652,12.59528004227053,True,0.2689904186681434
dfc5fb7259bb2b599ca565e6e9448f0f,SP,33,6124.63,721.35,34,33,3,4.121212121212121,0.09090909090909091,0.030303030303030304,13.264740109427608,True,0.11777854335690482
8a32e327fe2c1b3511609d81aaf9f042,SP,126,6101.12,2237.7400000000002,169,125,20,3.944,0.16,0.031746031746031744,8.874441229423867,True,0.366775280604217
f12ff17ad8bbf01ec5c33b17e506649b,SP,28,6101.0,627.88,28,28,4,3.857142857142857,0.14285714285714285,0.10714285714285714,13.791368220899471,False,0.10291427634813965
d6b664fa0667064c6d76394e7848d790,SP,6,6080.0,324.34,6,6,0,4.833333333333333,0.0,0.16666666666666666,17.545335648148146,False,0.0533453947368421
bacb1f0ed56ad24198f5810d2b3fe9a5,SP,38,6078.05,769.65,38,37,3,4.324324324324325,0.08108108108108109,0.02631578947368421,9.781034356725147,True,0.12662778358190538
6f892e20a171e98efe17fdb971ff319b,SP,41,6049.0,857.49,50,40,4,4.15,0.1,0.0975609756097561,17.355762195121955,True,0.14175731525872046
ad781527c93d00d89a11eecd9dcad7c1,SP,38,6039.63,2173.49,38,38,13,3.3421052631578947,0.34210526315789475,0.3157894736842105,25.504659478557503,True,0.3598713828496116
2c9e548be18521d1c43cde1c582c6de8,SP,124,6013.56,2456.53,171,122,16,4.131147540983607,0.13114754098360656,0.16129032258064516,13.678749999999999,True,0.4084984601467351
ba143b05f0110f0dc71ad71b4466ce92,SP,83,5998.7,1310.67,84,83,7,4.457831325301205,0.08433734939759036,0.1566265060240964,10.241654395359214,True,0.21849234000700155
9baf5cb77970f539089d09a38bcec5c3,SP,31,5989.68,531.66,32,31,2,4.419354838709677,0.06451612903225806,0.0,15.171590128434888,True,0.08876267179548823
f4c4daa86e30c7e5a553a8d518ac03a5,PR,18,5984.3099999999995,340.19,18,18,3,4.0,0.16666666666666666,0.05555555555555555,16.640676440329216,False,0.05684698820749594
bba74270a87732727b5a3b4fd9ac1c39,MG,35,5964.6,743.74,40,35,5,4.057142857142857,0.14285714285714285,0.0,9.715594576719576,True,0.12469235154075713
37515688008a7a40ac93e3b2e4ab203f,SP,227,5954.1,3396.65,239,225,23,4.102222222222222,0.10222222222222223,0.1013215859030837,15.226597936041768,True,0.5704724475571454
26d8a1c7c75d513045798992ead43aa2,PR,34,5937.13,653.33,36,34,3,4.411764705882353,0.08823529411764706,0.08823529411764706,12.723354779411764,True,0.11004138363148525
8e6cc767478edae941d9bd9eb778d77a,MG,100,5929.35,2169.26,108,98,15,4.071428571428571,0.15306122448979592,0.08,16.615996527777778,True,0.3658512315852497
6a8b085f816a1f75f92dbac6eb545f8f,SP,125,5884.17,2154.05,133,125,12,4.172,0.096,0.096,14.688119537037037,True,0.3660754193029773
0691148aee60ca47977c187804f935ae,PR,47,5868.51,1490.94,53,47,7,4.180851063829787,0.14893617021276595,0.02127659574468085,11.940049005122145,True,0.25405767392404544
f84a00e60c73a49e7e851c9bdca3a5bb,RJ,88,5849.24,1931.1,97,88,17,3.897727272727273,0.19318181818181818,0.11363636363636363,11.796352719907407,True,0.3301454547941271
688756f717c462a206ad854c5027a64a,SP,81,5837.67,1908.05,99,80,14,3.8875,0.175,0.08641975308641975,10.75715292066758,True,0.3268512951228829
2fdde51ad3e12f297da656d4fbd5d0b5,SC,9,5803.0,551.92,9,9,0,4.777777777777778,0.0,0.0,15.266977880658438,False,0.09510942615888333
02d35243ea2e497335cd0f076b45675d,RN,14,5794.0,605.95,16,14,6,2.642857142857143,0.42857142857142855,0.35714285714285715,26.168773974867726,False,0.10458232654470143
0bf0150d5b9d60d9cd2906003332f085,SP,39,5774.6,1097.74,62,38,8,3.789473684210526,0.21052631578947367,0.20512820512820512,14.152253383190883,True,0.19009801544695734
05d2173d43ea568aa0540eba70d2ca76,MG,62,5759.66,1679.27,66,60,7,4.183333333333334,0.11666666666666667,0.06451612903225806,15.022058878434887,True,0.291557140525656
f46490624488d3ff7ce78613913a7711,SP,80,5690.95,1693.4099999999999,87,80,19,3.7625,0.2375,0.125,10.25233666087963,True,0.2975619184846115
a63bfbaa882c8f4542891b4e2246cc7f,RJ,6,5682.0,243.98999999999998,6,6,0,5.0,0.0,0.16666666666666666,11.690190972222224,False,0.042940865892291444
91f848e9f4be368f4318775aac733370,SP,60,5668.61,1193.88,70,58,3,4.396551724137931,0.05172413793103448,0.03333333333333333,9.941640817901234,True,0.21061247819130266
52ac6f920b7280e4c6d30dd94de6259b,PR,6,5657.3,726.59,7,6,1,3.6666666666666665,0.16666666666666666,0.0,12.983881172839508,False,0.128434058649886
9616352088dcf83a7c06637f4ebf1c80,PR,91,5643.099999999999,1766.7,97,91,7,4.34065934065934,0.07692307692307693,0.0,12.439302248677247,True,0.3130726019386508
8c16d1f32a54d92897cc437244442e1b,SC,108,5642.6,2112.07,118,107,8,4.355140186915888,0.07476635514018691,0.009259259259259259,11.002946459190673,True,0.3743079431467763
e8b4225284fbb02d16f200513f1f395d,SP,30,5638.62,1273.98,30,30,1,4.3,0.03333333333333333,0.1,10.22229050925926,True,0.2259382614895134
080102cd0a76b09e0dcf55fcacc60e05,MG,122,5612.65,2160.83,128,122,5,4.516393442622951,0.040983606557377046,0.040983606557377046,9.905664750303583,True,0.3849928286994557
d63c73efd41eb002280e7ec831424edb,SP,2,5598.0,168.58999999999997,2,2,0,4.0,0.0,0.0,6.290329861111111,False,0.030116112897463375
b14db04aa7881970e83ffa9426897925,SP,78,5595.9,2104.5,105,75,13,3.7733333333333334,0.17333333333333334,0.11538461538461539,16.021839535849953,True,0.37607891491985207
f181738b150df1f37cb0bd72e705b193,SP,36,5529.7,1103.05,37,36,2,4.472222222222222,0.05555555555555555,0.1111111111111111,9.319003022119341,True,0.19947736766913213
04aa0a1c5ce6b222003403a3e11c3cc0,SP,11,5518.0,821.51,17,11,2,4.090909090909091,0.18181818181818182,0.18181818181818182,17.522946127946128,False,0.14887821674519752
cc3d14116804f7209f3884f6367f1152,PR,27,5477.8,582.79,30,27,1,4.62962962962963,0.037037037037037035,0.037037037037037035,12.827609739368999,False,0.10639125196246667
94e93ce877be27a515118dbfd2c2be41,SP,29,5436.58,853.46,34,28,4,4.035714285714286,0.14285714285714285,0.0,13.608297014687102,False,0.15698472201273594
575df70bde3f9f2b30bf8d2e9910d725,SP,27,5410.05,753.37,34,27,4,4.074074074074074,0.14814814814814814,0.07407407407407407,13.3933826303155,False,0.13925379617563607
3f0e48d209018b466fcd3bb4ccfeb520,PR,9,5399.0,255.79999999999998,10,9,2,3.888888888888889,0.2222222222222222,0.0,9.594345421810699,False,0.047379144285978884
c4af86330efa7a2620772227d2d670c9,SP,4,5396.0,364.96,4,3,0,4.333333333333333,0.0,0.0,15.150208333333333,False,0.06763528539659007
e2aee0892199b1d92530e371abd825bf,PR,36,5392.77,2516.11,39,36,8,3.888888888888889,0.2222222222222222,0.1388888888888889,15.507267554012344,True,0.4665709830013147
3ade81dab5a172b88e1871c28ae05260,SP,28,5383.6,1437.99,30,27,4,4.185185185185185,0.14814814814814814,0.14285714285714285,14.181363260582009,False,0.2671056542090794
23c38debaffe4a25a30fdbd9b586a13f,SP,41,5382.18,834.38,46,41,1,4.317073170731708,0.024390243902439025,0.14634146341463414,11.482206131436314,True,0.15502640194122083
83deb69e889cf80f82be1dc6d5f2d486,SC,40,5363.01,913.64,42,40,6,4.325,0.15,0.05,15.945520833333333,True,0.17035955554809704
2a261b5b644fa05f4f2700eb93544f2c,SP,51,5355.0,2041.73,82,51,11,3.8627450980392157,0.21568627450980393,0.19607843137254902,14.071188725490197,True,0.3812754435107376
817245bcc3badd82bbd222e0366951a6,SP,28,5345.6,699.23,44,27,2,4.111111111111111,0.07407407407407407,0.03571428571428571,12.42172123015873,False,0.13080477401975457
e62b2d6ac10570a035a30bafcf01d263,SP,62,5340.39,1035.08,71,59,9,3.9661016949152543,0.15254237288135594,0.12903225806451613,14.06886854091995,True,0.19382105052252735
916c9de0b5ad957346eeeb12f332687e,PR,22,5336.5,477.77,27,22,1,4.545454545454546,0.045454545454545456,0.0,8.83484375,False,0.08952871732408882
a4b6b9b992b46e9ef863637af96e04bc,SC,6,5293.0,209.84,8,6,1,3.6666666666666665,0.16666666666666666,0.16666666666666666,18.31079475308642,False,0.039644813905157755
b6d44737c043328708f6749c2dbe50bd,SP,61,5284.6,1549.41,79,61,5,4.524590163934426,0.08196721311475409,0.06557377049180328,8.211718085913782,True,0.2931934299663172
e06f09ec0a4aca210779cf1cfc63cf19,SP,29,5279.49,621.92,31,29,5,3.9482758620689653,0.1724137931034483,0.06896551724137931,14.870760296934865,False,0.11779925712521475
02ecc2a19303f05e59ce133fd923fff7,SP,21,5264.1900000000005,478.21000000000004,24,21,1,4.619047619047619,0.047619047619047616,0.0,11.091394400352733,False,0.09084208586696149
e9c6969d40e6a3d2d0f90013165c2b98,SP,10,5239.98,242.0,10,10,1,4.4,0.1,0.0,9.087366898148149,False,0.04618338237932206
5bffbafbb22daf6d3bfc216a46db8708,RJ,21,5239.7,454.5,23,21,0,4.761904761904762,0.0,0.0,8.653910383597884,False,0.08674160734393191
4d0041cdbe51b4617d95c70b19decc74,MG,8,5235.200000000001,230.29,8,8,0,4.5,0.0,0.0,7.155746527777778,False,0.04398876833740831
3be634553519fb6536a03e1358e9fdc7,SP,80,5231.02,1803.73,95,80,12,4.025,0.15,0.0875,10.08215480324074,True,0.34481420449549033
f67efa3f0b6761102a7f8c6b7b571f5d,PR,31,5188.68,841.49,32,31,2,4.483870967741935,0.06451612903225806,0.0,9.979094235364396,True,0.1621780491377383
f680f85bee2d253556ac91be391d2c82,SP,45,5183.92,893.42,54,45,3,4.333333333333333,0.06666666666666667,0.022222222222222223,9.748835648148148,True,0.17234448062470098
5b179e9e8cc7ab6fd113a46ca584da81,SP,34,5173.5,665.64,36,33,7,3.6666666666666665,0.21212121212121213,0.08823529411764706,13.005503812636166,True,0.1286633806900551
822bad9bc42b51213ba522fe87b7ab5d,SC,18,5160.0,527.34,18,18,2,4.111111111111111,0.1111111111111111,0.2777777777777778,26.65635223765432,False,0.10219767441860465
709e16e2b25c7474d980076c6bfc4806,SP,60,5151.9,1226.96,80,60,1,4.516666666666667,0.016666666666666666,0.03333333333333333,10.642324652777777,True,0.23815679652167163
d566c37fa119d5e66c4e9052e83ee4ea,SP,65,5145.7,979.22,73,64,2,4.6875,0.03125,0.03076923076923077,5.812535968660968,True,0.19029869599860078
fad44952713764836814be105382aee5,RJ,32,5129.0,507.88,32,32,2,4.28125,0.0625,0.03125,10.79425925925926,True,0.09902125170598557
4917cee8d902e13428c3ec4b1ca6f315,SC,31,5103.9,1074.44,31,31,4,4.161290322580645,0.12903225806451613,0.03225806451612903,18.077756123058542,True,0.21051352887007976
45ba18c210d42734ec52c0c1c574e9ee,SP,35,5099.44,924.3299999999999,38,35,5,4.114285714285714,0.14285714285714285,0.05714285714285714,7.457757275132276,True,0.18126107964796134
b39d7fe263ef469605dbb32608aee0af,SP,43,5063.2,1037.03,48,42,6,3.9285714285714284,0.14285714285714285,0.046511627906976744,13.303499407838071,True,0.20481711170801076
67bf6941ba2f1fa1d02c375766bc3e53,PR,15,5062.0,1257.94,20,15,1,4.333333333333333,0.06666666666666667,0.13333333333333333,14.965672839506173,False,0.24850651916238642
0cbcee27c791afa0cdcb08587a2013a8,MG,37,5054.15,783.53,39,37,5,4.0,0.13513513513513514,0.10810810810810811,12.79132225975976,True,0.1550270569729826
e067ad2c1c0b48758eb1b5228bcf7a68,SP,54,5042.55,1005.36,61,54,6,4.148148148148148,0.1111111111111111,0.09259259259259259,14.98370820473251,True,0.19937531606032663
afe0067131b73e40875c9b6c10bd2e21,MG,45,5040.5,1111.09,45,44,4,4.2727272727272725,0.09090909090909091,0.044444444444444446,15.468515432098766,True,0.22043249677611346
3df020b72d3d44b3af9d110fa3940b65,SP,55,5039.9,1709.57,101,55,8,4.054545454545455,0.14545454545454545,0.12727272727272726,13.432020412457913,True,0.33920712712553824
e0878efa0e0b7e5313ac0b43bc04c081,PR,26,5025.4,517.13,28,26,7,3.6153846153846154,0.2692307692307692,0.19230769230769232,18.133796296296296,False,0.10290325148246907
099095b050cfe8eb1ddff5317587e96e,SP,16,5003.84,702.09,19,16,6,3.375,0.375,0.1875,11.334448061342593,False,0.14031024173434803
4bf2f4ee540798a61f9636d12cd9cc80,SP,29,4995.56,505.45,30,29,3,4.137931034482759,0.10344827586206896,0.034482758620689655,13.562493215197957,False,0.10117984770476182
f84fa566034f5e8e880a07ec624c56af,SP,89,4993.91,1210.42,100,89,10,4.247191011235955,0.11235955056179775,0.1348314606741573,11.963886418019142,True,0.24237921788738687
835f0f7810c76831d6c7d24c7a646d4d,SP,42,4990.200000000001,932.05,48,42,13,3.357142857142857,0.30952380952380953,0.30952380952380953,18.097381227954145,True,0.1867760811189932
45213867cefbf2cd4c6177e10216a951,SP,14,4955.42,433.74,14,14,3,3.857142857142857,0.21428571428571427,0.14285714285714285,14.91580357142857,False,0.08752840324331741
9674754b5a0cb32b638cec001178f799,SP,84,4941.7300000000005,1196.15,95,84,13,4.107142857142857,0.15476190476190477,0.03571428571428571,8.410468474426809,True,0.24205086073095858
dbd66278cbfe1aa1000f90a217ca4695,SP,85,4928.9,1543.87,99,85,2,4.5058823529411764,0.023529411764705882,0.058823529411764705,9.212389025054467,True,0.3132281036336708
e9d99831abad74458942f21e16f33f92,SP,130,4922.4800000000005,1993.58,149,129,21,3.9302325581395348,0.16279069767441862,0.1076923076923077,12.873267984330484,True,0.40499504314898177
9df5750209b83567ec144eb299d7d634,RS,11,4917.0,259.3,11,11,2,4.0,0.18181818181818182,0.09090909090909091,14.06586595117845,False,0.05273540776896482
3ab971ce71839580d2ae5b4e40fe8044,SP,35,4917.0,880.25,37,34,7,3.911764705882353,0.20588235294117646,0.08571428571428572,6.8823330026455025,True,0.17902176123652633
503c1de08ae81a2d86f17951b204db55,SP,22,4906.99,414.90999999999997,22,22,1,4.409090909090909,0.045454545454545456,0.09090909090909091,13.488269675925926,False,0.08455489006498892
1bb2bdb95f4841f1bba2c0d2cd83d3c9,SP,79,4905.76,1118.17,83,78,3,4.628205128205129,0.038461538461538464,0.0759493670886076,12.408010431317393,True,0.22793002511333615
f789d2c4f2c2eb38fc4373e7a4b35264,MG,44,4864.24,869.0,49,44,6,4.159090909090909,0.13636363636363635,0.045454545454545456,10.94254734848485,True,0.17865072447083205
0d85bbda9889ce1f7e63778d24f346eb,MG,51,4845.2,1624.5,58,50,6,4.2,0.12,0.11764705882352941,15.828296114742193,True,0.3352802773879303
f7496d659ca9fdaf323c0aae84176632,SP,25,4837.67,804.26,26,25,2,4.56,0.08,0.08,12.427496296296297,False,0.16624945479952125
1336efc61c316ddf92c899eb817f7cae,SP,74,4837.31,1517.98,85,74,11,4.0,0.14864864864864866,0.0945945945945946,11.731673235735736,True,0.31380664046753254
ce69a8021d18961dd2a40269b7c2c293,PR,19,4818.0,471.05,19,19,2,4.473684210526316,0.10526315789473684,0.10526315789473684,10.203286427875245,False,0.09776878372768784
abcd2cb37d46c2c8fb1bf071c859fc5b,MT,44,4817.32,1304.52,51,44,1,4.318181818181818,0.022727272727272728,0.045454545454545456,13.89348879419192,True,0.27079787101541936
8f580d36c1e9d6fbce95283403c7d447,SP,8,4813.25,180.15,8,8,1,4.375,0.125,0.125,12.273006365740741,False,0.03742793330909469
c12b92bf1c350f3e6bf88d3596219c86,SP,17,4808.78,444.06,17,17,4,3.8823529411764706,0.23529411764705882,0.058823529411764705,10.78250408496732,False,0.09234358818660866
f6122bc84774df1b372bdb3bb88ddb9f,SP,3,4799.87,74.49000000000001,3,3,1,3.6666666666666665,0.3333333333333333,0.3333333333333333,15.619992283950618,False,0.015519170310862588
2a7dc43cecabf23403078e2188437d1d,SP,52,4795.91,4795.91,54,52,6,4.096153846153846,0.11538461538461539,0.07692307692307693,13.144261485042735,True,1.0
fcdd820084f17e9982427971e4e9d47f,SP,16,4783.99,881.75,27,16,3,3.9375,0.1875,0.125,12.597906539351852,False,0.18431267623887174
cfa5ab0e4d3fc212fd0b3410e7081c62,MG,15,4780.81,1015.48,20,15,3,3.8666666666666667,0.2,0.0,11.974913580246914,False,0.21240752090126985
c35affa65afd250151285c5917fc1c8a,SP,8,4779.92,644.84,8,8,1,4.25,0.125,0.125,17.261034432870368,False,0.13490602353177458
dfa0c4c6229ab200a4a1336b4d7128ff,SC,77,4777.1,1767.11,86,77,14,4.0,0.18181818181818182,0.03896103896103896,9.787441528379029,True,0.3699127085470264
acce39e832338debb07b02385cde5967,MG,44,4748.1,1175.56,44,44,3,4.4772727272727275,0.06818181818181818,0.0,7.04824626473064,True,0.24758534992944542
30a2f535bb48308f991d0b9ad4a8c4bb,SP,71,4731.3,1084.06,87,71,9,4.28169014084507,0.1267605633802817,0.028169014084507043,8.210501597548252,True,0.22912518758058037
0307f7565ff85b299b6e5ef162b1b1a9,SP,6,4711.9,256.99,6,6,2,3.5,0.3333333333333333,0.0,15.198894675925926,False,0.05454063116789406
ad420dd0c4f92f8af951ac24b86d0cf5,MG,42,4705.29,913.11,46,40,6,4.125,0.15,0.07142857142857142,15.178687444885362,True,0.19406030234055713
582d4f8675b945722eda7c0cb61ba4c7,SP,59,4702.96,980.97,71,59,9,4.1525423728813555,0.15254237288135594,0.01694915254237288,11.1029309871312,True,0.20858565669280624
968268a686aa05d1f529fb07dff08130,SP,12,4677.29,203.55,12,12,4,3.5,0.3333333333333333,0.0,9.403155864197531,False,0.04351878972652968
8931a84a914b3fe9b1ddaa4d704947ca,SP,29,4668.3,424.59,32,28,5,4.071428571428571,0.17857142857142858,0.06896551724137931,11.88358437100894,False,0.09095173832015936
b2479f944e1b90cf8a5de1bbfde284d6,SP,101,4666.53,2207.7,129,100,28,3.5,0.28,0.13861386138613863,15.400404519618627,True,0.47309242627819814
1a932caad4f9d804097d7f8e615baed1,SP,20,4661.0,1040.45,30,20,4,3.9,0.2,0.2,9.542867476851852,False,0.22322462990774514
7e3f87d16fb353f408d467e74fbd8014,SP,91,4653.09,1415.28,93,91,10,4.164835164835165,0.10989010989010989,0.12087912087912088,12.572568172568173,True,0.30415917164722794
0176f73cc1195f367f7b32db1e5b3aa8,SP,37,4643.2,1272.07,38,37,6,4.108108108108108,0.16216216216216217,0.10810810810810811,13.24754441941942,True,0.2739640764989662
ef990a83bbea832f36ebe81376335aa8,SC,43,4642.59,914.65,44,43,11,3.627906976744186,0.2558139534883721,0.2558139534883721,16.922471468561582,True,0.19701287427922776
537eb890efff034a88679788b647c564,RJ,158,4617.9,2475.54,171,158,14,4.237341772151899,0.08860759493670886,0.056962025316455694,9.140936108180966,True,0.5360748392126291
a3dd39f583bc80bd8c5901c95878921e,BA,34,4607.81,804.35,37,34,1,4.588235294117647,0.029411764705882353,0.029411764705882353,12.463181168300654,True,0.17456231919284865
9add47bf45ce8e8c7db6b9cf670b1e09,PR,41,4606.4400000000005,1082.76,43,40,3,4.225,0.075,0.024390243902439025,12.248760444896115,True,0.23505353374840438
06579cb253ecd5a3a12a9e6eb6bf8f47,SP,61,4587.400000000001,1420.57,70,61,9,4.131147540983607,0.14754098360655737,0.13114754098360656,9.941688107164541,True,0.3096677856738021
31da954dc0855f2495c6310f70a2f931,SP,29,4583.0,449.71,30,29,3,4.206896551724138,0.10344827586206896,0.10344827586206896,8.172798930395913,False,0.0981256818677722
4c498c7345e89aebad651544829beca0,SP,47,4570.27,561.39,47,47,4,4.276595744680851,0.0851063829787234,0.1276595744680851,10.82899847320725,True,0.12283519354436388
2addf05f476d0637864454e93ba673d5,DF,12,4552.0,325.64,12,12,0,5.0,0.0,0.0,10.398473186728395,False,0.07153778558875219
c68fb906c8f4b4b946d8386bfa6e5467,SP,45,4541.16,892.45,48,44,3,4.5227272727272725,0.06818181818181818,0.022222222222222223,10.92306507201646,True,0.1965246765143708
1fe5540d7c1c37a595fefbacd5570d9e,RJ,20,4537.6,581.15,25,20,1,4.3,0.05,0.05,11.861380787037037,False,0.12807431241184766
37dd29b36c458d82f74a953c40c43645,SP,7,4536.99,479.44,8,7,2,3.857142857142857,0.2857142857142857,0.14285714285714285,18.456660052910053,False,0.10567358535063996
13fa2a6c6b9d0f43cb588d7c82117a12,SP,9,4528.0,191.44,10,9,1,4.111111111111111,0.1111111111111111,0.3333333333333333,21.192283950617284,False,0.0422791519434629
c840d3fdbba0790404fdae73d253b253,PR,9,4522.280000000001,359.65,14,9,2,3.5555555555555554,0.2222222222222222,0.0,12.156665380658435,False,0.07952846794095013
45d33f715e24d15a6ccf5c17b3a23e3c,SP,56,4518.49,864.98,58,56,6,4.142857142857143,0.10714285714285714,0.07142857142857142,11.551485615079367,True,0.19143120821336332
180c3376aff0e43dd5788709df48a843,SP,5,4513.0,209.97,10,5,1,4.4,0.2,0.2,20.710101851851853,False,0.04652559273210725
b561927807645834b59ef0d16ba55a24,SP,85,4501.99,1305.04,95,85,8,4.341176470588235,0.09411764705882353,0.1411764705882353,12.612163671023964,True,0.2898806972027925
55d3daac7c404d59e51c2aa2f4dc5a23,SP,21,4480.6,1309.88,28,21,2,4.095238095238095,0.09523809523809523,0.0,8.714584986772488,False,0.2923447752533143
b4a476fbd28de64b1e347abf9089366a,SP,30,4479.04,796.0699999999999,35,29,3,4.137931034482759,0.10344827586206896,0.1,12.585382716049383,True,0.17773228191755375
e81e1f9c3e762e620f3fb60a51499e16,SC,17,4465.99,513.5,18,16,2,4.0,0.125,0.058823529411764705,25.360643382352944,False,0.11498010519504075
8bd0f31cf0a614c658f6763bd02dea69,SP,33,4455.34,967.98,35,32,3,4.28125,0.09375,0.030303030303030304,10.002721310325478,True,0.21726288004955852
b90e891671cffd9557f33a97dc523645,PR,34,4449.0,632.31,39,34,3,4.323529411764706,0.08823529411764706,0.0,7.635536832788671,True,0.142124072825354
bbad7e518d7af88a0897397ffdca1979,SP,68,4426.32,1314.92,84,67,27,3.1791044776119404,0.40298507462686567,0.16176470588235295,13.456101409313725,True,0.2970684451191961
d379f449f2a3b271bc01c0782020f705,MG,28,4423.06,1076.74,29,28,6,3.892857142857143,0.21428571428571427,0.03571428571428571,13.299655257936507,False,0.24343780097941242
0ef83d7d83ed97cd2a0049ac8be5f88a,PR,48,4421.01,1026.8,55,47,9,4.148936170212766,0.19148936170212766,0.020833333333333332,9.567613329475309,True,0.23225462055050766
fc906263ca5083d09dce42fe02247800,MG,112,4417.9,1855.3799999999999,117,112,10,4.392857142857143,0.08928571428571429,0.0,9.399892836474868,True,0.4199687634396433
f021c962aaba8ef6eb527a9c2c8394d1,SC,5,4398.5,135.37,5,5,1,4.2,0.2,0.0,8.171310185185186,False,0.030776401045811072
beadbee30901a7f61d031b6b686095ad,SP,64,4373.98,937.54,68,64,12,3.90625,0.1875,0.25,14.098720160590277,True,0.21434483010896255
15aac934c58d886785ac1b17953ea898,ES,25,4353.9,665.7,26,25,2,4.24,0.08,0.12,14.308052314814816,False,0.1528974023289465
eed78ac17f7f795a19a709745f00cd4e,SP,22,4349.5,846.34,56,22,5,3.772727272727273,0.22727272727272727,0.0,10.03719433922559,False,0.1945832854351075
a3f0b55de503387383c7b1de3ad7f678,PR,24,4348.400000000001,1229.34,26,24,1,4.416666666666667,0.041666666666666664,0.041666666666666664,10.704299768518519,False,0.28271088216355433
c500367424994318b9e779ff1ae9a330,SP,9,4346.4,311.98999999999995,9,9,2,3.7777777777777777,0.2222222222222222,0.1111111111111111,16.712573302469135,False,0.07178124424811337
2ff97219cb8622eaf3cd89b7d9c09824,SP,87,4339.1,1359.6,94,87,3,4.540229885057471,0.034482758620689655,0.05747126436781609,8.974518545125585,True,0.3133368670922541
834f8533b2ecb6598dd004ff3de7203a,SP,41,4324.349999999999,926.31,45,41,7,3.951219512195122,0.17073170731707318,0.14634146341463414,14.66357582429991,True,0.2142079156405009
9803a40e82e45418ab7fb84091af5231,GO,11,4278.75,512.63,18,11,3,3.727272727272727,0.2727272727272727,0.0,15.639769570707072,False,0.11980835524393807
282c7480173bb9c01dd41cc739fec010,SP,5,4274.2,192.10999999999999,8,4,1,4.0,0.25,0.2,14.406465277777778,False,0.044946422722380794
cc5a78bbad32776dc4e3af205218368c,MG,33,4269.18,1304.17,38,33,3,4.454545454545454,0.09090909090909091,0.030303030303030304,8.184648569023569,True,0.30548489405459595
1fdc574883ef3b33ad41562d93f3a74a,SP,18,4251.0,273.27,18,18,0,4.444444444444445,0.0,0.05555555555555555,11.25219843106996,False,0.06428369795342272
43f8c9950d11ecd03a0304a49e010da6,SP,41,4249.59,557.63,41,41,1,4.560975609756097,0.024390243902439025,0.07317073170731707,11.497686314363143,True,0.1312197176668808
9b1585752613ec342d03bbab9997ec48,RJ,3,4248.98,100.06,3,3,1,3.6666666666666665,0.3333333333333333,0.0,8.091628086419753,False,0.02354918121525637
3c03b12bab54d8b37d79d914bfdb1aa0,RJ,37,4236.34,683.43,43,36,7,3.8333333333333335,0.19444444444444445,0.16216216216216217,13.623107795295295,True,0.16132557821138055
8a130737016f838139d31878787a39c9,SP,56,4222.03,842.29,62,56,3,4.446428571428571,0.05357142857142857,0.07142857142857142,10.189485160383597,True,0.1994988192883518
6288c69c4ce638e59925e59193f98b16,SP,20,4196.8,270.21,20,20,1,4.25,0.05,0.05,9.613747106481481,False,0.06438476934807472
23613d49c3ac2bd302259e55c06c050c,SP,69,4193.1,2034.04,79,68,16,3.8676470588235294,0.23529411764705882,0.14492753623188406,13.97690838030059,True,0.48509217524027565
8bb48dc19fccaa8613b6229bf7f452a2,SP,82,4190.72,1857.4,95,82,7,4.414634146341464,0.08536585365853659,0.024390243902439025,11.476086833785004,True,0.44321739462431275
b19f3ca2ea475913750f25a5c37c8d8f,MG,19,4174.16,1002.49,19,19,7,3.263157894736842,0.3684210526315789,0.3157894736842105,18.389999390838206,False,0.24016568603024321
5c030029b5916fed0986310385ec9009,SC,7,4164.4,915.5,10,7,0,4.857142857142857,0.0,0.0,6.232266865079366,False,0.21983959273844975
bccf933e006e9b94a6184af782963e77,SP,45,4162.74,884.47,46,44,3,4.5227272727272725,0.06818181818181818,0.022222222222222223,11.69805066872428,True,0.21247303458779557
f76a3b1349b6df1ee875d1f3fa4340f0,SP,24,4160.79,588.19,24,24,7,3.4583333333333335,0.2916666666666667,0.375,17.02268036265432,False,0.1413649811694414
8b9d6eec4a7eb7d0f9d579ce0b38324d,RJ,48,4159.55,1667.3,52,48,8,4.0625,0.16666666666666666,0.16666666666666666,10.403158275462962,True,0.4008366289622675
cd6efc47efaabf134f8bdb654e10b4f1,RJ,31,4158.55,598.61,32,31,2,4.483870967741935,0.06451612903225806,0.0967741935483871,8.592231556152926,True,0.14394680838272955
6fc26fe110feebd80a433e1f012a84f9,SP,35,4150.87,977.19,72,34,5,3.911764705882353,0.14705882352941177,0.11428571428571428,12.877805224867725,True,0.235418117165799
65febd49fd28ec955651299159b1f527,SP,33,4136.71,948.67,38,33,3,4.454545454545454,0.09090909090909091,0.06060606060606061,6.6798937289562295,True,0.2293295880059274
cac4c8e7b1ca6252d8f20b2fc1a2e4af,SP,74,4128.19,1530.51,82,73,20,3.5821917808219177,0.273972602739726,0.22972972972972974,18.222758696196195,True,0.3707460170195655
681fce914360217db47784ae28905a96,PR,23,4127.33,444.47,24,22,5,4.0,0.22727272727272727,0.13043478260869565,12.635159520933977,False,0.10768947479363172
d66c305afaec317ebee552073a674429,MG,38,4126.59,1108.91,44,38,2,4.473684210526316,0.05263157894736842,0.02631578947368421,9.693951023391813,True,0.26872308613164864
98dac6635aee4995d501a3972e047414,SP,89,4115.75,2379.6,190,88,16,4.1477272727272725,0.18181818181818182,0.0898876404494382,9.616128017062007,True,0.5781692279657413
e883aa812c37a7413226856f4579fe91,SP,26,4097.1,457.36,29,26,3,4.153846153846154,0.11538461538461539,0.038461538461538464,9.902272079772079,False,0.11163017744258133
2a167ca73899c85001a837d8fb4962f6,SP,2,4097.0,100.62,3,2,0,4.5,0.0,0.0,6.509230324074074,False,0.024559433731999026
42b729f859728f5079499127a9c2ef37,SP,103,4096.96,1299.96,131,102,7,4.480392156862745,0.06862745098039216,0.07766990291262135,7.848344570298454,True,0.3172986799968757
99002261c568a84cce14d43fcffb43ea,MT,36,4088.0,1100.33,36,36,6,3.7222222222222223,0.16666666666666666,0.08333333333333333,16.837109374999997,True,0.26916095890410957
6b3bd31ad8fcda4b2635ec9f3ff2ecdf,RJ,35,4063.9,737.97,42,35,6,4.085714285714285,0.17142857142857143,0.08571428571428572,13.211791666666667,True,0.18159157459583158
f35b3c613c4f7b2275f4185d0a3c59ec,SP,9,4047.25,167.04,9,9,1,4.555555555555555,0.1111111111111111,0.2222222222222222,12.80266975308642,False,0.04127246896040521
715bbd5ba4e6b74cb0d2f29eb45058b0,SP,62,4043.3,1272.58,64,62,4,4.467741935483871,0.06451612903225806,0.08064516129032258,11.924290434587814,True,0.3147379615660475
382229d1e840115ffe3dbf5ff460e417,RJ,45,4037.06,853.27,48,45,5,4.266666666666667,0.1111111111111111,0.1111111111111111,9.299387345679012,True,0.21135925648863282
e70053bf73d1b5863932e53a9fa47496,SP,7,4025.0,133.58,7,7,0,4.285714285714286,0.0,0.0,13.455330687830687,False,0.03318757763975155
3c7c4a49ec3c6550809089c6a2ca9370,SP,139,4002.75,1796.46,158,139,38,3.6906474820143886,0.2733812949640288,0.07913669064748201,9.574326622035704,True,0.44880644556867155
55a5b51f93f2b70ea513f5a047b0262a,MG,39,4002.3,847.08,41,39,2,4.461538461538462,0.05128205128205128,0.07692307692307693,13.739854582146249,True,0.21164830222621991
6ec1a01e866584bb679eb9b098345919,SP,30,3998.9100000000003,795.85,31,29,4,4.241379310344827,0.13793103448275862,0.2,13.770480709876544,True,0.1990167320594862
951e8cef368f09bb3f3d03c00ca4702c,SP,62,3993.31,1360.23,69,60,8,4.133333333333334,0.13333333333333333,0.08064516129032258,9.414246378434886,True,0.3406271989903113
6b333a05bf188ef3e1f1662a86bd9855,DF,12,3990.91,563.97,13,12,1,4.333333333333333,0.08333333333333333,0.08333333333333333,10.705775462962963,False,0.141313635236074
bede56095ba33c42038fb85f707b8a42,SP,2,3973.9,210.87,2,2,0,4.5,0.0,0.0,12.575914351851853,False,0.053063740909434054
50c9975695009e5e6473912e83a6d1da,MG,50,3964.4,2919.55,68,49,9,3.938775510204082,0.1836734693877551,0.14,16.47676388888889,True,0.7364418323075371
ec8879960bd2221d5c32f8e12f7da711,SP,35,3957.5,798.76,35,34,4,4.294117647058823,0.11764705882352941,0.17142857142857143,16.495119378306878,True,0.2018344914718888
bf3c6d2a28b2b5501e6c15448982dcc9,SP,35,3956.5,691.65,43,35,1,4.6,0.02857142857142857,0.02857142857142857,11.815347552910053,True,0.17481359787691142
3f995f07c49d0d55a99d5c54957f7d81,SP,43,3955.7,671.5,43,43,4,4.209302325581396,0.09302325581395349,0.023255813953488372,9.59438630490956,True,0.16975503703516445
81f89e42267213cb94da7ddc301651da,SP,46,3955.0,766.18,52,46,10,3.6739130434782608,0.21739130434782608,0.0,7.448632749597424,True,0.19372439949431097
11bfa66332777660bd0640ee84d47006,SP,76,3925.87,1682.6699999999998,102,76,17,3.8947368421052633,0.2236842105263158,0.15789473684210525,16.52767665692008,True,0.4286107283226393
d20b021d3efdf267a402c402a48ea64b,SP,86,3922.3,1504.96,102,85,17,3.7529411764705882,0.2,0.1744186046511628,16.99066308677864,True,0.38369324121051424
fde0cc9ea29c8ccfc0a2c22256a58c71,PR,35,3922.0,999.27,35,35,3,4.485714285714286,0.08571428571428572,0.02857142857142857,8.711281084656084,True,0.2547858235594085
7f152321c60a266edc53af1925ef96c1,SC,20,3919.8,552.12,20,20,5,3.8,0.25,0.3,23.469773148148146,False,0.14085412521046992
d5ba419e26d246a0719437cf37d9b46d,SP,33,3911.5,504.3,34,32,5,4.0,0.15625,0.12121212121212122,9.783186377665544,True,0.12892752141122332
d673a59aac7a70d8b01e6902bf090a11,SP,79,3908.94,1590.62,84,79,12,3.911392405063291,0.1518987341772152,0.10126582278481013,14.116783725972807,True,0.40691849964440485
79ed755314cfe6df0daef2c6cd3022cd,SP,23,3907.5,459.16,25,22,0,4.7272727272727275,0.0,0.0,9.259990942028987,False,0.11750735764555342
3361277dc30b7cccdb0c286b24219756,PR,29,3905.05,635.85,42,29,2,4.344827586206897,0.06896551724137931,0.06896551724137931,13.247004709450831,False,0.16282762064506215
f00e21b1e91a79653163b7fd8f293ff1,SP,31,3900.09,570.97,31,30,4,4.1,0.13333333333333333,0.03225806451612903,12.971604316009559,True,0.1463991856598181
14d7985702e72162bbf13b6beb74ab2b,SP,37,3887.0,554.0,38,37,3,4.324324324324325,0.08108108108108109,0.13513513513513514,11.058064314314315,True,0.14252636995111911
02f5837340d7eb4f653d676c7256523a,PR,30,3883.05,580.83,30,30,1,4.833333333333333,0.03333333333333333,0.03333333333333333,9.659020061728395,True,0.14958087070730483
8090490573c6c0aa343a7231ebcb8c86,SP,26,3871.1200000000003,426.91,26,26,3,4.1923076923076925,0.11538461538461539,0.07692307692307693,10.091355056980056,False,0.11028074562400546
1b938a7ec6ac5061a66a3766e0e75f90,SP,29,3859.8,859.65,31,29,2,4.413793103448276,0.06896551724137931,0.034482758620689655,11.460889607279695,False,0.22271879371988185
d12c926d74ceff0a90a21184466ce161,SP,76,3850.2799999999997,1225.4,97,76,5,4.355263157894737,0.06578947368421052,0.013157894736842105,8.724073617202729,True,0.31826256791713853
c9a06ece156bb057372c68718ec8909b,DF,11,3849.0,432.96000000000004,11,11,3,3.3636363636363638,0.2727272727272727,0.0,11.487320075757577,False,0.1124863600935308
42fa4ee7240e9b8eb4576358ec142ba7,RS,22,3845.7,518.77,22,21,0,4.809523809523809,0.0,0.0,6.923532723063972,False,0.13489611774189356
8ed8ea9a57c862f2c18c2fe41f601d56,SC,19,3831.9,731.0699999999999,19,19,1,4.473684210526316,0.05263157894736842,0.0,8.578249878167641,False,0.19078525013700773
6860153b69cc696d5dcfe1cdaaafcf62,SP,74,3827.63,1490.6000000000001,84,73,11,4.095890410958904,0.1506849315068493,0.0945945945945946,10.249410660660661,True,0.3894315803774137
232a6014e7b10cba61c6c2b2ea6bb4b0,SP,32,3819.9700000000003,1197.07,35,32,4,4.15625,0.125,0.0625,13.59916015625,True,0.3133715709809239
4d600e08ecbe08258c79e536c5a42fee,PR,7,3816.17,142.96,7,7,1,4.428571428571429,0.14285714285714285,0.0,12.936089616402116,False,0.03746164348024328
2e13c71026e1a39ba5cc1b86dcb679aa,SP,24,3793.0,517.21,28,24,3,4.375,0.125,0.08333333333333333,10.574384162808643,False,0.13635908252043238
cb41bfbcbda0aea354a834ab222f9a59,SP,11,3792.0,858.66,11,11,4,3.272727272727273,0.36363636363636365,0.36363636363636365,37.56390677609427,False,0.2264398734177215
6a0cbc8af2e8abd1bdfb777943d174c6,SP,34,3788.15,729.0,34,33,4,4.03030303030303,0.12121212121212122,0.08823529411764706,15.508637322984749,True,0.1924422211369666
38874e327ce94d11390b96eb42d61928,SP,6,3779.94,378.49,6,6,0,4.0,0.0,0.16666666666666666,19.95860725308642,False,0.10013121901405843
3f3486b61f45078d4f31ee5e43d8c5bb,SP,39,3769.73,883.4,39,39,3,4.333333333333333,0.07692307692307693,0.15384615384615385,13.880131469610637,True,0.2343403904258395
2199e7fe213c16213bf5d6a7eadc9a5d,SP,24,3767.29,541.8100000000001,30,24,2,4.375,0.08333333333333333,0.041666666666666664,10.778349247685185,False,0.1438195626033568
f0b47fbbc6dee9aafe415a6e33051b3f,SP,67,3766.92,1320.98,85,67,8,4.253731343283582,0.11940298507462686,0.1044776119402985,10.125389372581537,True,0.3506790693723254
7d76b645482be4a332374e8223836592,SP,172,3765.74,2522.0299999999997,183,170,24,4.0,0.1411764705882353,0.11627906976744186,13.625463635874246,True,0.669730252221343
891071be6ba827b591264c90c2ae8a63,SP,85,3763.35,1193.7,90,85,17,3.9529411764705884,0.2,0.17647058823529413,13.706738970588235,True,0.31719080074933237
5d9dc90a686a8fddacffab6bab5653a3,SP,12,3761.94,369.33,12,12,1,4.166666666666667,0.08333333333333333,0.08333333333333333,8.628353587962962,False,0.09817540949616421
edf96ef93ed595084bbcbd9224bd2894,SP,25,3757.0,608.78,28,25,3,3.88,0.12,0.12,13.89298888888889,False,0.16203886079318605
2d2c62bef4c8ba0dd74e0e228e808539,SP,16,3749.0,481.48,16,16,3,4.125,0.1875,0.125,10.30731987847222,False,0.12842891437716725
1d0997ff06b524ce9289ffd75114ecd3,PE,3,3747.0,126.57,3,3,1,3.6666666666666665,0.3333333333333333,0.3333333333333333,17.01238425925926,False,0.03377902321857486
3c4e0452bff7a2a788179488d3d77032,PR,32,3746.4,606.12,36,31,6,3.838709677419355,0.1935483870967742,0.03125,13.833818721064816,True,0.16178731582319025
eb4df17aed01d918c65f0f8d650900c0,SP,11,3739.87,185.59,11,11,2,3.909090909090909,0.18181818181818182,0.2727272727272727,12.899521254208754,False,0.04962471957581414
13d058e4eeac2ce8217660b2f8a05812,SP,22,3739.78,907.59,22,22,3,4.181818181818182,0.13636363636363635,0.13636363636363635,11.403861531986532,False,0.24268539860633512
77e4abfd739aed9c46480f90f81c0eb4,DF,18,3736.99,355.21999999999997,18,18,0,4.777777777777778,0.0,0.0,10.008789223251028,False,0.09505511119912015
23a0ffca143a15b9b5bbdb7d552f626a,SP,23,3718.51,585.77,24,23,5,3.9130434782608696,0.21739130434782608,0.13043478260869565,11.501923812399356,False,0.1575281497158808
822166ed1e47908f7cfb49946d03c726,RJ,69,3714.83,1821.12,108,68,13,3.985294117647059,0.19117647058823528,0.014492753623188406,12.805294216317767,True,0.49022970095536
ec80e49e69745ab6c14f984bf2149423,SP,12,3709.0,188.31,12,11,1,4.0,0.09090909090909091,0.16666666666666666,12.847035108024691,False,0.05077109733081693
a44fb5a447105f8469bdf16bf9159f25,RS,19,3706.1,586.61,19,19,3,4.052631578947368,0.15789473684210525,0.2631578947368421,14.242983065302143,False,0.15828229135749172
520b493b57809f446cb0a233bb3e25c7,SP,63,3698.9,1063.97,73,63,6,4.2936507936507935,0.09523809523809523,0.031746031746031744,7.681669422398589,True,0.2876449755332666
c0563dd588b775f2e37747ef6ad6c92c,SP,28,3697.2000000000003,397.47999999999996,28,28,4,4.357142857142857,0.14285714285714285,0.10714285714285714,10.860574156746031,False,0.10750838472357457
0509040ea3fe50071181bbc359eb7738,MG,87,3689.35,1409.8999999999999,96,86,1,4.476744186046512,0.011627906976744186,0.06896551724137931,11.611956550659855,True,0.38215403797416886
5f5b43b2bffa8656e4bc6efeb13cc649,SP,27,3677.2,555.45,29,27,2,4.407407407407407,0.07407407407407407,0.037037037037037035,13.945222479423867,False,0.1510524311976504
b1fecf4da1fa2689bccffa0121953643,MS,19,3669.64,397.08,20,19,0,4.947368421052632,0.0,0.0,10.201297514619883,False,0.10820679957707023
2745f798279e0ed033addcc1474776d7,SP,32,3668.53,696.46,32,31,4,3.967741935483871,0.12903225806451613,0.09375,13.36188548900463,True,0.18984715948895062
c731d18cea9bf687ffee82a241c25b11,SC,24,3662.0,610.65,26,23,4,4.217391304347826,0.17391304347826086,0.0,7.912736304012346,False,0.16675314036045877
33ac3e28642ab8bda860a2f693000e78,SP,34,3661.03,490.09000000000003,35,34,4,4.205882352941177,0.11764705882352941,0.0,8.721855936819173,True,0.13386669871593512
8b2492b7ff4468839593fafeed55bad9,RJ,29,3660.08,676.18,45,29,4,4.172413793103448,0.13793103448275862,0.06896551724137931,12.439672733077906,False,0.18474459574654106
56642bcb79900e777d68e91915cb4267,SP,48,3657.64,814.15,56,48,7,4.0625,0.14583333333333334,0.08333333333333333,12.484718364197532,True,0.22258888244879213
7f2617c58d5d06806987308b45654351,SP,22,3656.8,326.47,23,22,3,3.8181818181818183,0.13636363636363635,0.09090909090909091,12.480531355218856,False,0.08927751039159922
5d3bb11474a06bdc23fb9e89f1164ee0,SP,31,3654.6,524.22,32,31,5,3.903225806451613,0.16129032258064516,0.03225806451612903,9.800679883512545,True,0.1434411426695124
f97e2b0650c2068227e1d366140eb62f,SP,16,3654.0,1011.98,21,15,3,4.0,0.2,0.0625,14.7938671875,False,0.27695128626163107
6bb0724edf0b62fb91ac404873a97241,SP,17,3653.0,763.52,18,15,1,4.466666666666667,0.06666666666666667,0.17647058823529413,14.394572440087146,False,0.20901177114700245
38e679b9e0064cd94c6f035707344dae,PR,27,3644.15,692.47,28,26,4,4.115384615384615,0.15384615384615385,0.037037037037037035,11.22948645404664,False,0.19002236461177505
ed4311e67debd72b8610a5347a743087,SP,25,3636.0,706.8100000000001,26,24,1,4.625,0.041666666666666664,0.08,7.809243981481481,False,0.1943921892189219
1eade46fba20122dc4aefb379f8c636b,SP,58,3635.37,1038.34,75,58,5,4.431034482758621,0.08620689655172414,0.13793103448275862,12.37374361430396,True,0.28562154608746837
e49c26c3edfa46d227d5121a6b6e4d37,PE,34,3624.35,1141.31,35,34,2,4.5588235294117645,0.058823529411764705,0.0,11.620668913398692,True,0.31490060286672095
271c58a1d139c45eaf3316107c6d3a3b,SP,27,3597.63,634.92,27,27,4,4.185185185185185,0.14814814814814814,0.07407407407407407,13.15568329903978,False,0.17648285121038015
3364a91ec4d56c98e44174de954b94f6,RO,6,3579.94,273.91,6,6,2,3.8333333333333335,0.3333333333333333,0.0,14.826041666666669,False,0.07651245551601424
8f119a0aee85c0c8fc534629734e94fd,SP,75,3578.88,1067.01,81,75,6,4.28,0.08,0.05333333333333334,10.047791203703703,True,0.2981407591201717
99a54764c341d5dc80b4a8fac4eba3fb,SP,44,3578.7599999999998,1298.82,66,43,9,3.6744186046511627,0.20930232558139536,0.20454545454545456,7.728657933501683,True,0.36292458840492237
3c010235b7345c92f125d14ee232a76b,PR,15,3578.0,427.32,15,15,0,4.666666666666667,0.0,0.0,11.039577932098764,False,0.11942984907769703
f2336e113377dd21c744d9c4fc8293a9,SP,4,3563.0,199.07999999999998,4,4,0,4.25,0.0,0.0,20.24722511574074,False,0.05587426326129666
602044f2c16190c2c6e45eb35c2e21cb,SP,48,3559.17,909.76,55,47,16,3.276595744680851,0.3404255319148936,0.1875,14.810961371527776,True,0.2556101563004858
218f991754f360af9c2daa5e0b8e990c,SP,14,3554.32,265.22,17,14,3,3.642857142857143,0.21428571428571427,0.14285714285714285,13.861703869047618,False,0.07461905512165477
585175ec331ea177fa47199e39a6170a,MG,1,3549.0,53.47,1,1,0,5.0,0.0,0.0,7.919513888888889,False,0.015066215835446605
406822777a0b9eb5c50e442dd4cd3ec5,SP,44,3548.09,901.12,46,43,4,4.325581395348837,0.09302325581395349,0.13636363636363635,13.384291351010102,True,0.25397326448878127
a0415d9b25ede3c4b1e477e9916ffc03,RJ,9,3544.2,184.94,9,9,1,4.222222222222222,0.1111111111111111,0.0,8.927204218106997,False,0.052181028158681794
66dc1b1632bd6a3e508510c5b3492107,SP,36,3542.19,689.71,41,36,9,3.638888888888889,0.25,0.027777777777777776,10.280148855452675,True,0.19471287536806325
f3da5b2ff499efb8d4a6d371d175d7dd,SP,77,3540.89,1099.7,82,76,13,3.914473684210526,0.17105263157894737,0.14285714285714285,11.518876713564214,True,0.31057163594463544
71039d19d4303bf9054d69e9a9236699,SP,35,3537.2,621.45,38,35,7,3.8,0.2,0.22857142857142856,13.89009656084656,True,0.17568981115006221
96804ea39d96eb908e7c3afdb671bb9e,MG,37,3530.75,737.25,39,37,5,4.135135135135135,0.13513513513513514,0.02702702702702703,12.917326076076076,True,0.20880832684273878
6750d71153f00fc58829af2a8ef1bcf1,RJ,6,3514.0,112.5,6,6,1,4.166666666666667,0.16666666666666666,0.0,9.518886959876545,False,0.03201479795105293
3d8fa2f5b647373c8620330c4e077a9f,SP,42,3501.74,793.98,47,41,5,4.2317073170731705,0.12195121951219512,0.023809523809523808,9.113136849647267,True,0.22673870704278445
4559697a8f7e637227c2eeaed843baff,SP,39,3486.3,703.22,39,39,5,4.205128205128205,0.1282051282051282,0.07692307692307693,12.937863544634379,True,0.20170954880532369
e7d5b006eb624f13074497221eb37807,SP,28,3478.93,741.49,63,28,6,3.9285714285714284,0.21428571428571427,0.07142857142857142,11.165859375,False,0.21313737269792724
8ff38bc3969e67c36c48343a07090f66,SP,2,3472.0,387.56,8,2,1,2.5,0.5,0.0,16.915497685185183,False,0.11162442396313364
ed46f1eb4a638113deb2a1137b5f22e9,SC,4,3470.0,216.68,4,4,1,4.0,0.25,0.0,7.358561921296296,False,0.062443804034582134
822b63912576852aea9a8436d72317b7,SP,6,3465.9300000000003,149.34,7,6,0,4.833333333333333,0.0,0.0,23.300331790123455,False,0.04308800235434645
bce6a5ecf98e99fd2a8868b15c51f04b,SP,14,3464.9,241.60000000000002,15,14,3,4.071428571428571,0.21428571428571427,0.21428571428571427,11.760042162698413,False,0.06972784207336431
f0837c8d71434931d9e38e7b79234797,RS,22,3446.9,602.46,23,22,0,4.590909090909091,0.0,0.045454545454545456,11.822301136363636,False,0.17478313847225044
df560393f3a51e74553ab94004ba5c87,PR,26,3429.78,570.11,27,26,2,3.8846153846153846,0.07692307692307693,0.07692307692307693,18.46703303062678,False,0.1662234895532658
276677b5d08786d5dce7c2149dcce48b,MG,31,3424.2,765.25,45,31,6,4.032258064516129,0.1935483870967742,0.0967741935483871,12.060317727001195,True,0.2234828573097366
b17b679f4f5ce2e03ce6968c62648246,SP,50,3424.18,980.18,51,50,8,3.98,0.16,0.18,19.22530671296296,True,0.2862524750451203
4677a5437afda5fa7140b927b07be1cc,PR,11,3415.7,420.0,11,11,0,4.363636363636363,0.0,0.09090909090909091,12.510571338383839,False,0.12296161840911088
f4db9b37944bcb8873e6b456ee190bbf,SP,21,3409.78,500.16,22,21,0,4.571428571428571,0.0,0.09523809523809523,13.154061397707231,False,0.14668395028418255
827f8f69dfa529c561901c4f2e0f332f,PR,91,3408.39,1595.57,104,89,10,4.286516853932584,0.11235955056179775,0.0989010989010989,13.683475910663411,True,0.46813011421814993
cfd7ddab722b902f7ac5b5f3ba6d723d,MG,12,3385.0299999999997,673.0799999999999,13,12,1,4.75,0.08333333333333333,0.0,5.445188078703704,False,0.19884018753157284
960945e1a9535cbc0cd6ddd35fbe7ae8,SP,28,3381.73,479.8,29,28,0,4.642857142857143,0.0,0.0,6.186472387566137,False,0.1418800436462994
1b8356dabde1d35e17cef975c3f82730,SP,55,3366.4,970.23,60,55,5,4.218181818181818,0.09090909090909091,0.01818181818181818,10.540133417508416,True,0.2882099572243346
070d165398b553f3b4b851c216b8a358,SP,31,3333.17,967.9399999999999,38,30,10,3.3666666666666667,0.3333333333333333,0.16129032258064516,12.10249775985663,True,0.29039622941524135
6481e96574816ead57975da2c0f6d80d,SP,32,3324.9,1015.96,43,32,3,4.1875,0.09375,0.03125,6.952938368055555,True,0.3055610695058498
6b90f847357d8981edd79a1eb1bf0acb,SP,45,3322.08,737.65,47,45,3,4.355555555555555,0.06666666666666667,0.044444444444444446,5.575552469135802,True,0.22204462264605307
db4350fd57ae30082dec7acbaacc17f9,SP,136,3304.3199999999997,2064.7,145,135,16,4.162962962962963,0.11851851851851852,0.03676470588235294,10.788565410539217,True,0.6248486829362774
994f04b3718c2bab35c2adfa8afecd2a,SP,47,3289.8,754.65,55,47,2,4.297872340425532,0.0425531914893617,0.0851063829787234,14.034709663120568,True,0.2293908444282327
a2b5b6105ea5942300631d2e76f4ffe0,SP,16,3286.6899999999996,722.65,16,16,0,4.75,0.0,0.125,8.46931495949074,False,0.21987166419711018
54c04bdb5ec46762f8f08c7e8f86ed4a,SC,18,3281.66,476.12,19,18,2,4.333333333333333,0.1111111111111111,0.1111111111111111,15.720031507201647,False,0.14508510936538216
5b51032eddd242adc84c38acab88f23d,MG,12,3280.0,268.95,14,12,1,4.0,0.08333333333333333,0.0,11.746846064814816,False,0.0819969512195122
52562a9f449c3dc3d53f5f5b9ed74903,RN,14,3266.6,444.03999999999996,14,14,0,4.785714285714286,0.0,0.0,13.357767857142857,False,0.13593338639564073
aeb36d67f1414f234d42a29e27cf1f17,SP,4,3263.8,284.3,4,4,0,4.5,0.0,0.25,19.47006076388889,False,0.08710705312825541
594f9aaa48e5bf431f011ddc5669b0d5,MG,37,3248.8,887.61,38,37,1,4.594594594594595,0.02702702702702703,0.02702702702702703,7.7872528778778785,True,0.2732116473774932
a938325a4b357fd23a6a4d5bb126408e,RJ,24,3231.0,560.81,25,24,5,3.8333333333333335,0.20833333333333334,0.041666666666666664,13.239615162037039,False,0.173571649644073
643214e62b870443ccbe55ab29a4dccf,SP,65,3229.23,891.48,66,65,3,4.4,0.046153846153846156,0.12307692307692308,9.59067735042735,True,0.27606581135440955
c64a2aec32cc408a8a4c6d7c46017f91,RS,9,3221.5,406.67,9,9,1,3.888888888888889,0.1111111111111111,0.0,21.510210905349794,False,0.12623622536085674
afa6714acee029b2dfdf357e5579cc03,SP,16,3220.7599999999998,382.82,17,16,2,4.25,0.125,0.125,12.73338179976852,False,0.11886014481054162
4c18691b6037662be2df78a765d98ab5,SP,63,3195.52,1120.99,67,63,11,3.873015873015873,0.1746031746031746,0.07936507936507936,9.23715057319224,True,0.3508004956939716
d57e18d5f73c7ccb7f7339b61166898d,SP,61,3187.7,923.49,63,61,5,4.426229508196721,0.08196721311475409,0.03278688524590164,9.213413213418336,True,0.2897041754242871
e48b04bf1aa1ef711caebeb7aede6180,PR,25,3187.1000000000004,645.63,25,25,2,4.48,0.08,0.0,10.544004166666666,False,0.20257600953845187
e89c4adbe7b1d0819dbb636e16461cf1,SP,24,3181.3,454.85,25,24,4,3.8333333333333335,0.16666666666666666,0.125,15.115932677469134,False,0.14297614182881213
870d0118f7a9d85960f29ad89d5d989a,MG,45,3157.2,1270.83,61,45,4,4.044444444444444,0.08888888888888889,0.044444444444444446,14.461575874485597,True,0.4025180539718738
c8b3445d737de6befde0c88ede534a5e,SP,30,3149.04,651.75,36,30,2,4.433333333333334,0.06666666666666667,0.03333333333333333,11.700679398148148,True,0.20696783781723954
5bc24d989e71e93c33e50a7782431b0e,MG,17,3148.0,588.53,17,17,2,4.352941176470588,0.11764705882352941,0.0,9.188674428104575,False,0.1869536213468869
f326006815956455b2859abd58fe7e39,SP,9,3147.16,666.02,30,9,0,4.666666666666667,0.0,0.0,12.90150591563786,False,0.21162571969648827
3cfa1358a6caa965278721344c8d76f2,SP,5,3140.2799999999997,81.25,5,5,0,4.8,0.0,0.0,6.302104166666666,False,0.025873488988243088
c394e193cda3b4225ff2094d32184849,SP,2,3134.8900000000003,177.56,11,2,0,5.0,0.0,0.0,11.452471064814816,False,0.05663994589921815
238fac594e170b59c6d228f5a4f4f1d9,SP,29,3126.0,1419.52,30,28,4,4.0,0.14285714285714285,0.10344827586206896,12.00780491698595,False,0.4541010876519514
21e83881401b92b49fb09a16d3852291,MG,12,3109.06,497.03,13,12,0,4.833333333333333,0.0,0.0,10.948888888888888,False,0.15986503959396087
5b35136197710e16ac5e7b7c2bd4ea85,RJ,7,3104.2000000000003,246.08999999999997,9,7,4,2.5714285714285716,0.5714285714285714,0.2857142857142857,18.389627976190475,False,0.07927646414535144
5c6d4016c2a288f074fa0848a2b653d2,SP,31,3100.0,498.13,34,31,4,4.161290322580645,0.12903225806451613,0.0967741935483871,10.63474089008363,True,0.16068709677419354
08cdbae123ff67ca4e36d9d641ce0119,MG,4,3098.99,1096.47,6,4,2,3.25,0.5,0.5,24.25667534722222,False,0.3538152752993718
95f83f51203c626648c875dd41874c7f,MG,50,3077.6600000000003,1554.14,65,50,14,3.7,0.28,0.06,11.724691898148148,True,0.5049745585932169
f61c63d13f7cd800549d5acdd390ae72,SP,26,3072.3,429.39,26,26,3,4.0,0.11538461538461539,0.07692307692307693,11.74718482905983,False,0.1397617420173811
aae3bfea055532c57fb453ed3ec80b30,SP,48,3057.92,799.25,50,47,10,3.595744680851064,0.2127659574468085,0.0,12.522698929398148,True,0.2613704740477187
612a743d294c27884fb7b80d2b19ba35,PR,2,3057.7000000000003,104.45,3,2,0,4.5,0.0,0.0,9.794849537037036,False,0.03415966249141511
d9e8c084b68fe958861d8f2c21202e6b,SP,9,3050.0,181.86,12,9,1,4.333333333333333,0.1111111111111111,0.0,10.330096450617283,False,0.059626229508196724
b8555308bfdb4ca1ed54325a58da9a97,SP,26,3047.2000000000003,582.83,28,26,3,4.0,0.11538461538461539,0.07692307692307693,10.219418625356125,False,0.19126739301653978
0ebd97a106433a45a4aebe57c1799778,MG,31,3046.8,614.88,32,31,2,4.483870967741935,0.06451612903225806,0.0,9.436748805256869,True,0.20181173690429302
4da0e408c99d2fdc2126dc9fce518060,PR,44,3026.0,938.73,54,44,3,4.409090909090909,0.06818181818181818,0.0,9.280887257996632,True,0.31022141440846
4c8545742faaf58fafd5fd14d25d75cf,SP,4,3020.0,196.31,4,4,0,4.5,0.0,0.0,9.968619791666667,False,0.06500331125827814
55f7a3319d80f7fdf078b8f03e6725fe,SP,22,3013.78,406.67,22,22,4,3.772727272727273,0.18181818181818182,0.09090909090909091,6.7771659301346805,False,0.13493685670486896
2d50d6282f8aa2257819a77bfaa0efe0,SP,42,3008.48,754.17,43,42,8,3.8095238095238093,0.19047619047619047,0.14285714285714285,13.652660659171076,True,0.25068140722225174
3bdff180c7e1f6551a643b99c265a120,SP,56,3008.2000000000003,1003.88,58,55,5,4.254545454545455,0.09090909090909091,0.05357142857142857,10.034405588624338,True,0.33371451366265537
5bc55dbe2f12b6af6d83ed46023e0dc8,MG,17,2992.1000000000004,417.28,21,17,10,2.411764705882353,0.5882352941176471,0.23529411764705882,13.928327886710239,False,0.13946057952608534
0c7533c71df861ec58ad7ff999ed0e8d,SP,61,2989.2999999999997,874.21,73,61,9,4.147540983606557,0.14754098360655737,0.04918032786885246,10.811724537037039,True,0.2924463921319373
fce62094ffe6a4009188ec44e681dfdd,SP,4,2969.7,482.93,11,4,1,4.0,0.25,0.25,13.50243923611111,False,0.16261911977640842
9646c3513289980f17226a2fc4720dbd,SP,69,2964.4,1187.83,76,69,4,4.449275362318841,0.057971014492753624,0.028985507246376812,11.201072195383789,True,0.40069828633112936
d17f467e4bf608a510c20d82f4ba3b6b,RS,11,2963.7799999999997,507.53000000000003,11,11,0,4.2727272727272725,0.0,0.18181818181818182,12.06053451178451,False,0.17124415442441748
b1ac6ea7895bc3dd6f0f6f4abbdd2821,RS,38,2962.0,772.36,38,38,1,4.526315789473684,0.02631578947368421,0.0,10.18083455165692,True,0.2607562457798785
8cbac7e12637ed9cffa18c7875207478,SC,66,2955.98,1640.73,81,66,7,4.166666666666667,0.10606060606060606,0.06060606060606061,13.94055345117845,True,0.5550544996921495
f4aba7c0bca51484c30ab7bdc34bcdd1,SP,108,2951.8999999999996,1515.23,115,108,17,3.9444444444444446,0.1574074074074074,0.06481481481481481,10.979156057098765,True,0.5133066838307532
e908c0f3646e8b60375734a350d95d71,SP,1,2951.0,58.53,1,1,0,4.0,0.0,0.0,27.108946759259258,False,0.019833954591663844
dd58ee93286b0821565574c570e9e1dc,PR,2,2948.0,75.31,2,2,0,5.0,0.0,0.0,12.036979166666667,False,0.025546132971506107
60562ab00b8054280520d390c8c0045c,SP,17,2943.0,304.09,17,17,0,4.764705882352941,0.0,0.0,10.181200980392157,False,0.10332653754672103
f44b6f775a2b390380e0e30b5c9d3eee,SP,10,2930.0,258.24,10,10,0,4.9,0.0,0.0,8.694234953703702,False,0.08813651877133107
606ce7768feac12c5e8bd58db8b08f0f,SP,5,2916.6,102.26,5,5,0,4.8,0.0,0.0,9.72950925925926,False,0.03506137283137901
2156f2671501a81034d7d07f217609d0,SP,21,2909.5,393.49,21,21,3,4.0,0.14285714285714285,0.14285714285714285,15.281910824514991,False,0.1352431689293693
20d83f3ef0e6925fd74bfd59170babf7,SP,40,2903.6,653.61,54,40,3,4.4,0.075,0.05,9.074369791666665,True,0.22510332001653122
d3dcf0604eabf0224fbd5948b5e02f69,SP,9,2902.2999999999997,165.10999999999999,9,9,2,3.888888888888889,0.2222222222222222,0.3333333333333333,17.632256944444446,False,0.05688936360817283
1771297ac436903d1dd6b0e9279aa505,SP,28,2881.27,585.16,36,27,0,4.62962962962963,0.0,0.03571428571428571,9.443156001984127,False,0.20309099806682468
1987cd4be10fe09ee50454f9c354d1c6,MG,14,2877.7,257.53000000000003,16,14,1,4.357142857142857,0.07142857142857142,0.07142857142857142,15.318574735449735,False,0.08949160788129411
bd697db56ff8e7c9cd1abeb7f72029b2,SP,21,2869.79,329.14,21,21,2,4.333333333333333,0.09523809523809523,0.0,10.883916997354497,False,0.114691318876991
49e7217cfe4e427191c378ec626d8737,MG,12,2868.8,352.09000000000003,13,12,1,4.083333333333333,0.08333333333333333,0.0,16.036587577160493,False,0.12273075850529838
430315b7bb4b6e4b3c978f9dfa9b0558,SP,19,2864.4,550.16,20,19,4,3.9473684210526314,0.21052631578947367,0.05263157894736842,13.557284356725146,False,0.19206814690685656
a6fe7de3d16f6149ffe280349a8535a0,SP,50,2844.9,729.54,51,49,8,4.040816326530612,0.16326530612244897,0.16,14.975533564814814,True,0.25643783612780763
fec6275253471ace26d209bbaa64cd0f,RJ,9,2840.0,355.66999999999996,10,9,1,4.555555555555555,0.1111111111111111,0.0,14.156984310699588,False,0.12523591549295773
b494891378bd8f4560abe576c52deacd,SP,19,2839.0,295.98,21,19,1,4.7368421052631575,0.05263157894736842,0.05263157894736842,5.474568104288499,False,0.10425501937301868
d32e3909cfb714fb2a6cb092c85b9c5f,SP,10,2827.9,251.0,11,10,3,3.5,0.3,0.3,22.51067476851852,False,0.08875844266063156
730937bf88cb151eb2eb849f642fc213,SP,22,2821.2,455.97,26,22,2,4.409090909090909,0.09090909090909091,0.045454545454545456,6.470883312289562,False,0.16162271373883455
5f1dc28029d2c244352a68107ec2b542,SP,62,2807.3,996.16,78,61,4,4.426229508196721,0.06557377049180328,0.06451612903225806,9.54630152329749,True,0.3548462935917073
820cc752a266cdc6c1a1e61dd4583330,PR,15,2802.7999999999997,275.97,15,15,1,4.133333333333334,0.06666666666666667,0.13333333333333333,13.962199074074075,False,0.09846225203368063
df56d7b40d437f88407c5f78b63bc328,PR,22,2791.28,460.21999999999997,25,22,3,4.090909090909091,0.13636363636363635,0.045454545454545456,12.586075862794614,False,0.1648777621736264
cb3dd9ce66268c7a3ca7241ac70ab58c,SP,48,2788.32,820.35,50,48,6,4.197916666666667,0.125,0.0625,14.009482060185185,True,0.2942094164227922
ae7ab174effdead6c241e547e4ca13f0,PR,6,2778.6,795.46,7,6,1,4.333333333333333,0.16666666666666666,0.0,9.565426311728395,False,0.28628086086518395
c4f7fee5b0db50e87766f5a4d1b1b758,SP,5,2762.0299999999997,152.69,5,5,1,4.0,0.2,0.0,11.528446759259259,False,0.05528180360097465
f125f3a310c2e5f822d116147de1e474,SP,16,2761.4,287.89,22,16,1,4.1875,0.0625,0.125,11.933017216435186,False,0.10425508799884116
bb7a14e229b1c95156719c3d9552eeee,RJ,10,2760.2,287.40999999999997,10,10,1,4.5,0.1,0.1,11.600447916666667,False,0.10412651257155278
8f54d64f28a993550aa7943f12572959,MG,15,2755.5,377.62,16,15,4,3.7333333333333334,0.26666666666666666,0.06666666666666667,14.054725308641975,False,0.13704227907820724
a1474fd46fd3430168f7ec202da39408,SP,12,2752.5,661.02,14,12,1,4.333333333333333,0.08333333333333333,0.16666666666666666,17.97502411265432,False,0.2401525885558583
1838dd9b8977065acf51d95e0053ea7a,MG,62,2750.5,1212.79,65,62,7,4.370967741935484,0.11290322580645161,0.04838709677419355,12.791684961170848,True,0.4409343755680785
1444c08e64d55fb3c25f0f09c07ffcf2,BA,1,2749.0,69.74,1,1,1,1.0,1.0,0.0,10.39494212962963,False,0.025369225172790104
f7ccf836d21b2fb1de37564105216cc1,SP,69,2748.4,1107.94,73,67,13,3.8507462686567164,0.19402985074626866,0.10144927536231885,11.2115329777241,True,0.4031218163295008
3fd1e727ba94cfe122d165e176ce7967,SP,35,2747.4,548.49,36,35,6,3.942857142857143,0.17142857142857143,0.2,15.705679563492065,True,0.19963965931426075
f805b96fa705ba7995a221f1749dc141,PR,7,2744.44,242.43,7,7,0,4.428571428571429,0.0,0.0,12.984732142857142,False,0.08833496086633338
977f9f63dd360c2a32ece2f93ad6d306,SP,23,2730.07,891.85,24,23,4,3.869565217391304,0.17391304347826086,0.13043478260869565,12.798381642512076,False,0.3266766053617673
3b872fd4747f01cc56206f2934198618,SP,25,2726.7400000000002,1116.37,27,25,4,3.88,0.16,0.16,14.48765324074074,False,0.409415639188188
5cbbd5a299cab112b7bf23862255e43e,PR,36,2726.06,659.15,38,36,4,4.277777777777778,0.1111111111111111,0.0,10.853688593106996,True,0.24179585188880656
33576ec5412fb5905d876f12f33bfde6,PR,31,2718.0,569.98,32,31,3,4.096774193548387,0.0967741935483871,0.03225806451612903,14.81529607228196,True,0.2097056659308315
458d868c9642f55f18f04e951a3fdde6,RS,2,2718.0,104.75,2,2,0,5.0,0.0,0.0,17.610983796296296,False,0.038539367181751286
78744a20ee2f80ba64f6804c25def2b8,PE,6,2715.0,353.85,6,6,1,4.166666666666667,0.16666666666666666,0.16666666666666666,18.961849922839505,False,0.1303314917127072
fe26f3ecb51a15e6d8335cd92da42562,SP,7,2708.96,262.59000000000003,7,7,0,4.428571428571429,0.0,0.14285714285714285,10.683282076719577,False,0.09693387868407065
d93844a9c55ba7ce353388bcf849ea56,PR,12,2708.5,521.02,14,12,1,4.25,0.08333333333333333,0.08333333333333333,16.796326195987657,False,0.19236477755215062
51702dc2a3e106c76dbff722b5bf0726,SP,13,2705.1,581.94,14,13,1,4.3076923076923075,0.07692307692307693,0.0,14.786125356125355,False,0.21512698236664082
31561f325664a8a7aba4c8d0c3a9b3db,SP,36,2702.19,627.17,38,36,1,4.638888888888889,0.027777777777777776,0.027777777777777776,7.388848701131688,True,0.23209692878739094
2a1348e9addc1af5aaa619b1a3679d6b,MG,48,2697.4,727.37,51,47,17,3.1702127659574466,0.3617021276595745,0.2708333333333333,27.313096788194443,True,0.26965596500333655
974cf2cb8f4b7add98709c30df02fe10,SP,30,2694.7,497.2,30,30,3,4.166666666666667,0.1,0.03333333333333333,11.269405092592592,True,0.18451033510223774
0015a82c2db000af6aaaf3ae2ecb0532,SP,3,2685.0,63.06,3,3,1,3.6666666666666665,0.3333333333333333,0.0,10.793885030864198,False,0.023486033519553074
432c37c9dfba871172ec162e20118b8c,DF,44,2679.87,934.93,55,44,5,4.25,0.11363636363636363,0.09090909090909091,14.598831281565657,True,0.3488714004783814
a17f621c590ea0fab3d5d883e1630ec6,SP,63,2677.92,1094.35,78,61,9,4.163934426229508,0.14754098360655737,0.07936507936507936,11.55949937536743,True,0.4086567186473083
c9aafcd0621b2207c10e32c649cada4d,SP,40,2671.26,817.29,47,40,4,4.325,0.1,0.1,8.712135416666666,True,0.30595673951618335
d93919c944be9cff128f6c9cb899eacb,SP,33,2666.7000000000003,957.31,33,33,6,4.0,0.18181818181818182,0.18181818181818182,22.92127034231201,True,0.35898676266546664
9c068d10aca38e85c50202e17b4a7e88,MS,17,2658.9,449.93,17,16,3,4.125,0.1875,0.17647058823529413,16.52933142701525,False,0.169216593328068
d25aa0aaacb370e912f8cf6efeba38b3,SC,17,2658.45,714.6800000000001,21,17,1,4.470588235294118,0.058823529411764705,0.058823529411764705,8.840630446623093,False,0.26883334273730936
6f229cc508fc6915ed5c499efd93baa4,RJ,13,2654.8,333.88,14,13,2,4.384615384615385,0.15384615384615385,0.15384615384615385,9.2466176994302,False,0.12576465270453518
bc302730ea8cf49b5c74f579febb5bbf,SP,11,2640.9,289.27,11,11,2,3.8181818181818183,0.18181818181818182,0.09090909090909091,11.243857323232323,False,0.10953462834639704
f1b93673502375d491780bb49d615dbc,SP,8,2638.9300000000003,320.35,10,8,3,3.125,0.375,0.25,14.444124710648149,False,0.12139389828453198
1b7e5006cb25dd23ce8686691013b121,SP,11,2636.74,149.22,11,11,1,4.363636363636363,0.09090909090909091,0.18181818181818182,15.486682449494948,False,0.05659261057214591
ccf8813e5a7d6c84d865cd38bfc2b130,SP,26,2635.5,415.79,26,26,3,4.384615384615385,0.11538461538461539,0.07692307692307693,11.43051549145299,False,0.15776512995636502
8d79c8a04e42d722a75097ce5cbcf2ef,CE,26,2627.82,719.43,27,26,2,4.576923076923077,0.07692307692307693,0.15384615384615385,19.172177706552706,False,0.273774459437861
9906e7aa42a3c067b7c9a564d01c4320,PR,12,2619.0,496.59999999999997,16,12,1,4.5,0.08333333333333333,0.16666666666666666,16.46547164351852,False,0.1896143566246659
8ab42aa58097fd4668d60cc648225d5f,GO,20,2616.75,593.64,26,20,1,4.2,0.05,0.0,10.358764467592593,False,0.2268615649183147
4305fe92735c8a43d154ff6dd2b8d927,MG,17,2606.1000000000004,393.54,19,17,2,4.176470588235294,0.11764705882352941,0.0,11.483929057734205,False,0.15100725221595487
e99e927c81e3f51739c94fcdfca9f10f,MG,21,2597.85,639.08,24,21,4,3.7142857142857144,0.19047619047619047,0.19047619047619047,14.581565255731922,False,0.24600342590988705
a369d693961cb93b61ca2cc518872a85,SP,11,2597.0,616.79,18,11,2,3.909090909090909,0.18181818181818182,0.0,11.026400462962963,False,0.2375009626492106
fdaaf5bfda82b7b80535610c831b8d09,SP,10,2588.8999999999996,259.42,15,10,2,4.2,0.2,0.1,9.90040625,False,0.10020472015141568
f593898ec748b7a8cb81fc04edafd98a,SP,19,2588.04,684.3100000000001,22,19,5,3.6842105263157894,0.2631578947368421,0.15789473684210525,16.619885477582848,False,0.2644124511213119
244c2f1bff6afe1f2eaf9bfe9b2aed38,SP,23,2580.0,1214.87,27,23,4,3.782608695652174,0.17391304347826086,0.08695652173913043,13.988220108695652,False,0.47087984496124025
2c4c47cb51acd5ea5db5e0ae0e26542a,SP,12,2575.8999999999996,341.47,15,12,0,4.666666666666667,0.0,0.0,10.739328703703704,False,0.13256337590744985
0885aaf116795758dfeb5f1032487bcd,SP,27,2573.1000000000004,499.04,29,27,3,4.2592592592592595,0.1111111111111111,0.037037037037037035,5.9938160150891635,False,0.19394504683067115
41ab63a91b8b264e8c8780368bf1dd5b,MG,12,2571.95,302.27,13,12,2,4.25,0.16666666666666666,0.0,16.308802083333333,False,0.11752561286183635
1ce3ae5a399804d1a87e706f8a813c3e,SC,40,2563.0,853.69,44,40,8,3.75,0.2,0.1,14.507188368055555,True,0.333082325399922
cd06602b43d8800bd0afad514919d35c,SP,43,2555.31,732.54,52,43,11,3.744186046511628,0.2558139534883721,0.046511627906976744,12.598744616709734,True,0.2866736325533888
157c3e4b42f81ac4a44e8b1ca2fe9876,SP,23,2548.5,583.32,31,23,5,3.6956521739130435,0.21739130434782608,0.08695652173913043,10.97985809178744,False,0.2288875809299588
b76dba6c951ab00dc4edf0a1aa88037e,SP,157,2545.31,2282.03,167,155,16,4.219354838709678,0.1032258064516129,0.03184713375796178,10.381203408822836,True,0.8965626976674748
bb5bd94c8f59cc050072d2930c869cac,SP,16,2543.87,302.77000000000004,17,16,1,4.1875,0.0625,0.0625,14.669749710648148,False,0.11901944674845807
3d39fbf22a665714baf62fae36029e23,SP,8,2504.2,130.63,8,8,0,4.75,0.0,0.0,8.57480179398148,False,0.05216436386870058
ffa6adafb71b807dc13159e26431354c,PR,17,2500.9,516.48,17,17,2,3.9411764705882355,0.11764705882352941,0.0,9.852557189542482,False,0.2065176536446879
b335c59ab742f751a85db9c411a86739,MG,30,2494.11,544.93,31,30,2,4.033333333333333,0.06666666666666667,0.03333333333333333,16.15451427469136,True,0.21848675479429533
de0c78824586e9a5f5f04fd84e25df39,SP,14,2489.3,208.53,16,14,1,4.642857142857143,0.07142857142857142,0.0,6.626993220899471,False,0.0837705379022215
cea729054f157f5870bdd321a958d994,SP,24,2482.1,349.52,26,24,3,4.125,0.125,0.041666666666666664,7.273115837191358,False,0.14081624430925427
6989574bd97d9773f10d232b6c07da59,PR,7,2478.3999999999996,321.1,7,7,0,4.857142857142857,0.0,0.0,10.962650462962964,False,0.12955939315687542
fe49ee029e61e789a1f3a5525f57ba8d,SP,16,2473.69,217.46,16,16,2,4.25,0.125,0.0625,10.416166811342592,False,0.08790915595729457
2e3be8a987a30d7544dbbda6861cc14e,MG,14,2472.86,278.05,15,14,2,3.7857142857142856,0.14285714285714285,0.07142857142857142,14.496781580687829,False,0.11244065575891882
5eeb9c756d9780b96283e5a2ac6da334,SP,9,2471.0,247.74,9,9,1,4.222222222222222,0.1111111111111111,0.2222222222222222,16.608179012345676,False,0.10025900445163902
c2d70ce2c5d0a2eb75e78668236e6dc8,SP,13,2470.9,229.01999999999998,15,13,0,4.615384615384615,0.0,0.0,8.32455039173789,False,0.09268687522764983
1c40343cc5d18c2d8248ac2f3366de34,SP,21,2461.41,378.01,22,21,0,4.619047619047619,0.0,0.09523809523809523,7.48171626984127,False,0.15357457717324624
cce6ab8d1682639fe45ab70234f1665f,SP,61,2442.7,1136.89,64,61,3,4.508196721311475,0.04918032786885246,0.04918032786885246,15.35970267911354,True,0.4654235067752897
a08692680c77d30a0b4280da5df01c5a,SP,6,2433.0,227.91,17,6,0,5.0,0.0,0.0,9.340208333333335,False,0.09367447595561036
318f287a62ab7ac10b703ac37435a231,SP,51,2432.48,1097.04,61,51,10,3.9215686274509802,0.19607843137254902,0.09803921568627451,11.519044798474946,True,0.45099651384595146
4b0fdb526525f9890eb145bf1534640e,SP,18,2419.0,535.21,20,18,3,4.055555555555555,0.16666666666666666,0.0,9.188895961934158,False,0.22125258371227782
888faa8bfb0b159c37de6d898b961c31,SC,19,2418.2999999999997,526.7,23,19,2,4.2105263157894735,0.10526315789473684,0.0,8.450792519493177,False,0.21779762643179096
04aba03279157f6d4e0fe8ccaf21963c,RJ,15,2416.0,319.23,15,15,1,4.533333333333333,0.06666666666666667,0.06666666666666667,11.624953703703705,False,0.1321316225165563
d06d019f72a04e5497a0b64190af170c,SP,17,2415.93,225.51,17,17,1,4.529411764705882,0.058823529411764705,0.058823529411764705,8.503113425925926,False,0.09334293626057047
1354d51653f645349064725ed204e85e,SP,18,2410.0,284.72,20,18,4,3.888888888888889,0.2222222222222222,0.05555555555555555,9.560979938271606,False,0.11814107883817429
76833248bbc0e65a0293ec62023e4396,SP,2,2399.98,230.7,2,2,0,5.0,0.0,0.0,18.68045138888889,False,0.09612580104834206
82bd0703a4aefd6b599e5bfdaed378fb,SP,20,2394.28,378.13,23,20,4,4.0,0.2,0.05,11.608380208333333,False,0.15793056785338389
efcd8d2104f1a05d028af7bad20d974b,SP,46,2384.79,840.31,50,46,4,4.195652173913044,0.08695652173913043,0.021739130434782608,10.140610154991949,True,0.35236226250529395
1996942dc085d7773ba77a529b163cd0,SP,9,2383.52,185.28,9,9,1,4.222222222222222,0.1111111111111111,0.0,11.793770576131687,False,0.07773377190038262
47efca563408aae19bb7206c2d969ea9,PI,11,2383.0,408.55,11,11,1,4.363636363636363,0.09090909090909091,0.0,13.789200336700338,False,0.1714435585396559
6bbcb8924baf70b7fe2fe2097e8cd407,SC,10,2382.5,264.33,11,10,1,4.5,0.1,0.0,12.088065972222221,False,0.11094648478488982
acadd4d36859671cb635527c6c977533,SP,12,2381.0,265.94,12,12,1,4.25,0.08333333333333333,0.16666666666666666,17.891220100308644,False,0.11169256614867702
cfe94489ddd337d1e29e12f2a7205d10,SP,20,2376.0,296.82,24,20,1,4.3,0.05,0.1,6.922806134259259,False,0.12492424242424242
323ce52b5b81df2cd804b017b7f09aa7,SP,29,2374.3,393.35,29,28,2,4.428571428571429,0.07142857142857142,0.1724137931034483,17.057155970625796,False,0.16566988164932822
120476eb7a04c149d14772edaf5d9bf2,RJ,4,2368.8,150.83,6,4,0,4.25,0.0,0.0,7.798266782407407,False,0.06367359000337723
d3f39f05462b79a4562d35893a28f159,SP,33,2363.4,529.97,37,33,11,3.606060606060606,0.3333333333333333,0.12121212121212122,11.970595187991021,True,0.22424050097317424
5160d23075764e18e07c1f4a87fad743,SP,33,2359.0,478.64,38,33,3,4.363636363636363,0.09090909090909091,0.030303030303030304,9.304199635241304,True,0.20289953370072064
4978a02ea9c8be7a9b5480680f40334e,SP,18,2356.61,340.23,19,18,5,3.5555555555555554,0.2777777777777778,0.0,5.2844508744855965,False,0.14437263696581107
8603f0038fe0e52fedd3382d266723de,SC,10,2355.0,490.12,10,10,1,4.4,0.1,0.0,21.26354513888889,False,0.20811889596602973
ede0c03645598cdfc63ca8237acbe73d,SP,43,2352.15,708.3,47,42,12,3.5714285714285716,0.2857142857142857,0.3488372093023256,18.589664621016365,True,0.3011287545437153
c004e5ea15737026cecaee0447e00b75,SP,1,2350.0,105.12,1,1,1,1.0,1.0,1.0,33.83170138888889,False,0.044731914893617025
3504c0cb71d7fa48d967e0e4c94d59d9,SP,53,2349.94,687.37,53,53,2,4.415094339622642,0.03773584905660377,0.0,7.327788478336827,True,0.2925053405618867
4391ea5c5990502176a1dcda44a2373d,RS,3,2349.0,135.3,5,3,0,4.666666666666667,0.0,0.0,12.014274691358025,False,0.057598978288633466
34f563c82a85b99ae9e6d60db5fc2e28,RS,8,2332.3,246.2,8,8,0,4.625,0.0,0.0,10.739244791666666,False,0.10556103417227627
62c50c1af4dfdc4149d25c5222043d39,SP,12,2325.83,281.95,17,12,2,4.083333333333333,0.16666666666666666,0.0,12.141128472222222,False,0.1212255409896682
0bb738e4d789e63e2267697c42d35a2d,SP,29,2308.4,616.9399999999999,30,29,0,4.655172413793103,0.0,0.03571428571428571,12.086564153439154,False,0.26725870732975215
fd386aa7bed2af3c7035c65506c9b4a3,SP,69,2304.15,1012.02,76,69,10,4.3478260869565215,0.14492753623188406,0.10144927536231885,8.562201590177134,True,0.43921619686218344
5a93f3ab0ef4c84ed5e1b5dbf23978bc,SP,38,2299.2799999999997,652.9399999999999,43,38,1,4.7894736842105265,0.02631578947368421,0.02631578947368421,15.09383558723197,True,0.2839758533106016
f1c1ac3f3efc07e659c035008e615e66,SP,3,2294.96,214.72,9,3,1,3.3333333333333335,0.3333333333333333,0.0,10.968858024691357,False,0.0935615435563147
1d4587203296c8f4ad134dc286fa6db0,SP,40,2287.5,654.41,41,40,4,4.35,0.1,0.05,9.463649884259258,True,0.2860808743169399
6338ea67c41078a46ad99cc009654956,RS,37,2286.09,924.3,44,35,2,4.6,0.05714285714285714,0.0,13.19280155155155,True,0.4043147907562694
7238a95bb63ef7e498389fb863b834a1,SP,15,2265.7,569.41,15,15,0,4.733333333333333,0.0,0.06666666666666667,7.956341820987655,False,0.2513174736284592
8fe8786ee000001ab51d030dfd4a7bf1,SC,5,2255.0,201.44,5,5,0,4.6,0.0,0.0,15.866671296296294,False,0.08933037694013303
655220df33262c7e0c4949a147366f94,SP,13,2245.0,681.53,15,13,2,4.076923076923077,0.15384615384615385,0.15384615384615385,13.793602207977207,False,0.30357683741648106
dd533b429f380718b70ad9922c294bae,SP,39,2244.88,1091.3,43,39,6,3.923076923076923,0.15384615384615385,0.1282051282051282,17.2795928300095,True,0.48612843448202125
7b8e8ec35bad4b0ef7e3963650b0a87b,SC,5,2244.2799999999997,372.02,5,5,0,4.8,0.0,0.2,21.90199074074074,False,0.1657636302065696
5abb8ea023c77787f2c15da891c8d384,SC,13,2241.0,746.2,13,13,2,3.923076923076923,0.15384615384615385,0.23076923076923078,19.6782719017094,False,0.33297634984381974
54583ab379489add547fe47b628db589,SP,10,2240.0,151.07999999999998,10,10,0,4.8,0.0,0.0,5.116539351851852,False,0.06744642857142856
e5f9e61ceb5f523cc966e0f34095032f,SC,4,2238.0,115.44,4,4,1,4.0,0.25,0.25,20.252138310185185,False,0.05158176943699732
cac876b37d3abcd6bd76caca30277996,PR,27,2229.77,729.02,33,26,1,4.461538461538462,0.038461538461538464,0.037037037037037035,9.91142018175583,False,0.3269485193540141
b83cedfb587e7911540e3f576d6917ce,SP,24,2224.95,343.8,25,24,3,4.208333333333333,0.125,0.08333333333333333,10.15885368441358,False,0.1545203262994674
9a84ba99f5367fdbd4598363496f1ea2,GO,15,2223.38,415.07,15,15,2,3.8,0.13333333333333333,0.0,10.512725308641977,False,0.1866842375122561
fb89df7f89fd1b8f03fa2acca1ba7364,PR,22,2220.0,467.43,25,22,4,3.8636363636363638,0.18181818181818182,0.09090909090909091,16.15063710016835,False,0.21055405405405406
747e73c01a4593d4cf60dcf970fd2689,PE,3,2217.99,123.77000000000001,3,3,0,4.333333333333333,0.0,0.0,10.688094135802467,False,0.05580277638763025
77a515caa36327151d1cc6c32a9f00e1,SP,26,2217.39,396.19,26,26,2,4.423076923076923,0.07692307692307693,0.11538461538461539,10.33738425925926,False,0.17867402667099608
e5475dcab1e07b63d7f6e902d8f5eda8,SP,19,2192.0,251.22,19,19,3,4.105263157894737,0.15789473684210525,0.05263157894736842,9.57444018031189,False,0.11460766423357664
91f0eec23d4a61d7d7caeefa3f0ad1ca,SC,11,2190.8,354.46,11,11,3,3.5454545454545454,0.2727272727272727,0.2727272727272727,26.144559132996633,False,0.16179477816322801
14a08204d03bb6b6bde8029f801ae0eb,SP,28,2185.4,593.7,38,28,5,3.892857142857143,0.17857142857142858,0.0,8.836558366402116,False,0.271666514139288
1b1ae47a313a825a7ccceb8e2e30fa9d,PR,10,2184.0,229.37,10,9,2,4.222222222222222,0.2222222222222222,0.0,10.654221064814815,False,0.10502289377289377
850913d59ce317156b00f3705f1c3edb,SP,29,2183.0,518.9,30,29,9,3.586206896551724,0.3103448275862069,0.1724137931034483,13.536035680076628,False,0.23770041227668345
8ca1551acf9832a4cf467bbbac15851f,PR,11,2176.4,266.54,12,11,2,3.909090909090909,0.18181818181818182,0.09090909090909091,13.264915824915825,False,0.12246829626906819
b74d1c09cb380e1d03a6f859c6f4224b,RJ,30,2174.61,809.97,38,30,3,4.3,0.1,0.13333333333333333,10.78025424382716,True,0.3724667871480403
4992e76a42cb3aad7a7047e0d3d7e729,SP,56,2171.2,992.36,73,56,9,3.9642857142857144,0.16071428571428573,0.07142857142857142,7.713207258597883,True,0.45705600589535744
53d00c40e32aeb924a84ce72b1af869d,SP,17,2165.85,296.22,17,17,1,4.352941176470588,0.058823529411764705,0.23529411764705882,16.048920206971676,False,0.13676847427107142
2be17df1c49978426251562096c3cc09,SC,16,2165.0,312.55,16,16,1,4.1875,0.0625,0.0625,12.265654658564815,False,0.14436489607390302
0ffa40d54288e4f3499b8780dd0f144f,SP,33,2162.8,583.67,35,33,3,4.484848484848484,0.09090909090909091,0.15151515151515152,13.538299312570146,True,0.2698677640096171
0725b8c0f3f906e58f70cbe76b7c748c,SP,16,2161.52,703.95,36,16,4,3.65625,0.25,0.375,12.978666811342592,False,0.32567360005921764
7fc87cc3e89b3d1d5cabdca32f8485aa,SP,14,2153.9,681.92,14,14,4,3.5714285714285716,0.2857142857142857,0.2857142857142857,19.740683697089946,False,0.31659779934073073
f214d28e8d8e3ef068748498ccc2f813,SP,52,2152.43,785.41,57,51,5,4.2745098039215685,0.09803921568627451,0.07692307692307693,10.428257211538462,True,0.36489456103102075
72bc2cce903c872fe376a8faaa81d237,SP,17,2149.2,255.77,18,17,1,4.647058823529412,0.058823529411764705,0.0,8.813901143790849,False,0.11900707239903222
e8f6dc8e6a1dcde89d20e3995c8d90b3,SP,35,2148.7400000000002,2016.8000000000002,44,35,5,4.0,0.14285714285714285,0.08571428571428572,12.935982804232804,True,0.9385965728752664
b56906f7fd1696e043f1bcce164c487b,SP,40,2148.49,846.93,42,40,8,4.0,0.2,0.05,12.87296412037037,True,0.394197785421389
373ee4a3a775a733770ca3f790b8b9ac,RJ,13,2141.49,290.32,22,13,3,3.923076923076923,0.23076923076923078,0.07692307692307693,10.008915598290598,False,0.1355691597906131
723cd880edaacdb998898b67c8f9da30,SP,11,2136.5299999999997,413.1,12,11,2,4.090909090909091,0.18181818181818182,0.09090909090909091,9.960010521885522,False,0.193350900759643
8bdd8e3fd58bafa48af76b2c5fd71974,SP,10,2135.83,178.39,10,10,0,4.9,0.0,0.1111111111111111,10.378738425925926,False,0.0835225649981506
f5f2ab9bdb6b30c14c61be68c5ed37da,SP,18,2134.6800000000003,339.87,18,18,2,4.277777777777778,0.1111111111111111,0.1111111111111111,13.4501858281893,False,0.15921355894091851
87d30a6a0cbf89356e49324971ab1d24,SP,17,2134.13,215.78,17,17,2,4.352941176470588,0.11764705882352941,0.058823529411764705,11.212977260348582,False,0.10110911706409637
9bcdfa7b615b3abb9461d9e3ad9886ae,SC,14,2126.07,397.71999999999997,20,14,1,4.428571428571429,0.07142857142857142,0.07142857142857142,12.67588210978836,False,0.18706815862130594
3a734b715d333a2588a3d54a0c9b8746,SP,15,2121.52,348.3,21,15,0,4.533333333333333,0.0,0.06666666666666667,12.267248456790124,False,0.16417474263735435
8f78f0903005064036736c7173a5c2ed,MG,13,2113.7000000000003,632.25,21,13,3,3.769230769230769,0.23076923076923078,0.07692307692307693,17.417435007122506,False,0.29912002649382596
cf2384dd2f1dddea3f838efed0945e65,SP,16,2101.5,433.44,16,16,2,3.9375,0.125,0.0,14.251440248842593,False,0.2062526766595289
ffdd9f82b9a447f6f8d4b91554cc7dd3,PR,18,2101.2,727.46,20,18,2,4.333333333333333,0.1111111111111111,0.0,10.538292824074073,False,0.34621168855891876
e9511df20ccd82658a30c37b7fb343af,SP,22,2096.6,726.5,30,22,2,4.318181818181818,0.09090909090909091,0.0,9.756910774410775,False,0.34651340265191266
3bfba5a77604f6dfae7e6dd7aaf65821,PR,4,2095.5,122.69,4,4,0,5.0,0.0,0.0,9.362138310185186,False,0.05854927225005965
7f7b8245c336066a1f9933c359f11d77,SP,38,2094.36,535.87,43,38,3,4.552631578947368,0.07894736842105263,0.02631578947368421,8.170569261695906,True,0.2558633663744533
df91910b6a03bb2e3358fa6a35e32f6f,SP,13,2093.2,363.02,13,13,0,4.615384615384615,0.0,0.0,9.194750712250713,False,0.17342824383718708
8de8fe3af4449ed695d2434c933ed73e,SP,1,2090.0,65.35,1,1,0,5.0,0.0,0.0,10.056851851851851,False,0.031267942583732056
165b1235e9e9942cb5fae67103576fb0,SP,11,2085.15,404.65,16,11,0,4.363636363636363,0.0,0.09090909090909091,7.830222011784511,False,0.1940627772582308
6aa3928696eab49a19a466e665a649fd,RJ,18,2075.0,335.68,22,18,1,4.611111111111111,0.05555555555555555,0.05555555555555555,8.934614197530864,False,0.16177349397590363
082e0bf4cb865a6533b1e8e498cc0255,SP,11,2073.3,991.0300000000001,23,11,4,3.272727272727273,0.36363636363636365,0.18181818181818182,14.3659617003367,False,0.47799643081078474
e38db885400cd35c71dfd162f2c1dbcf,DF,30,2066.8,670.75,32,30,2,4.466666666666667,0.06666666666666667,0.13333333333333333,12.858261959876542,True,0.32453551383781687
ed859002ad59dbf8cf3602696a6c3000,PR,6,2063.9,225.44,11,6,1,4.166666666666667,0.16666666666666666,0.0,18.509108796296296,False,0.10923009835747856
ea65d8b58316a6f2362f2a9e4b3e86ad,SP,9,2061.4,230.82,16,9,2,4.0,0.2222222222222222,0.0,8.413410493827161,False,0.11197244591054623
f615fe7efbef0f4f08fd3086bc7a3e60,SP,22,2061.37,369.71,23,22,3,4.5,0.13636363636363635,0.09090909090909091,7.562038089225589,False,0.17935159626850106
412a4720f3e9431b4afa1476a1acddbe,SP,21,2058.1,511.06,22,21,2,4.238095238095238,0.09523809523809523,0.047619047619047616,10.530947971781305,False,0.2483164083377873
4e8dacf3d38f281ae26c3e0321d92d88,SP,8,2055.46,140.57999999999998,9,8,3,3.125,0.375,0.125,12.03462962962963,False,0.06839344964144278
be9a160a9011f627c3e121d076c1ec7b,SC,5,2055.0,175.12,5,5,0,4.6,0.0,0.0,14.817761574074074,False,0.08521654501216545
bc2ac6b95e1accce9858528ee566c17e,SP,18,2045.0,234.56,22,18,2,4.555555555555555,0.1111111111111111,0.0,4.748575102880658,False,0.11469926650366748
f7720c4fa8e3aba4546301ab80ea1f1b,PR,59,2043.55,1317.24,77,59,4,4.262711864406779,0.06779661016949153,0.05084745762711865,10.994347143753924,True,0.6445841794915711
c6381d2d013342748761e906d45aff76,RS,15,2042.98,571.28,28,15,4,3.8666666666666667,0.26666666666666666,0.0,16.018105709876544,False,0.279630735494229
78c99c6dff4eeae5be99bf635ed21e3f,SP,31,2030.88,664.89,39,31,3,4.419354838709677,0.0967741935483871,0.0967741935483871,13.445802344683393,True,0.3273900969038052
71592660bbcb6a4664e97b6f8b68babc,SP,6,2027.18,173.37,7,6,0,4.333333333333333,0.0,0.0,12.457635030864196,False,0.085522745883444
0ed6ce5d87fd9c69eaacaeb778d67235,SP,42,2026.52,670.78,42,41,2,4.390243902439025,0.04878048780487805,0.14285714285714285,15.995893132716049,True,0.33100092769871503
fac1a9017ade7bdc94058fc1c969f355,SP,9,2010.84,212.07,10,9,0,4.666666666666667,0.0,0.0,7.714949845679012,False,0.10546338843468402
1782ce2db72c3dda627d5e7c898104e1,SP,9,2010.8,207.37,10,9,0,4.333333333333333,0.0,0.1111111111111111,29.349214248971194,False,0.10312810821563557
3a1a1fec38dd360f15fc912e821e169d,SP,15,2007.38,371.25,15,15,3,3.8666666666666667,0.2,0.26666666666666666,14.433526234567902,False,0.1849425619464177
116ccb1a1604bc88e4d234a8c23f33de,SP,61,2004.89,943.4399999999999,73,61,2,4.639344262295082,0.03278688524590164,0.06557377049180328,9.04657786885246,True,0.4705694576759822
d6ab728cf30867cf3f1a2e216ae2f9b7,SP,12,2002.0,231.82,14,12,1,4.416666666666667,0.08333333333333333,0.0,10.844957561728394,False,0.1157942057942058
3d2531eccfbde1d7c8db7a3a12fb267a,MG,10,1999.54,213.06,10,9,1,4.222222222222222,0.1111111111111111,0.0,9.996932870370369,False,0.10655450753673346
8ec76bb0965af3f007692b26fa9d6623,SC,1,1999.0,29.75,1,1,0,5.0,0.0,0.0,11.309363425925927,False,0.014882441220610306
6b536a23086fba0d58c08d68814397f6,RJ,18,1996.8,359.74,22,18,3,4.111111111111111,0.16666666666666666,0.05555555555555555,12.088557741769547,False,0.1801582532051282
17908cf9b444ee34047cadd5c0f4a516,GO,11,1993.99,501.42,11,11,0,4.545454545454546,0.0,0.09090909090909091,18.88040298821549,False,0.2514656542911449
bf100ecb7997df312b285358fb32f92c,PR,20,1991.9,345.11,21,18,0,4.444444444444445,0.0,0.0,9.656619212962962,False,0.17325668959285104
9449f25aeaf531019b76999ea49a6949,RJ,9,1979.55,170.49,9,9,1,4.222222222222222,0.1111111111111111,0.2222222222222222,13.614467592592591,False,0.08612563461392742
13074f016982ff2bd6c58ced8682f000,RS,13,1977.0,775.66,14,13,1,4.153846153846154,0.07692307692307693,0.3076923076923077,14.887260505698006,False,0.39234193222053615
c013e57c075a06e5b5c48ee03c525719,SP,42,1971.55,857.11,45,42,4,4.238095238095238,0.09523809523809523,0.07142857142857142,9.190875220458553,True,0.43473916461667217
91f5779a8731baca4809fdeade81803f,RJ,6,1971.46,145.63,6,6,1,3.8333333333333335,0.16666666666666666,0.0,16.374195601851852,False,0.07386911223154413
f41ce2e25237f9092cd8e6e7516c7a2f,SP,26,1961.9,323.92,27,26,1,4.423076923076923,0.038461538461538464,0.0,8.769085202991452,False,0.1651052551098425
bf84056e679dbe9c69929847a40e338f,SP,35,1918.08,438.5,38,35,6,3.7714285714285714,0.17142857142857143,0.08571428571428572,12.677086640211641,True,0.22861403069736405
93b9a99027bd8bd6af682aff18dd19bf,SP,19,1916.0,450.79,20,18,1,4.111111111111111,0.05555555555555555,0.0,11.560305799220274,False,0.23527661795407098
cd843d4cf8ef32827de0396605163ba3,MG,5,1915.0,697.56,5,5,0,3.8,0.0,0.0,16.075208333333332,False,0.3642610966057441
9dda5bbacd45e18d6485fee649205d09,MG,19,1912.6000000000001,506.73,22,19,3,4.105263157894737,0.15789473684210525,0.10526315789473684,15.126162280701754,False,0.2649430095158423
901b460cdce0c64e471230d7f2f9f3a3,RS,5,1904.0,108.56,5,5,1,4.4,0.2,0.0,15.51374537037037,False,0.05701680672268908
6df688df543f90e9b38f4319e75a9d88,MG,39,1891.76,769.4399999999999,55,39,1,4.564102564102564,0.02564102564102564,0.0,7.93724210588794,True,0.40673235505560956
112453736dbe3889cfb74e1aaa0ba0c1,SP,7,1890.0,264.77,14,7,1,4.142857142857143,0.14285714285714285,0.0,13.33525958994709,False,0.14008994708994707
5ab05b6d86d417796c69ffd6774ec832,SP,10,1886.1,256.75,12,10,2,3.8,0.2,0.1,13.937832175925925,False,0.1361274587773713
65b081a070633e057c462abdd6fb9dd8,GO,19,1885.09,441.58,20,19,2,4.315789473684211,0.10526315789473684,0.0,12.037367811890839,False,0.2342487626585468
5debea795b07621e1f90532e18f96145,PR,25,1883.78,504.35,33,25,2,4.36,0.08,0.0,10.347672685185184,False,0.2677329624478442
4c8b8048e33af2bf94f2eb547746a916,SP,19,1882.45,385.43,23,19,6,3.3684210526315788,0.3157894736842105,0.10526315789473684,18.612037037037037,False,0.20474913012297805
e24d3429d294b2eb200b064ebb035879,SP,19,1878.58,372.12,22,19,2,4.2631578947368425,0.10526315789473684,0.05263157894736842,7.711454678362573,False,0.19808578820172684
5b33b527da3c5b969cc99dc435cad09a,PR,16,1872.79,365.55,17,16,2,4.125,0.125,0.0625,12.708035300925925,False,0.19519006402212744
abbf6046bbdf1028606a5bc7f00c99e7,SC,6,1867.25,127.01,6,6,0,4.666666666666667,0.0,0.0,11.785158179012347,False,0.06801981523631008
95ec4458365c4d11f452ccf538377619,SP,27,1866.76,436.67,31,26,1,4.615384615384615,0.038461538461538464,0.037037037037037035,6.345299211248285,False,0.23391866120979665
4e5725ba188db8252977a4f0227bd462,SP,21,1865.09,364.27,24,21,7,3.5238095238095237,0.3333333333333333,0.2857142857142857,20.972906746031747,False,0.19530960972392752
daeb5653dd96c1b11860f72209795012,MG,38,1864.1,588.89,39,38,4,4.25,0.10526315789473684,0.07894736842105263,11.650112694931773,True,0.31591116356418647
3e8bd881d92466e63ba9e3e809cd3c50,RJ,8,1862.38,187.43,9,7,0,4.571428571428571,0.0,0.375,13.973683449074073,False,0.10064004123755624
0417b067eeab773d2f7061a726dc477f,SC,13,1859.18,642.57,13,13,3,3.923076923076923,0.23076923076923078,0.3076923076923077,17.55735933048433,False,0.3456201120924279
c8467937e403e76a8ee9f0ab13f6f5ef,MG,30,1853.79,588.9499999999999,33,28,4,4.071428571428571,0.14285714285714285,0.13333333333333333,16.945050925925926,True,0.31770049466228645
8c3b533c63cca56240f94f1e3a6b18ef,MG,3,1849.5,610.32,5,2,1,2.0,0.5,0.6666666666666666,43.6256712962963,False,0.32999188969991894
30c7f28fd3a5897b2c82d152bb760c17,RJ,6,1849.38,311.09000000000003,6,5,4,1.4,0.8,0.5,20.652399691358024,False,0.16821313088710813
a4bd6e9adf39b63f43dc545d3ca1f53d,RJ,4,1848.59,112.38000000000001,5,4,0,4.5,0.0,0.0,10.501377314814814,False,0.06079227952114856
74bafed391319577bce6f4d2acc0589a,SP,3,1847.0,237.73,3,3,2,2.6666666666666665,0.6666666666666666,0.0,7.031435185185185,False,0.12871142393069843
272f092de69afedd4d2969440b37f18f,SP,25,1846.3300000000002,528.13,39,24,5,3.9375,0.20833333333333334,0.0,10.167692129629629,False,0.2860431233853103
3a4127e1ba7208ea37044c5092aae170,SP,5,1842.6999999999998,81.45,5,5,1,4.0,0.2,0.0,11.77629861111111,False,0.04420144353394476
ffeee66ac5d5a62fe688b9d26f83f534,SP,14,1839.8600000000001,419.69,14,14,2,4.214285714285714,0.14285714285714285,0.14285714285714285,18.07488095238095,False,0.22810974748078655
7ade73f1b9b4e965f9009a4c3a7e2c15,SP,26,1835.3000000000002,439.45,27,26,0,4.769230769230769,0.0,0.0,9.665827101139602,False,0.23944314281043969
6a38087bc8ad4f89ff453561005f6dea,GO,15,1833.43,547.92,22,15,0,4.6,0.0,0.0,10.229387345679012,False,0.29884969701597547
c679fb69a36e1d8349e8c50a217b4d58,RS,14,1825.68,388.21000000000004,17,13,3,3.8461538461538463,0.23076923076923078,0.14285714285714285,11.072147817460317,False,0.2126385785022567
55bb6fe5bebe5012e2d7d9928e1128ff,SP,15,1816.55,576.47,16,15,6,3.466666666666667,0.4,0.13333333333333333,15.001960648148149,False,0.31734331562577417
a5a1bfcf728ab0e19182959cf0771ee4,SP,21,1812.96,347.89,24,21,1,4.333333333333333,0.047619047619047616,0.09523809523809523,13.414981261022929,False,0.19189060983143588
729b2d09b2a0bdab221076327f13d050,SP,48,1805.21,934.6999999999999,60,48,2,4.5625,0.041666666666666664,0.08333333333333333,12.483082320601852,True,0.5177790949529417
5b85809efd0d0e4dea1a9544e1280ed9,SP,12,1804.6000000000001,292.76,14,12,1,4.25,0.08333333333333333,0.0,7.96546199845679,False,0.16222985703202925
411f3b52d857390502ee4e4d5ceabc2d,SP,21,1804.01,378.71,30,19,3,4.105263157894737,0.15789473684210525,0.14285714285714285,9.823347111992945,False,0.20992677424182793
7fdb0720c8d7c9075538b365dc8c3a22,PR,9,1804.0,484.31,10,9,5,2.4444444444444446,0.5555555555555556,0.1111111111111111,19.195639146090535,False,0.2684645232815965
2ff6b7bff164ef05590a52734e1296da,PR,7,1803.59,151.53,7,7,0,4.714285714285714,0.0,0.0,11.747468584656085,False,0.08401576855050207
15fa791d5e017f66402dc28c44480657,SP,8,1802.0,181.29,8,8,1,4.25,0.125,0.125,11.574577546296297,False,0.10060488346281908
c3e1abd72a42fe690fcd89cf5720fe29,SP,13,1798.61,168.97,13,13,1,4.461538461538462,0.07692307692307693,0.0,4.309395477207977,False,0.09394476846008863
1976a05ecf2996d6ffb7b5430e635fe7,SP,8,1796.2,394.46000000000004,9,8,2,3.875,0.25,0.25,17.625846354166665,False,0.21960806146308876
a36b125ac6d5fdbc7f50de85c9157bdc,SP,23,1793.65,373.89,25,23,3,3.9565217391304346,0.13043478260869565,0.13043478260869565,12.984740841384863,False,0.2084520391380704
406740ee611378a662d274c7d8c43c4a,ES,8,1790.0,182.08,10,8,1,4.375,0.125,0.125,15.207686631944444,False,0.10172067039106146
fa3a0b5aabb344b9a92e3524b0202123,SP,7,1789.0,164.41,7,7,1,4.142857142857143,0.14285714285714285,0.14285714285714285,11.636570767195767,False,0.0919005030743432
293dee954235e4e4e43f129313625ebe,DF,8,1778.92,240.3,8,8,0,5.0,0.0,0.0,14.440222800925927,False,0.1350819598408023
d97df38225e5abadaff1e72cb72b823c,SP,28,1776.0,501.55,28,27,6,3.925925925925926,0.2222222222222222,0.17857142857142858,12.152008101851852,False,0.2824042792792793
07bf9669d84d1f11be443a9dd938f698,SP,18,1776.0,646.22,24,18,5,3.7222222222222223,0.2777777777777778,0.0,8.355687371399178,False,0.3638626126126126
3481aa57cd91f9f9d3fa1fa12d9a3bf7,SP,25,1773.03,774.14,25,25,5,3.88,0.2,0.0,10.194835185185186,False,0.43661979774735904
ca4b77513ac2040591b0d8fae6958380,SP,14,1772.45,201.17000000000002,15,14,1,4.5,0.07142857142857142,0.21428571428571427,7.763539186507936,False,0.11349826511326132
d5b9a084373da994a6e37f732169a853,SP,7,1769.0,176.29000000000002,7,7,2,3.5714285714285716,0.2857142857142857,0.2857142857142857,17.875863095238095,False,0.09965517241379311
1690cada046eb7e92c12f98b1f8a8167,SP,10,1760.0,232.91,10,10,0,4.9,0.0,0.1,7.352841435185185,False,0.13233522727272726
f63d8f293af3a6454377546bd9dd19ff,SP,17,1751.8200000000002,495.13,28,17,2,4.470588235294118,0.11764705882352941,0.11764705882352941,16.17041258169935,False,0.28263748558641866
cb810bd318f51b3dc3c753944d61a1fa,RJ,1,1750.0,39.02,1,1,0,4.0,0.0,0.0,12.295810185185186,False,0.02229714285714286
dd4d95ba2d15c071e6c695e2ef6ce169,ES,4,1748.0,214.41,4,4,0,4.25,0.0,0.5,14.406846064814815,False,0.12266018306636155
4bf658053d453036c70976bccb2c31b2,SP,2,1742.99,81.57,2,2,0,4.5,0.0,0.0,24.678402777777777,False,0.04679889155990567
c8417879a15366a17c30af34c798c332,SP,25,1734.7,458.15,35,24,2,4.291666666666667,0.08333333333333333,0.12,9.306368518518518,False,0.26410906785034877
198c7ea11960a9844b544d9bcdca860c,MG,25,1733.75,491.63,25,25,6,3.88,0.24,0.12,14.513364814814816,False,0.28356452775775054
dc8798cbf453b7e0f98745e396cc5616,SP,35,1733.0,525.95,43,35,11,3.3714285714285714,0.3142857142857143,0.05714285714285714,13.457997354497355,True,0.3034910559723024
6ddc28b61be28373b4503a1f61cf98a9,SP,11,1732.9,167.19,11,11,1,4.181818181818182,0.09090909090909091,0.09090909090909091,6.850078914141414,False,0.09647988920306999
c5f7feb04a6a1fb3596322bfc3cf1917,SP,11,1720.6,337.86,11,11,2,4.2727272727272725,0.18181818181818182,0.09090909090909091,10.024396043771043,False,0.19636173427873999
d3674f271c91f824f82d24d92011f669,DF,20,1718.3,383.52,20,20,3,4.1,0.15,0.1,13.77093576388889,False,0.22319734621428156
a70e9066dbfd10b6b97a3f54a1356762,PR,2,1716.0,311.4,4,2,0,5.0,0.0,0.0,18.28829861111111,False,0.18146853146853145
8378eb36b6b70c5734e83ad7b8cdc3b7,SC,7,1714.8,241.87,13,7,2,3.857142857142857,0.2857142857142857,0.14285714285714285,16.56947585978836,False,0.14104851877770003
7139dc5186aa238b006e066d8fbab2e4,SP,22,1712.0,535.93,24,21,4,4.0,0.19047619047619047,0.13636363636363635,14.807957175925928,False,0.3130432242990654
dfc475d54e1b6dbeeb7d7d9bdaa63827,PR,18,1708.37,413.76,20,18,2,4.5,0.1111111111111111,0.05555555555555555,13.0373141718107,False,0.2421957772613661
656591be56071d4c9ef4e5fee78a578a,SP,7,1702.0,319.2,11,7,0,4.571428571428571,0.0,0.2857142857142857,14.808503637566137,False,0.18754406580493535
244b04680fdbded0acf5aebd9c92b44a,SP,2,1701.8000000000002,86.99,2,1,1,1.0,1.0,0.5,38.01493055555555,False,0.05111646491949699
6b1c4d4d9ccf0be3d8544eb0e71e5318,RS,1,1699.0,60.04,1,1,0,5.0,0.0,0.0,12.218310185185185,False,0.035338434373160685
731ef20c231d9a7103a425e83fd91271,SC,2,1692.0,505.6,3,2,0,3.5,0.0,0.0,12.976006944444446,False,0.2988179669030733
3ca08eeb8d5595949fed424bd3677742,PR,13,1688.88,449.1,13,13,0,4.6923076923076925,0.0,0.0,10.300126424501425,False,0.2659158732414381
f9903dd0f812c7e771fcad47b6fff231,SC,10,1684.8500000000001,416.63,15,10,3,3.2,0.3,0.0,13.84778587962963,False,0.24728017330919663
3935fe5fe0f82787a9dcb8deb62be09d,SP,16,1681.69,419.65999999999997,17,16,1,4.0,0.0625,0.125,11.26288917824074,False,0.24954658706420324
bafc5aa11e413978be29040f51342e70,MG,9,1679.55,149.92,9,9,3,3.7777777777777777,0.3333333333333333,0.1111111111111111,13.440901491769546,False,0.08926200470364085
e64d65bc8dbec2accda90c58de5d1246,SP,12,1678.8000000000002,221.16,12,12,5,3.0833333333333335,0.4166666666666667,0.3333333333333333,13.493086419753086,False,0.13173695496783416
0b18d63d0cd1d723567903fd34a07df2,SP,9,1678.1399999999999,265.89,14,9,0,4.777777777777778,0.0,0.0,7.111788837448559,False,0.15844327648467946
0ac4201fda2c68ebc0e47cb9423cf3c9,SP,13,1676.88,233.99,14,13,2,4.230769230769231,0.15384615384615385,0.07692307692307693,12.64974358974359,False,0.1395389055865655
1dc2de47ee26a0a5b12dc14fd6dc0dea,SP,25,1670.3,617.1999999999999,27,25,1,4.56,0.04,0.12,14.610499537037038,False,0.36951445848051245
77fccaae319668a8ab6cd0fd16aec48c,RJ,11,1667.0,221.44,12,11,1,4.454545454545454,0.09090909090909091,0.0,9.411440446127946,False,0.1328374325134973
7586919161935337bf6b6d7ff5779648,RJ,11,1664.71,330.21999999999997,18,11,3,3.8181818181818183,0.2727272727272727,0.18181818181818182,17.498301767676768,False,0.19836488036955383
5f67c6082caacb26e431a7b17940cece,PR,13,1662.6,208.43,14,13,3,3.5384615384615383,0.23076923076923078,0.3076923076923077,22.829244123931623,False,0.12536388788644293
53b0300ca793f9834cd69c0678d35ee8,SP,5,1662.15,137.31,10,5,0,5.0,0.0,0.0,5.94075462962963,False,0.0826098727551665
a1040efe9ff4a6f93c28b0499eada8f5,SP,1,1658.83,34.48,1,1,0,5.0,0.0,0.0,17.278831018518517,False,0.02078573452373058
25cf099de44674fde97473224f9d59ab,SP,50,1654.36,705.19,50,49,5,4.326530612244898,0.10204081632653061,0.04,9.392387962962964,True,0.42626151502695914
df0f42bc4c2142eacf0eaf2cffd0cfbb,SC,14,1654.0,292.45,16,14,2,4.142857142857143,0.14285714285714285,0.0,14.022936507936507,False,0.17681378476420798
b2a6d334e2833acea353624840e25a0e,SP,25,1650.98,387.61,26,25,2,4.48,0.08,0.0,10.790025,False,0.2347757089728525
26e2c91ef821e1ff8985f408788fe35b,SP,12,1649.4,274.47,14,12,4,3.0,0.3333333333333333,0.4166666666666667,26.224134837962964,False,0.16640596580574754
edc518ba25576a0188a0e8f2c3af186f,SP,6,1647.3899999999999,262.15999999999997,8,6,2,3.6666666666666665,0.3333333333333333,0.0,6.654861111111111,False,0.1591365736103776
0887a9f087bcd5d9f6642b52f897fc6c,SP,12,1642.0,220.35,12,12,0,4.416666666666667,0.0,0.08333333333333333,14.240796682098766,False,0.13419610231425091
e2c92f9c1c7746d899d18f2e158bbff7,SP,12,1641.9,314.4,12,12,0,4.583333333333333,0.0,0.0,9.151562499999999,False,0.19148547414580666
5b581417df4480f632484ba681e53944,SC,11,1641.6,572.41,12,11,2,3.727272727272727,0.18181818181818182,0.2727272727272727,18.4114898989899,False,0.3486903021442495
7a2d2949aea47fab95fd98d6c9f618b1,PR,11,1638.99,211.24,12,11,1,4.2727272727272725,0.09090909090909091,0.0,10.44878787878788,False,0.12888425188683275
2a6fbeaa7ab9e5d59a35841a8da71ce4,SC,30,1632.79,632.49,30,29,5,3.9310344827586206,0.1724137931034483,0.06666666666666667,14.512402777777776,True,0.387367634539653
1dfe5347016252a7884b694d4f10f5c4,SP,20,1632.5,420.04,26,20,6,3.4,0.3,0.25,18.90822974537037,False,0.25729862174578866
f1ed6bd0a9b11b581f16c851c6a5a527,RS,17,1622.77,373.81,18,17,1,4.411764705882353,0.058823529411764705,0.058823529411764705,20.990234885620914,False,0.23035303832336068
15cd6eefe58588619aaed41dfa6621b1,MG,16,1622.74,566.12,18,16,3,4.25,0.1875,0.0625,15.088155381944444,False,0.3488667315774554
b0f2a6122a90a93eb03e68653dd960e3,PR,6,1620.3,137.98,7,6,0,4.833333333333333,0.0,0.0,7.8698900462962955,False,0.0851570696784546
013900e863eace745d3ec7614cab5b1a,PR,23,1619.7,469.67,26,23,1,4.695652173913044,0.043478260869565216,0.0,12.19425925925926,False,0.2899734518738038
cb5df0dcb9e280b1780e9d589889f2c7,SP,11,1614.88,453.91999999999996,12,10,3,3.4,0.3,0.18181818181818182,21.566878156565654,False,0.2810859011195878
8daab2245ebdc277c51098d01c5ad8ef,SP,16,1604.59,284.05,16,16,0,4.625,0.0,0.0625,10.034896556712964,False,0.17702341408085556
427165bf50f8ca07efc7bdc2bfcf1688,SP,5,1603.5,89.4,5,5,2,3.2,0.4,0.6,38.565872685185184,False,0.05575304022450889
7813ea3ebd9411dc600b4dd01f7a97b9,SP,9,1599.4,146.59,9,9,2,3.888888888888889,0.2222222222222222,0.1111111111111111,13.03318544238683,False,0.09165311991996998
850857dfac77488c307e2b1cbd84ab5a,PR,1,1599.0,39.72,1,1,0,5.0,0.0,0.0,2.9255555555555555,False,0.024840525328330205
8a1ff5c35f6595a73fef4c7b96e4908a,PR,2,1598.0,284.79999999999995,2,2,0,5.0,0.0,0.0,10.34066550925926,False,0.17822277847309134
081acf3de680d554796c9cf041be7bc2,MG,4,1597.3,205.5,8,4,1,3.25,0.25,0.25,15.513223379629629,False,0.128654604645339
41b86b552e54e3a7009596125aa8b167,SP,10,1595.3000000000002,234.61,11,10,1,4.3,0.1,0.0,13.90882175925926,False,0.14706324829185732
8a2d12a90e92f012ce5226fc6592b653,PR,18,1594.6499999999999,338.97,18,17,1,4.588235294117647,0.058823529411764705,0.0,9.35801440329218,False,0.21256702097638983
70f84699be677ec988d1fa824aef7d90,MG,5,1588.3,116.14,5,5,0,4.6,0.0,0.0,17.529266203703706,False,0.07312220613234276
845e8036c3f7bf62099352f5ed910240,RJ,21,1584.6000000000001,460.64,24,21,5,3.9523809523809526,0.23809523809523808,0.0,7.565779872134039,False,0.29069796794143626
f3c38ab652836d21de61fb8314b69182,SP,15,1581.0,247.59,15,15,1,4.266666666666667,0.06666666666666667,0.06666666666666667,8.208585648148148,False,0.1566034155597723
392e0502231ae2f8b29994ef6398cd77,SP,17,1572.9,309.89,17,17,1,4.352941176470588,0.058823529411764705,0.11764705882352941,17.708312227668845,False,0.19701824655095682
5075aaa8404020ae6aa8bf4792099b41,MG,10,1572.88,299.27,15,10,2,3.9,0.2,0.0,11.988199074074073,False,0.1902688062662123
134285d1f41da5c13a756ee8142c8a4e,SP,3,1572.6999999999998,80.93,4,3,1,3.3333333333333335,0.3333333333333333,0.0,8.01778163580247,False,0.05145927386024036
1660ad786c27fd935378b6192a90b417,SP,12,1570.0,248.28,13,12,1,4.583333333333333,0.08333333333333333,0.08333333333333333,8.986636766975309,False,0.15814012738853503
c4fb51fb1c5b7c07bc5e67be6e7e8f6e,PR,15,1567.9,558.71,16,15,3,3.533333333333333,0.2,0.13333333333333333,16.625010030864196,False,0.35634287901014094
9b00ed88b7fdb95d6ff76e27c1b52d16,SP,46,1567.88,567.8,50,46,3,4.543478260869565,0.06521739130434782,0.06521739130434782,9.403925372383252,True,0.3621450621221011
47648caee88ccfe951fbb27fbf7b4cbe,SP,3,1564.99,68.0,3,3,1,3.6666666666666665,0.3333333333333333,0.3333333333333333,13.720875771604938,False,0.043450756873845836
02c988090b766852e088c69d7fb3b551,SP,12,1564.3700000000001,206.57,16,12,1,4.583333333333333,0.08333333333333333,0.0,9.480911458333333,False,0.13204676642993662
39d54ff918774174706fb065d7f9dc07,SP,22,1554.69,348.03,24,22,5,4.045454545454546,0.22727272727272727,0.13636363636363635,13.90331492003367,False,0.22385813248943517
817f85dbb65aa3e70831d90fe75cdf89,SP,11,1552.27,231.62,11,11,0,4.545454545454546,0.0,0.0,18.119800084175083,False,0.1492137321471136
3785b653b1b82de85ab47dd139938091,PR,21,1552.0,481.27,24,21,0,4.714285714285714,0.0,0.0,11.928460648148148,False,0.3100966494845361
0eaa7e33d73809f1f925f7d07c506cbd,SP,15,1552.0,194.9,15,14,1,4.714285714285714,0.07142857142857142,0.0,5.903765432098766,False,0.1255798969072165
78a4d36f65a019172c6154468831a69f,SP,7,1545.5,223.4,7,7,1,4.285714285714286,0.14285714285714285,0.14285714285714285,15.5092791005291,False,0.14454868974441928
49cdc90518a4f82676b38b3c1aa43ff6,SP,5,1539.5,82.61,5,5,1,3.8,0.2,0.0,5.732277777777777,False,0.05366027931146476
06bb3a2fe5e7b7a845b13e8fb91bd944,MG,17,1536.19,326.14,18,17,0,4.588235294117647,0.0,0.0,8.82025258714597,False,0.21230446754633214
cbf09e831b0c11f6f23ffb51004db972,SP,10,1535.2,280.2,10,10,0,4.4,0.0,0.0,5.281611111111111,False,0.18251693590411672
3a490ba60afa30ece0e7d50cfe74a4f0,MG,8,1529.2,165.87,8,8,0,4.625,0.0,0.0,11.933512731481482,False,0.10846848025111169
ffc470761de7d0232558ba5e786e57b7,SP,27,1529.13,421.09,30,27,1,4.444444444444445,0.037037037037037035,0.037037037037037035,9.739319272976681,False,0.27537881017310495
5bf397d04035b5f45cc41e82ec106803,SP,3,1525.0,47.28,4,3,0,4.333333333333333,0.0,0.0,4.018661265432098,False,0.03100327868852459
3586b8580d9c917874e053a1bb37b5ff,SP,36,1524.6999999999998,827.65,43,36,2,4.416666666666667,0.05555555555555555,0.027777777777777776,13.619744727366255,True,0.5428280973306224
a7c88262832dfc683781d6a421edefae,SP,5,1520.0,82.42,5,5,0,4.2,0.0,0.0,11.176726851851852,False,0.05422368421052632
866558b3bccef2dbc6d29a2b5995016f,PR,5,1519.3999999999999,351.35,6,5,0,4.8,0.0,0.0,11.550611111111111,False,0.23124259576148484
094ced053e257ae8cae57205592d6712,SP,19,1519.2,459.03,19,19,3,4.052631578947368,0.15789473684210525,0.0,12.158787158869396,False,0.302152448657188
f5f1f2c5f923f36ad79ea1d07185ddc9,SP,10,1517.77,173.73,11,10,2,3.7,0.2,0.1,13.051210648148148,False,0.11446398334398492
1dd33b8119b3cb1056ed5dc88cd0aaf4,SP,8,1513.0,128.74,8,8,1,3.75,0.125,0.125,10.906626157407407,False,0.08508922670191672
a23266650e7c84bb93fbbba502137478,RS,11,1512.4,279.03999999999996,16,11,2,3.8181818181818183,0.18181818181818182,0.0,11.293031355218856,False,0.18450145464162918
b33aaadd1a8891d2dfef0c4c3bdf0371,SP,16,1504.0,359.04,17,16,3,3.9375,0.1875,0.125,14.021278211805555,False,0.23872340425531915
d354c38a7182125a748cb10474fe963b,RJ,17,1500.34,293.37,19,16,0,4.375,0.0,0.058823529411764705,13.723873229847493,False,0.19553567857952198
714b9a1332840f257b49f476bea4e341,SP,6,1499.94,158.15,6,6,3,3.3333333333333335,0.5,0.3333333333333333,32.30243055555556,False,0.10543755083536675
9a03a4e9eb0b947652fae4f6121a3f5e,SP,7,1497.0,185.22,7,7,1,3.857142857142857,0.14285714285714285,0.14285714285714285,13.86299107142857,False,0.12372745490981964
c7b7db6c8f3c64a7cc1afa634db21d50,SP,1,1489.0,22.86,1,1,1,1.0,1.0,1.0,33.21452546296296,False,0.015352585627938214
659e8466eb3ff1b0e8740d74fb7bbedd,BA,11,1486.8,393.2,14,11,1,4.363636363636363,0.09090909090909091,0.0,9.260814393939393,False,0.2644605864944848
2a61c271b1ac763450d846849783e922,SP,17,1486.77,482.27,22,17,3,4.117647058823529,0.17647058823529413,0.17647058823529413,18.59890727124183,False,0.3243743147897792
b6e1504972665f739dec4facb9943775,SP,14,1484.48,225.89,14,14,2,4.357142857142857,0.14285714285714285,0.07142857142857142,11.147410714285714,False,0.15216776244880362
9da1ca0bef29ee170e541927a5aeabdc,SP,6,1484.3999999999999,127.63,6,6,2,3.0,0.3333333333333333,0.3333333333333333,16.803595679012343,False,0.08598086769064943
f918546be4bec7104d117789ba758b2b,SP,20,1483.0,347.15,23,20,4,3.85,0.2,0.2,12.358811921296297,False,0.23408631153068105
9b522ba7eae9e1d04082f267144583cc,SP,3,1478.6,132.95,5,3,0,4.666666666666667,0.0,0.3333333333333333,40.17655092592592,False,0.08991613688624374
6806dad1da97bfb5a9038eac6881f706,PR,10,1477.0,306.26,14,10,1,3.95,0.1,0.1,16.814755787037036,False,0.20735274204468518
4d232b78ab7ef10393dc3807d827bc0d,MG,5,1475.0,214.99,5,5,0,4.4,0.0,0.0,6.1659699074074075,False,0.14575593220338984
e256a62e0ac58c0edfba09966142d561,PR,12,1474.1100000000001,335.44,14,12,1,4.416666666666667,0.08333333333333333,0.0,7.894560185185185,False,0.2275542530747366
5e105f5c9f63f5f1fd75d6cb942e55b1,SP,8,1471.9,273.83,8,8,1,4.5,0.125,0.125,9.292110821759259,False,0.1860384536993002
7ecd59e5e20407131822c1a68ac59c1f,DF,24,1466.71,587.8100000000001,29,24,2,4.416666666666667,0.08333333333333333,0.16666666666666666,17.207231385030862,False,0.4007677045905462
01ed254b9ff8407dfb9d99ba1e17d923,SP,5,1465.99,67.72,5,5,0,5.0,0.0,0.0,6.675569444444444,False,0.046194039522779826
4ba52dfeba874da5b9ee7b17c7494f04,SP,11,1463.0,204.91,11,11,1,4.363636363636363,0.09090909090909091,0.09090909090909091,10.621666666666668,False,0.14006151742993847
1284de4ae8aa26997e748c851557cf0e,SP,3,1459.97,86.86999999999999,3,3,2,2.6666666666666665,0.6666666666666666,0.0,19.269425154320988,False,0.059501222627862206
5145090ab595c0d0b8557199f5701fbf,PR,4,1459.6,197.85,4,4,0,4.25,0.0,0.0,15.680384837962961,False,0.13555083584543712
97512d3fc193b2d1dfcdba0f9d1f0f8a,SP,12,1458.8700000000001,341.55,13,12,1,4.25,0.08333333333333333,0.08333333333333333,8.47090374228395,False,0.2341195582882642
d7827b2af99326a03b0ed9c7a24db0d3,SP,1,1455.0,101.7,1,1,0,5.0,0.0,0.0,13.849085648148149,False,0.06989690721649484
52f0fe436a347ddad7ed5f9aa4e27eaa,SP,19,1452.49,436.34000000000003,21,19,4,3.736842105263158,0.21052631578947367,0.15789473684210525,14.941714790448342,False,0.3004082644286708
a414555ce331b8c8aea4a9cb8395194d,SP,7,1450.95,242.64,8,6,2,3.3333333333333335,0.3333333333333333,0.0,6.988583002645503,False,0.16722836762121368
0ad80de75c811326389cfb1daba7d45e,RJ,6,1449.3999999999999,115.32,6,5,0,5.0,0.0,0.0,8.998383487654321,False,0.07956395749965503
1b8b75e227c9a9c100d0c210fb6176ce,SP,15,1444.8700000000001,203.62,15,15,3,3.933333333333333,0.2,0.06666666666666667,14.996113425925925,False,0.1409261732889464
2dcf93836ae3ce0d7c93e2f10876467a,SP,9,1443.8,178.64,12,9,1,4.111111111111111,0.1111111111111111,0.2222222222222222,6.496018518518518,False,0.12372904834464607
dace965ca58120f92f8d742a9fa1864b,SP,8,1442.0,131.77,8,8,1,4.625,0.125,0.0,8.051372974537037,False,0.09138002773925105
d1ef48b38baca7e831711c4a0aeb398f,PR,28,1439.13,652.64,34,28,0,4.571428571428571,0.0,0.10714285714285714,9.90965484457672,False,0.4534962095154711
66fd84ee7528c0c0de85d0f44a73d5ab,RS,11,1438.1100000000001,453.19,21,11,3,3.3636363636363638,0.2727272727272727,0.09090909090909091,15.406205808080808,False,0.31512888443860343
5b0cc932433fa5184b5b94bfe6bcc256,SP,12,1437.8,556.29,17,12,4,3.5833333333333335,0.3333333333333333,0.25,11.838533950617284,False,0.3869036027263875
3771c85bac139d2344864ede5d9341e3,SP,26,1433.3,408.96,30,26,6,3.8461538461538463,0.23076923076923078,0.15384615384615385,13.25759659900285,False,0.2853275657573432
ec933281fb017b5020d06df29c3f77e8,SP,8,1432.0,230.85,8,8,0,5.0,0.0,0.0,9.476841724537037,False,0.16120810055865922
c5f7e746b7e6d07def6c0dae9903279b,PR,10,1429.0,229.92000000000002,11,10,0,4.4,0.0,0.0,5.686640046296296,False,0.16089573128061582
0aea4c6ae1505b3228ddf3dd7822ee5b,SP,8,1427.91,151.75,8,8,1,3.875,0.125,0.25,18.434872685185184,False,0.10627420495689503
f5f46307a4d15880ca14fab4ad9dfc9b,SC,9,1422.94,231.38,10,9,1,4.111111111111111,0.1111111111111111,0.1111111111111111,13.349134516460905,False,0.16260699678131194
491a5ada3aa1678414e990262c4bbdc1,SP,1,1420.0,15.58,1,1,0,5.0,0.0,0.0,6.891527777777778,False,0.010971830985915493
0b0ddbc7b9d9584f442c7ac92b0ff6c9,SP,3,1416.76,133.88,3,3,0,4.666666666666667,0.0,0.0,11.944313271604939,False,0.09449730370704988
010543a62bd80aa422851e79a3bc7540,SP,2,1416.0,31.950000000000003,2,2,0,4.5,0.0,0.0,9.085081018518519,False,0.0225635593220339
af3ef48d0e13835e529c29ac573c63e5,SP,21,1405.63,467.5,21,21,5,3.761904761904762,0.23809523809523808,0.047619047619047616,7.9285300925925934,False,0.33259108015622885
921323538c9f1c4e816f2720eac02bea,SP,15,1401.84,240.36,17,15,2,3.933333333333333,0.13333333333333333,0.2,8.533717592592591,False,0.17146036637562062
8ff1a9df749e454105c55cda13e79143,SP,13,1400.6000000000001,277.21,14,11,3,3.727272727272727,0.2727272727272727,0.0,12.501949786324786,False,0.19792231900614018
d4ffeb15b67e81ff9af2b4252d99fb7e,SP,11,1400.4,324.41,12,10,0,4.3,0.0,0.0,9.353339646464645,False,0.23165524135961155
04843805947f0fc584fc1969b6e50fe7,RS,1,1400.0,74.76,2,1,0,5.0,0.0,1.0,15.037071759259259,False,0.0534
d4e12e7884759a14fa0f5f896c791cae,SP,29,1400.0,439.67,32,29,2,4.620689655172414,0.06896551724137931,0.06896551724137931,8.422430954661557,False,0.31405
b8114f2f589a6804810f04f99b36b498,SP,8,1399.62,292.41,11,8,0,4.75,0.0,0.0,4.987507233796296,False,0.208920992840914
01bcc9d254a0143f0ce9791b960b2a47,GO,10,1393.21,251.48,10,10,0,4.4,0.0,0.0,12.787733796296298,False,0.18050401590571413
d9a84e1403de8da0c3aa531d6d108ba6,SP,53,1385.3,723.85,58,53,3,4.584905660377358,0.05660377358490566,0.05660377358490566,7.519655616701606,True,0.522522197357973
8e2b3afb420011ef0c88c9d5f11ea526,SP,11,1384.5,147.93,11,11,1,4.2727272727272725,0.09090909090909091,0.09090909090909091,10.559795875420875,False,0.10684723726977248
e7f3bf1ecd8526eb7f3b18059e6716e5,SP,17,1382.04,260.77,18,17,1,4.647058823529412,0.058823529411764705,0.0,8.975147739651415,False,0.188684842696304
88cf19ec1fc2c58f161aee259d57142c,SP,14,1372.97,234.71,14,14,0,4.5,0.0,0.0,6.444143518518518,False,0.17095056701894434
6eb94e1466490d327a09abf8f3552a50,SP,9,1372.95,214.27,9,8,0,4.75,0.0,0.1111111111111111,8.174558899176954,False,0.1560654066062129
8185694b58b2ba6de20fd41ae608bbea,SP,8,1372.3,230.26999999999998,8,8,0,4.5,0.0,0.0,11.058253761574074,False,0.1677985863149457
431050a06a317f2b38168dec3dcd2b46,SP,10,1370.0,206.15,10,10,0,4.5,0.0,0.0,8.922488425925925,False,0.15047445255474454
985c92cc412091f8529c12d7f23d3fef,MG,12,1368.5,238.13,12,12,0,4.75,0.0,0.08333333333333333,7.550009645061729,False,0.1740080379978078
0bebbb2cea103a4a020c95d43fd7d754,SP,9,1367.2,147.14000000000001,9,9,0,4.888888888888889,0.0,0.0,5.9149704218106995,False,0.1076214160327677
2e1a7d075abe038c1b2743005fe42ff1,SP,18,1366.8000000000002,344.89,22,18,3,4.222222222222222,0.16666666666666666,0.16666666666666666,12.493050411522635,False,0.25233391864208365
556a6409838156ea299c9d1f9e2dde43,PR,4,1362.8,86.84,4,4,2,3.25,0.5,0.0,7.399207175925927,False,0.06372174933959496
36890be00bbfc1cdb9a4a38a6af05a69,SP,13,1361.3,239.57999999999998,13,13,2,4.230769230769231,0.15384615384615385,0.23076923076923078,9.416596331908831,False,0.17599353559097922
091065b789659bc3cd9af9cb3a6253ff,RS,2,1359.0,85.37,2,2,1,3.5,0.5,0.0,11.264837962962964,False,0.06281824871228846
fe701d88b67eaca109dffd464d1be9f9,RJ,10,1359.0,219.02,10,10,1,4.3,0.1,0.1,12.424614583333334,False,0.16116261957321562
2f73e04d12cdf0c945ded66bb3fcf6c7,ES,3,1359.0,101.85,3,3,1,3.3333333333333335,0.3333333333333333,0.0,13.595486111111109,False,0.0749448123620309
42ef3192a9ff87a22d1867b74b3ee205,SP,23,1354.0900000000001,301.88,23,23,1,4.6521739130434785,0.043478260869565216,0.0,9.308129528985507,False,0.2229393910301383
9f50216bfd01913736a55a11b55ea842,SP,17,1354.0,317.1,19,17,1,4.411764705882353,0.058823529411764705,0.17647058823529413,10.244364787581699,False,0.2341949778434269
81336a0f57a33776419727a300249e90,SP,15,1351.9,277.79999999999995,18,15,2,4.066666666666666,0.13333333333333333,0.2,17.475448302469136,False,0.20548857163991416
b9a03475e6447e631b6799ec8274800f,PR,10,1349.1,294.98,11,10,1,4.2,0.1,0.0,10.848541666666666,False,0.21864947001704843
c3ee2331a724e6fc02c4b698b57a73f3,SP,2,1347.0,140.88,3,2,0,3.0,0.0,0.0,6.262175925925925,False,0.10458797327394209
7e26c750b4cb9f6766f58265ff9ebe95,MG,23,1344.3,388.88,27,23,1,4.434782608695652,0.043478260869565216,0.0,9.22936191626409,False,0.28928066651789036
b43d8b707f887a30f4675391098354a0,SP,3,1342.0,184.76,4,3,1,3.0,0.3333333333333333,0.3333333333333333,24.6128125,False,0.13767511177347241
02dcd3e8e25bee036e32512bcf175493,MG,13,1341.9,281.59,15,13,3,4.076923076923077,0.23076923076923078,0.3076923076923077,17.089043803418804,False,0.20984425068932108
186cdd1b2df32caa72cfb410bba768d3,SC,6,1341.45,268.28000000000003,6,6,0,5.0,0.0,0.0,8.898485725308642,False,0.19999254537999928
5a425cc503b39b262a847fd6212bf53b,PR,14,1340.6000000000001,251.28,14,13,1,4.461538461538462,0.07692307692307693,0.07142857142857142,6.823572255291006,False,0.18743846039086975
8ea394aed8138685abe1eb9f25e1021d,SP,2,1340.0,77.6,2,2,0,4.0,0.0,0.0,11.29025462962963,False,0.05791044776119403
89c127985a8b130cfa45c1d36764017a,SP,6,1334.67,107.02,6,5,2,3.4,0.4,0.0,10.99207561728395,False,0.08018461492353915
7357b52d27cbaa90f81a96cbc1279396,MG,12,1328.02,217.81,12,12,1,4.333333333333333,0.08333333333333333,0.08333333333333333,9.850832368827161,False,0.16401108417041912
3faf68a3b0af94b10bac70d86077be49,SP,7,1322.93,119.16,7,7,0,4.571428571428571,0.0,0.0,16.159052579365078,False,0.09007279296712599
5d9f3746e112e696f98ea22c56b3e912,SP,1,1322.64,47.77,1,1,0,5.0,0.0,0.0,7.0696875,False,0.03611715962015363
e439f7176d763f92de325271111b2fd5,SC,6,1320.9,226.8,6,6,0,5.0,0.0,0.0,9.92680362654321,False,0.17170111287758347
d2e753bb80b7d4faa77483ed00edc8ca,BA,14,1320.7,454.24,15,14,1,3.6785714285714284,0.07142857142857142,0.07142857142857142,12.98053902116402,False,0.34393882032255624
2bd05d410a8fd26dc4184a15f4f2f588,MG,6,1316.73,198.54,7,6,0,5.0,0.0,0.0,10.176797839506174,False,0.1507826205828074
5151aea44289d6c6b090ee31c2132508,SP,7,1315.3,167.17,7,6,4,1.8333333333333333,0.6666666666666666,0.0,17.37599537037037,False,0.12709647989051928
4eb61f060e7dcc1d5a80d806c35cc541,SP,8,1313.0,153.12,8,8,1,3.875,0.125,0.0,6.202073206018518,False,0.11661843107387662
c794dab4928dd97beb41d05514441e86,SP,16,1312.3999999999999,232.19,16,16,1,4.375,0.0625,0.125,13.794497974537038,False,0.17692014629686073
863d2ebcd347ce4922de7a0f9a5581d6,RJ,17,1312.36,293.21999999999997,18,17,2,4.0588235294117645,0.11764705882352941,0.17647058823529413,11.506793981481481,False,0.22342954677070315
f4a04f7be452aa3bb31760bf00055dd0,SP,18,1312.1,241.85,18,18,0,4.666666666666667,0.0,0.05555555555555555,9.141429398148148,False,0.1843228412468562
626ab1cd96932367f0eeec2e47046c12,SP,3,1310.0,80.47,3,3,0,4.666666666666667,0.0,0.0,7.193283179012345,False,0.061427480916030536
7f40d06aa0b5f1aa4f41af8c0480e2ef,SP,6,1309.94,125.67999999999999,6,6,0,4.833333333333333,0.0,0.16666666666666666,4.130244984567901,False,0.09594332564850297
9a1aea68d3efa00862ec88c0768037d0,SP,7,1309.2,192.51,8,7,0,4.428571428571429,0.0,0.0,13.021289682539683,False,0.14704399633363885
a13580f0e8f782b7a543885a0ef99f08,RJ,10,1304.9,258.78,10,10,0,4.4,0.0,0.2,25.04871990740741,False,0.19831404705341402
83b08de96980757220871b31bf6cffca,RJ,5,1304.17,454.21000000000004,7,5,1,4.0,0.2,0.4,13.858328703703702,False,0.348275148178535
542917da124346b47ea1ac79a93ce454,PR,20,1303.9,363.18,20,20,3,4.15,0.15,0.05,11.576402777777778,False,0.27853362987959196
45a3d05fb00435e52a28859dd03703b3,SP,1,1299.0,24.79,1,1,0,5.0,0.0,0.0,25.719780092592593,False,0.019083910700538876
56e361f411e38dcef17cdc2a3d99628b,SP,5,1298.0,1857.76,10,5,1,4.0,0.2,0.2,10.307650462962963,False,1.4312480739599382
d101c6da914ae3d53f7bee42283f2fe2,SP,13,1297.4,260.15,16,13,4,3.6153846153846154,0.3076923076923077,0.07692307692307693,13.331282941595443,False,0.20051641745028514
51ed72984a04e5dd35c2b27e77179038,SP,7,1294.3,198.93,7,7,2,3.5714285714285716,0.2857142857142857,0.14285714285714285,16.578348214285715,False,0.15369697906204127
b9ca8e8baa5d4aa038394a700f63e69f,SP,14,1289.77,388.18,14,14,1,4.214285714285714,0.07142857142857142,0.07142857142857142,9.672949735449736,False,0.3009683897128946
25e47381a6c510ddeb36084e33b89f0c,SP,16,1289.6000000000001,282.11,17,16,1,4.25,0.0625,0.0,10.001467013888888,False,0.21875775434243175
141440cad9341e553f8401c574a2aa38,PR,11,1288.2,290.8,12,11,1,4.454545454545454,0.09090909090909091,0.0,6.661177398989898,False,0.2257413445117218
e63e8bfa530fb16910dd6956e592bb81,SP,41,1282.8,645.41,42,41,4,4.317073170731708,0.0975609756097561,0.04878048780487805,9.379565548780487,True,0.5031259744309323
e3d3b3efac954a60d61be70b7e05b49b,SP,3,1282.05,123.78,3,3,0,4.333333333333333,0.0,0.0,11.115142746913582,False,0.09654849654849655
4eeb99008a0f59d2c7759c59f9a346eb,SP,2,1282.0,38.95,2,2,0,4.5,0.0,0.0,7.6647337962962965,False,0.030382215288611545
269cff2d3c8d205c11f37a52402ea93b,SP,4,1281.59,133.41,5,4,0,4.5,0.0,0.0,7.12845775462963,False,0.1040972541920583
a478c7961d6a992065b24e63b366f90b,SC,8,1281.5,170.06,9,8,0,4.875,0.0,0.0,9.856011284722221,False,0.1327038626609442
fec8cd45395b3cb0c2b173d7739706a1,SP,4,1280.0,96.94,4,4,0,3.75,0.0,0.0,10.44833912037037,False,0.07573437499999999
5795aebfe331fbcd02a2c4b679fb7952,SC,6,1280.0,156.09,6,6,1,3.8333333333333335,0.16666666666666666,0.0,12.203221450617285,False,0.1219453125
bb5d956dece964a06c12bceb66b923ae,RJ,2,1278.36,50.14,2,2,0,5.0,0.0,0.0,10.383778935185186,False,0.03922212835195094
fa74b2f3287d296e9fbd2cc80f2d1cf1,SP,5,1274.49,76.18,5,5,2,3.2,0.4,0.4,30.38007407407407,False,0.05977292877935488
3f8034bfc6b8b4135534975d49f04c63,PR,11,1273.9,249.03,14,11,2,4.0,0.18181818181818182,0.0,10.890319865319865,False,0.19548630190752805
718539d38d07dd351c76db862760e2e2,SP,35,1273.01,634.6,43,35,1,4.628571428571429,0.02857142857142857,0.0,8.635720899470899,True,0.49850354671212327
128f9bfbe4c7d5185033914b1de3d39a,SP,13,1267.39,251.98,15,13,0,4.769230769230769,0.0,0.07692307692307693,11.82590811965812,False,0.19881804338049058
c8c1bea22194a4eefa2dc9a9fa89f536,SC,7,1266.0,292.73,13,7,0,5.0,0.0,0.0,8.498819444444445,False,0.23122432859399686
2646baaf662d4d92ac48f047e35db92d,SP,15,1263.05,286.34,18,15,2,4.466666666666667,0.13333333333333333,0.13333333333333333,5.729047067901234,False,0.2267051977356399
9ed65337433adfbedefd23dd76eaa494,SP,6,1262.6,81.05,6,6,0,4.833333333333333,0.0,0.0,7.400858410493828,False,0.06419293521305243
da7039f29f90ce5b4846ffc0fcc93beb,SP,17,1259.1,244.45000000000002,18,17,1,4.529411764705882,0.058823529411764705,0.058823529411764705,9.274008033769062,False,0.19414661265983643
9140bd1d9de28b197dce077bdd687438,SP,6,1258.87,184.06,8,6,0,4.166666666666667,0.0,0.0,6.242758487654321,False,0.1462104903604026
8a9260f2b0340411d6d2a56bcf4f7378,MG,8,1256.0,140.94,9,8,0,4.75,0.0,0.125,10.00283130787037,False,0.11221337579617834
b8578d2d823bd8e251f6fdd02b40902d,SC,9,1255.6,244.0,9,9,1,4.444444444444445,0.1111111111111111,0.0,9.916325874485597,False,0.19432940426887546
734def04b237117a09321dd6d8f3f2a2,SP,2,1252.43,28.8,2,2,0,5.0,0.0,0.0,2.288153935185185,False,0.02299529714235526
402916f742e5c740cc751493d9cf5053,MG,9,1252.0,226.43,10,9,0,4.666666666666667,0.0,0.0,6.386786265432098,False,0.18085463258785944
30a81d8cf85fb2ada1b1b094c9583a95,SP,17,1245.42,168.1,20,17,0,4.823529411764706,0.0,0.0,4.290115740740741,False,0.1349745467392526
3fac58ce0ad699020c7944d53c41329c,SP,10,1244.95,183.02,16,10,1,4.4,0.1,0.2,4.886935185185186,False,0.14700992007711153
671585f5a2af58b6e276bc01003c0d2b,PR,27,1244.0,448.11,27,27,1,4.703703703703703,0.037037037037037035,0.0,5.58787122770919,False,0.3602170418006431
5d76d80a2f5f39c891b996a1bf4c9853,SP,6,1238.5,171.25,6,6,0,4.833333333333333,0.0,0.0,10.233966049382715,False,0.13827210335082762
67225bff54a172ff67579aaf583efd78,PA,8,1238.0,155.10999999999999,8,8,0,4.5,0.0,0.125,13.427086226851852,False,0.12529079159935377
058cb5aeb36d7c0fcae20fc85d5e0a59,RJ,11,1236.0,747.82,12,11,2,3.8181818181818183,0.18181818181818182,0.09090909090909091,10.088812079124578,False,0.605032362459547
4fb41dff7c50136976d1a5cf004a42e2,BA,3,1230.0,66.77,3,3,0,4.0,0.0,0.3333333333333333,66.75465663580248,False,0.05428455284552845
a36ac007a4d18f865c8d32c3b2402c2d,SP,8,1229.79,161.17,8,8,4,2.75,0.5,0.0,9.652709780092593,False,0.13105489555127298
7daca0837f033a41a6f3428c18657533,SP,7,1228.98,168.16,7,7,2,3.5714285714285716,0.2857142857142857,0.2857142857142857,14.333244047619049,False,0.13682891503523245
2d518637f53161b973e01f56ea4bb88e,SP,13,1219.8899999999999,319.81,13,13,0,4.923076923076923,0.0,0.0,13.663798967236467,False,0.26216298190820486
9c4d31c7e46ab03a43fc06e3142afd4e,RJ,2,1218.9,43.82000000000001,2,2,0,4.5,0.0,0.0,6.894334490740741,False,0.03595044712445648
7a425d299613df3e613bcf9d2eaf5c49,RJ,18,1218.8,286.67,18,18,3,4.111111111111111,0.16666666666666666,0.05555555555555555,11.79452996399177,False,0.235206760748277
52f9db5cfb423382a2fa5c9e39303202,SP,21,1218.78,345.75,22,21,2,4.285714285714286,0.09523809523809523,0.0,10.174080687830687,False,0.28368532466893126
2cb6eb1b7185064167657fa09f541105,MG,6,1217.9,164.78,7,6,1,4.5,0.16666666666666666,0.0,8.200736882716049,False,0.13529846457016176
002100f778ceb8431b7a1020ff7ab48f,SP,50,1216.6,778.56,54,50,7,3.96,0.14,0.18,16.386808796296297,True,0.6399473943777741
093805f8f2aeb63881444571e1f48f30,SP,22,1215.79,343.94,27,22,3,4.181818181818182,0.13636363636363635,0.045454545454545456,8.274672243265995,False,0.2828942498293291
f9d010e39375d9c91dce3f40b73a2f84,SP,4,1212.0,138.14,5,4,1,3.5,0.25,0.25,17.3491087962963,False,0.11397689768976897
f08c008c8a8d31417763738a1788a2a8,PR,20,1211.92,392.08,21,19,5,3.4210526315789473,0.2631578947368421,0.15,19.362635416666667,False,0.3235197042709089
788e857f317e53de488d393e65a80f45,SP,11,1210.0,184.95000000000002,11,11,0,4.909090909090909,0.0,0.0,7.407333754208754,False,0.1528512396694215
6426d21aca402a131fc0a5d0960a3c90,SP,23,1209.64,384.18,23,23,2,4.173913043478261,0.08695652173913043,0.043478260869565216,10.963011272141706,False,0.31759862438411424
b566ab0ef88016e00422755e305103c6,MG,5,1208.0,220.21999999999997,5,5,2,3.2,0.4,0.2,13.048136574074073,False,0.18230132450331124
01fd077212124329bac32490e8ef80d9,SP,31,1208.0,575.36,39,31,5,4.161290322580645,0.16129032258064516,0.03225806451612903,8.150532407407407,True,0.4762913907284768
bc07d855eac23aab5ac8a120f21d16b2,SP,11,1202.62,204.74,12,11,1,4.454545454545454,0.09090909090909091,0.18181818181818182,13.383661616161616,False,0.170244965159402
7238f877570096ae403c51898fa64566,SP,3,1200.0,49.519999999999996,3,3,0,5.0,0.0,0.0,8.923016975308643,False,0.04126666666666667
6bef34c5be6f2bbd70aa5165f6df94b1,SC,2,1198.0,132.88,2,2,1,2.0,0.5,0.0,16.186406249999997,False,0.11091819699499166
11fb6f6d341adbe19e81733701704635,SP,3,1197.0,399.65999999999997,3,3,0,5.0,0.0,0.0,5.362199074074074,False,0.3338847117794486
a20d8058c866dbaeca014d2cd20ac62e,SP,2,1194.0,44.9,2,2,0,5.0,0.0,0.5,23.55626736111111,False,0.03760469011725293
f235413f677777a0738ff215d0184901,SP,2,1191.98,55.83,2,2,0,5.0,0.0,0.0,6.278344907407408,False,0.04683803419520462
d8c7ba53e7e38711eaef8c2849d6d2e1,PR,22,1190.87,597.47,22,22,0,4.5,0.0,0.0,8.109704335016835,False,0.5017088347174755
700f03c207639c22d933381ff60b35c2,SP,4,1189.8600000000001,136.45,4,4,1,4.0,0.25,0.5,29.76735821759259,False,0.11467735699998317
c0098efcf800861dcae589affca31408,SP,9,1189.28,187.46,9,9,0,4.777777777777778,0.0,0.1111111111111111,11.417037037037037,False,0.15762478138033098
1710c3aaa9c6b44ec3883ee0fe300e21,SP,2,1188.9,37.650000000000006,2,2,0,5.0,0.0,0.0,6.127557870370371,False,0.031667928337118345
c273175f7c6c80fb02f051e2fc6d0d72,SP,14,1188.23,255.22,14,14,3,3.7857142857142856,0.21428571428571427,0.07142857142857142,10.586340112433861,False,0.2147900658963332
1dcfa3835714681d4ba4a93bc1e0fd41,SP,12,1186.6000000000001,296.88,14,11,1,4.2727272727272725,0.09090909090909091,0.0,15.07900848765432,False,0.2501938311141075
439a47cc365d6e3bd526812ea9de3c29,SP,8,1186.5,224.43,13,8,1,4.25,0.125,0.125,7.241585648148148,False,0.18915297092288244
0afccdb8a34ee5c79f7c06faf2b4d56e,MG,24,1185.6,371.49,24,23,3,4.086956521739131,0.13043478260869565,0.08333333333333333,13.473533468364197,False,0.313335020242915
3092c0b297aacfb4bb6e056ebe13b9b8,SP,16,1184.3000000000002,313.98,17,16,2,4.125,0.125,0.0,13.21931857638889,False,0.2651186354808748
a5259c149128e82c9d6d46e0c1c812bb,RO,8,1182.26,438.87,8,8,2,3.875,0.25,0.0,19.34989728009259,False,0.37121276199820685
7ff588a03c2aeae4fbd23f9ae64b760d,SP,14,1182.2,221.18,16,14,1,4.642857142857143,0.07142857142857142,0.0,4.787471064814815,False,0.1870918626289968
2709af9587499e95e803a6498a5a56e9,SP,25,1180.56,549.73,46,24,5,3.9583333333333335,0.20833333333333334,0.12,11.049499537037036,False,0.46565189401639906
327b89b872c14d1c0be7235ef4871685,AM,3,1177.0,81.8,3,3,2,2.3333333333333335,0.6666666666666666,0.6666666666666666,47.8408024691358,False,0.06949872557349193
b1aaae6b66ad3c40f54b389d7ea4bee0,SP,15,1176.5,392.74,17,15,1,4.4,0.06666666666666667,0.0,8.024413580246913,False,0.3338206544836379
dbec9a0a7efeff029d4d9dce7dc4cc95,MG,3,1170.0,118.59,3,3,1,4.0,0.3333333333333333,0.0,11.927997685185185,False,0.10135897435897437
f1b854361f4e15d5851b494df66f22b2,RJ,3,1168.8,306.44,4,3,1,3.3333333333333335,0.3333333333333333,0.0,7.4041396604938265,False,0.26218343600273786
8629c241b3622ac12cd4118afdc8d394,SP,13,1167.66,334.36,13,13,2,4.076923076923077,0.15384615384615385,0.07692307692307693,15.116361289173788,False,0.28635047873524827
c8e135e7b21ecbc36c1153a29d2f5a06,SP,7,1165.5,101.98,7,7,0,4.857142857142857,0.0,0.0,8.14822585978836,False,0.0874989274989275
5ee7fd217d08dfe5d3e2f51f96a12c9a,SP,9,1165.5,269.68,9,9,3,3.4444444444444446,0.3333333333333333,0.2222222222222222,16.85798739711934,False,0.2313856713856714
57c764b4a836300be881e2ff86e449f9,SP,28,1156.1000000000001,457.39,29,27,3,4.222222222222222,0.1111111111111111,0.14285714285714285,15.405973875661376,False,0.3956318657555574
d1c7fa84e48cfa21a0e595167c1c500e,RS,12,1156.03,321.35,12,12,2,4.333333333333333,0.16666666666666666,0.0,11.879826388888889,False,0.277977215124175
d1b9d4be4b6f9ebd85f8acd6745ba612,MG,11,1154.35,194.18,11,11,1,4.181818181818182,0.09090909090909091,0.0,10.813234427609428,False,0.16821587906614113
2d378dbb39815785238c0139c7647fb7,SC,2,1154.0,300.44,2,2,0,5.0,0.0,0.0,19.639346064814816,False,0.2603466204506066
c35672b10ad50968f567ea3f4b91e877,RJ,18,1150.57,364.78,22,18,1,4.5,0.05555555555555555,0.05555555555555555,11.607548868312756,False,0.31704285701869506
5fd924b4836098a5be0ecf81ba054ce0,SP,7,1148.8,135.54,8,7,1,4.0,0.14285714285714285,0.0,7.985335648148149,False,0.11798398328690808
1d2732ef8321502ee8488e8bed1ab8cd,RJ,4,1148.0,80.17999999999999,5,4,1,3.0,0.25,0.25,12.174519675925927,False,0.06984320557491289
d4910f1cdcfdabd48d6b316e395d4a23,SP,11,1146.88,215.04,12,11,0,4.909090909090909,0.0,0.09090909090909091,6.125251473063972,False,0.18749999999999997
10ff823eda2b032e2c93d17a7d294736,SP,8,1144.98,147.88,8,8,1,4.25,0.125,0.0,9.76951244212963,False,0.12915509441212947
5f3ae9136c875522250f8184f253413a,SP,42,1143.05,596.72,45,42,1,4.642857142857143,0.023809523809523808,0.07142857142857142,7.8619786155202815,True,0.522041905428459
1ca4bdb0cd7fc48e949bac066188ed26,MG,3,1140.0,363.45,3,3,0,5.0,0.0,0.3333333333333333,14.298279320987655,False,0.3188157894736842
5b97c06a046398e7005b2b7c0d707a92,MG,3,1139.97,198.44,3,3,0,4.0,0.0,0.6666666666666666,26.17675925925926,False,0.17407475635323735
10089e9f2fd0c668a8fd4e52e1698888,SP,3,1139.9,59.41,3,3,0,4.333333333333333,0.0,0.0,7.632048611111112,False,0.05211860689534169
5f26c1408a65b42a7224cd463bdf3292,PR,10,1139.8,217.29,10,10,0,4.8,0.0,0.0,6.427893518518519,False,0.19063870854535883
6b89abe95848c850399130d149a39b63,GO,8,1135.2,330.53,8,8,1,4.375,0.125,0.0,11.262706886574074,False,0.29116455250176176
5b07547f10dd980738a1a27f685af669,SP,13,1134.6000000000001,185.47,14,13,1,4.461538461538462,0.07692307692307693,0.15384615384615385,6.257921118233619,False,0.16346730125154238
713e3a23ca5e47786eb6f0d99f94cfac,PR,4,1126.0,87.03,4,4,0,4.75,0.0,0.0,10.095622106481482,False,0.07729129662522202
138dbe45fc62f1e244378131a6801526,SP,49,1125.56,689.24,58,49,8,4.081632653061225,0.16326530612244897,0.04081632653061224,6.5323514266817835,True,0.6123529620810975
ecccfa2bb93b34a3bf033cc5d1dcdc69,PR,12,1120.8500000000001,212.47,16,12,5,2.8333333333333335,0.4166666666666667,0.16666666666666666,32.11982735339506,False,0.18956149350939017
c878515173c84a492ebe50d6b493230b,PR,9,1118.84,189.2,10,9,2,4.111111111111111,0.2222222222222222,0.2222222222222222,16.798422067901235,False,0.16910371456151013
cda598c48d7c614bc1cad7d8ff6f0010,SP,17,1118.6000000000001,301.6,18,17,1,4.0588235294117645,0.058823529411764705,0.0,7.950499046840959,False,0.2696227427141069
365e445f796710c3431557e85caa25db,SP,4,1115.0,79.3,5,4,0,4.5,0.0,0.0,8.38683449074074,False,0.07112107623318385
1b65c144b17e607c0f37f10bb7dfec8d,SC,5,1109.5,144.85,5,5,3,2.0,0.6,0.0,8.770837962962963,False,0.13055430374042362
b586cd24c010a13916af621b0325fbba,SC,6,1108.94,263.99,7,6,1,3.8333333333333335,0.16666666666666666,0.0,5.270991512345678,False,0.23805616174004005
6c6cc59a5c00cacc5054ca06d65cc282,RS,1,1107.0,148.71,1,1,0,5.0,0.0,0.0,9.252847222222222,False,0.13433604336043362
abc015ebac1d283a323ca9db35ede4b9,SP,12,1106.8,222.85000000000002,13,12,1,4.416666666666667,0.08333333333333333,0.0,10.813035300925925,False,0.20134622334658478
a425f92c199eb576938df686728acd20,PR,16,1106.3,293.39,18,16,2,4.5,0.125,0.0,17.149074074074075,False,0.2651993130254
457fe919b032a3f7dadba6fb92cf7855,SP,9,1104.89,141.22,12,9,0,4.777777777777778,0.0,0.1111111111111111,5.505036008230452,False,0.1278136285060051
48328ec9a579151d9cc6a86d4a59336c,RS,1,1099.0,97.78,1,1,1,2.0,1.0,0.0,21.226134259259258,False,0.08897179253867152
4b39558c138930b9e5489c93b6df5fe3,SE,4,1096.7,132.4,5,4,0,4.5,0.0,0.0,12.827239583333334,False,0.12072581380505151
b55638ad525e906c698fa2ce742c1742,SC,11,1094.8,290.87,12,11,0,4.181818181818182,0.0,0.18181818181818182,23.431376262626262,False,0.2656832298136646
75fbb52eda0cbc24f479d3b2fbfa8d3e,GO,38,1094.19,900.26,41,38,3,4.447368421052632,0.07894736842105263,0.05263157894736842,13.753061342592593,True,0.8227638709913269
119d1aef1b4144adba89163f6cd9f5d4,SP,4,1094.0,204.24,4,4,0,4.75,0.0,0.0,4.477740162037037,False,0.186691042047532
8b655f0855926bcb49f5835d38dfddf6,SP,5,1089.5,73.31,5,5,0,4.8,0.0,0.2,5.609800925925926,False,0.06728774667278568
e504a4e2efaa45cbff7e268a2c58c956,SP,10,1088.9,240.8,11,10,3,3.8,0.3,0.3,12.945398148148149,False,0.22114060060611626
f205b1a3ca9a34e0f8a228bae6e4c7b3,RS,8,1088.0,396.9,8,8,0,4.875,0.0,0.0,8.596142939814815,False,0.364797794117647
76ea5315acb3f5f7ade3cd261faf922a,SP,15,1087.06,224.02,15,15,1,4.266666666666667,0.06666666666666667,0.06666666666666667,8.683984567901234,False,0.20607878130002025
fe87f472055fbcf1d7e691c00b1560dc,SP,6,1085.8,130.16,6,6,0,4.5,0.0,0.16666666666666666,6.001875000000001,False,0.11987474673052127
e48cc16ab70bfa09e1401740dce0b3d7,SP,14,1084.83,326.3,17,14,4,3.5714285714285716,0.2857142857142857,0.07142857142857142,14.687196593915344,False,0.3007844547071892
39f776d2974049026ff531fc42ef2a3e,GO,3,1084.04,90.37,4,3,1,3.6666666666666665,0.3333333333333333,0.0,16.382831790123458,False,0.08336408250618059
71dc18fd8cbf5fd77f45dd8b427abb34,PR,4,1080.0,149.4,9,4,0,5.0,0.0,0.0,10.731825810185185,False,0.13833333333333334
4091f77d8c768fc3e81c20761471761d,SP,8,1079.0,230.87,8,8,3,2.75,0.375,0.25,18.032364004629628,False,0.21396663577386468
4736e9d642ef4257cd7622516931eb51,SP,16,1078.8700000000001,370.90000000000003,20,16,2,4.125,0.125,0.0,4.796315104166666,False,0.34378562755475633
03a2a6dcbe45d639c4dc2a0d24769c40,SP,9,1078.41,172.25,9,9,1,4.111111111111111,0.1111111111111111,0.1111111111111111,10.4471579218107,False,0.15972589274951085
a066df7361163e7ddc5d7452dd17448b,SP,15,1078.3,266.32,17,15,2,4.4,0.13333333333333333,0.2,15.738050154320986,False,0.24698135954743577
577719699805dd125d5b6fdde5943bba,RS,8,1077.8000000000002,209.56,8,8,1,4.375,0.125,0.125,10.283478009259259,False,0.1944331044720727
167fd940acebc789debd6eb418c46e38,SP,5,1077.58,100.9,5,5,2,3.0,0.4,0.2,15.500854166666667,False,0.09363573934185862
6562efe88ce0826a4ca4f189f03b4b84,PR,8,1076.0,282.32,20,8,1,3.875,0.125,0.125,17.81350115740741,False,0.2623791821561338
3d4b1ae7539303b5704493798893e82c,SP,6,1076.0,145.69,9,6,0,4.833333333333333,0.0,0.0,12.075733024691358,False,0.1353996282527881
4cf490a58259286ada5ba8525ba9e84a,SP,7,1075.3,142.55,7,7,2,3.4285714285714284,0.2857142857142857,0.0,24.765550595238096,False,0.1325676555379894
596849622429351f47b32e6cae1055ff,SP,13,1069.8,153.1,13,12,2,4.083333333333333,0.16666666666666666,0.0,5.483386752136752,False,0.1431108618433352
334cab711dee080b079fa5779b584783,SP,11,1069.7,351.66999999999996,26,11,0,4.909090909090909,0.0,0.0,8.1149515993266,False,0.3287557259044591
b18871c324516afa228a13e8f1ef0ae9,SP,9,1064.6,243.8,23,9,4,3.4444444444444446,0.4444444444444444,0.1111111111111111,8.933315329218107,False,0.22900619951155365
eb72802c83dc7547529c9546d1a9b8ef,SP,8,1063.92,117.71,8,8,1,4.625,0.125,0.0,6.2112832754629625,False,0.1106380178960824
8fbd63429be6d3e5e6d1a709b6464802,SP,6,1061.4,179.57,8,6,0,4.833333333333333,0.0,0.0,8.406583719135803,False,0.1691822121726022
b2eecf5ea250510da76590ca79d60e5d,SP,9,1060.0,153.15,11,9,0,5.0,0.0,0.0,6.1671476337448565,False,0.1444811320754717
1464afc72f696af775557a821c2e253f,RJ,29,1059.36,454.42,30,29,3,4.241379310344827,0.10344827586206896,0.034482758620689655,11.55180316091954,False,0.42895710617731464
226b05fe067266c59c15dae208213d06,PR,10,1056.9,188.68,11,10,1,4.5,0.1,0.0,9.978346064814815,False,0.1785220929132368
55dedd83e501d8248880557d9073cbfd,RJ,8,1055.3,110.78999999999999,9,8,0,4.875,0.0,0.0,4.779639756944444,False,0.10498436463564863
9d7a1d34a5052409006425275ba1c2b4,SP,13,1054.82,277.05,16,13,1,4.384615384615385,0.07692307692307693,0.07692307692307693,14.331834935897435,False,0.26265144764035575
fcf16b7a8697e559f0123190bb30177d,SP,3,1052.8000000000002,499.77000000000004,7,3,1,3.3333333333333335,0.3333333333333333,0.6666666666666666,15.578668981481483,False,0.47470554711246193
4324dd16853115efb0fd9d0d131ba6f4,SP,12,1052.25,327.21999999999997,18,12,2,4.083333333333333,0.16666666666666666,0.08333333333333333,13.36244888117284,False,0.3109717272511285
bb135baca94c82fcb731335ad5b04a03,SP,18,1049.8,472.88,38,18,7,3.0555555555555554,0.3888888888888889,0.0,9.276137474279835,False,0.45044770432463327
49067458c68f7701fd334ce326accbe0,MG,17,1047.6499999999999,573.85,37,17,6,3.3529411764705883,0.35294117647058826,0.058823529411764705,12.204551334422657,False,0.5477497255762899
ea6b12bf9ffe2bac34602ec631d97a47,SP,9,1047.3,154.89,9,9,1,4.333333333333333,0.1111111111111111,0.0,16.563964763374486,False,0.14789458607848754
1cbd32d00d01bb8087a5eb088612fd9c,SP,11,1045.47,244.06,12,11,1,4.181818181818182,0.09090909090909091,0.09090909090909091,12.533015572390571,False,0.2334452447224693
c03121937e54a93fcc1825c3098bbb6e,PR,7,1043.0,154.94,7,7,0,5.0,0.0,0.0,11.15910052910053,False,0.1485522531160115
89f69225956f951295ca4c7fb1266553,RJ,11,1041.3,277.41,12,11,1,4.2727272727272725,0.09090909090909091,0.09090909090909091,9.72122159090909,False,0.26640737539613946
1bc2e21de46adfea6b98cc96b00f3b40,SC,3,1039.95,102.60000000000001,5,3,1,3.3333333333333335,0.3333333333333333,0.0,16.51103009259259,False,0.09865858935525747
633ecdf879b94b5337cca303328e4a25,SP,6,1037.6000000000001,87.89,6,5,4,1.8,0.8,0.6666666666666666,25.722860725308646,False,0.08470508866615264
7df1fc11cc5cbc518b39faa60cf5d67c,MS,5,1037.6,134.36,5,5,1,4.2,0.2,0.0,7.718787037037037,False,0.12949113338473403
c54679b132454625907c773d273d4126,SP,7,1032.0,107.92999999999999,8,7,0,4.857142857142857,0.0,0.0,6.164588293650794,False,0.10458333333333332
8c5e007d7bd5693fa1386ffefbc99f6c,SP,9,1029.11,378.3,24,9,1,4.333333333333333,0.1111111111111111,0.0,10.242138631687244,False,0.36759918764757904
8f2b51a30523cdecddc2f179f351c7d6,SP,7,1027.9,148.33,8,7,1,4.142857142857143,0.14285714285714285,0.0,13.126109457671959,False,0.14430392061484582
76c47a299e4a8fe992316a85865acbe9,SP,6,1024.46,221.88,10,6,0,4.666666666666667,0.0,0.3333333333333333,20.242797067901233,False,0.21658239462741347
e58a5b390e28abc0b216cfb0e07d27d7,RJ,7,1022.6,144.63,7,7,0,4.857142857142857,0.0,0.0,7.598201058201058,False,0.14143360062585567
26785a546900236d66f2e4197c211158,SP,15,1019.2,225.45,15,15,1,4.666666666666667,0.06666666666666667,0.0,5.767207561728395,False,0.2212029042386185
7aa538dd6e114e503a2e6154ea352253,SP,5,1016.6800000000001,101.92,5,5,0,4.4,0.0,0.0,8.87823611111111,False,0.10024786560176259
a13aaf2d2886ab9fb30fb9a920160b8f,SC,4,1011.52,74.31,4,4,0,4.5,0.0,0.25,9.351059027777778,False,0.07346369819677318
28872dc528e978a639754bc8c2ce5a4c,RS,1,1009.9,29.0,1,1,0,5.0,0.0,0.0,4.039108796296296,False,0.028715714427171007
5b664594895aefb418afaee6d40a9a23,RJ,16,1008.8,226.38,22,16,3,3.9375,0.1875,0.0,10.405842737268518,False,0.22440523394131642
00720abe85ba0859807595bbf045a33b,SP,13,1007.5,315.98,26,13,3,3.6153846153846154,0.23076923076923078,0.15384615384615385,11.786855413105412,False,0.31362779156327547
fb3cfbc8a86f5d7fbb4d36b8df63f60d,RJ,10,1007.3000000000001,217.76,15,10,1,4.2,0.1,0.0,7.5278680555555555,False,0.21618187233197655
980640c45d7a4635885491d077167e4d,SP,14,1004.29,242.37,14,14,0,4.642857142857143,0.0,0.07142857142857142,7.608943452380953,False,0.24133467424747834
ef9952469137ff190bacafe117f51537,MG,5,1002.66,83.94,5,5,0,4.8,0.0,0.0,10.250847222222223,False,0.08371731195021244
515d781150feed28a6ac091bb0e3cb8c,MS,6,1002.35,152.37,6,6,0,4.166666666666667,0.0,0.0,9.780329861111111,False,0.15201276999052227
2379bdc3888025689a9deb7b141507d5,SP,9,999.5,126.11,9,9,1,4.333333333333333,0.1111111111111111,0.3333333333333333,18.42511059670782,False,0.12617308654327164
41c9d3997dd3c072c31139dc5bb5761f,MG,3,998.8,111.74000000000001,3,3,0,4.333333333333333,0.0,0.0,22.206986882716052,False,0.11187424909891872
cb4a705d00e100b9732d0ca34817d441,SC,1,998.0,82.56,2,1,1,1.0,1.0,0.0,24.12673611111111,False,0.08272545090180361
de9727ca376d1be6ec121b110aa7954c,PR,9,997.8000000000001,197.84,11,9,3,3.6666666666666665,0.3333333333333333,0.1111111111111111,11.991947016460905,False,0.19827620765684506
b5e3e38609125694d2ea2417522a60b7,SC,16,995.04,301.14,17,16,1,4.3125,0.0625,0.25,18.195497685185185,False,0.3026410998552822
7c5b05cbdb5542049f38d90d7815b97d,SP,21,993.97,298.92,23,21,2,4.523809523809524,0.09523809523809523,0.047619047619047616,7.548407186948853,False,0.3007334225379036
04e38a233f726ef161074ab1c9b0399a,SP,19,991.6,355.67,24,19,2,4.105263157894737,0.10526315789473684,0.15789473684210525,11.993331505847953,False,0.3586829366680113
8a43128d7f9a3db592b866e6861a6cce,SP,3,990.5999999999999,67.89,4,3,2,2.3333333333333335,0.6666666666666666,0.0,6.244818672839506,False,0.06853422168382799
7ecef8194babfec876ca720714327841,SP,7,990.5,123.76,8,7,0,4.285714285714286,0.0,0.14285714285714285,10.141066468253968,False,0.1249469964664311
d1582f4043306e6b91afa6a8a884f898,SP,9,990.0,131.92,9,9,1,4.111111111111111,0.1111111111111111,0.1111111111111111,12.108569958847736,False,0.13325252525252523
6025c79c035c3d772133b8b8238463b2,PR,2,989.74,108.59,4,2,0,5.0,0.0,0.0,8.44961226851852,False,0.10971568290662194
8fdca8e349553f99bc738833a62c8802,SP,22,989.34,380.88,29,21,2,4.190476190476191,0.09523809523809523,0.045454545454545456,10.5466109006734,False,0.38498392867972586
edd066cd02126d7800f9b66e980e9931,DF,6,987.6999999999999,186.23,6,6,0,5.0,0.0,0.16666666666666666,11.897121913580248,False,0.18854915460159968
e84ad2127668df3aafc6b73531a0beb8,SP,19,987.0,286.73,23,19,2,4.368421052631579,0.10526315789473684,0.05263157894736842,10.564939692982456,False,0.2905065856129686
7a9c12e235c36247c3c81f50d6ea9cea,SP,5,983.9,115.69,5,5,0,4.6,0.0,0.0,12.8360625,False,0.11758308771216587
adcf50477d6a1f5d91bb9d54c4903cb5,MG,16,981.86,615.77,31,16,4,3.5625,0.25,0.1875,23.489960214120373,False,0.6271464363554885
325f3178fb58e2a9778334621eecdbf9,SP,36,981.6999999999999,451.67,46,36,3,4.444444444444445,0.08333333333333333,0.0,6.405302211934156,True,0.4600896404196802
83645b1645cdee8953ee54c29ceed564,PR,14,978.9,266.2,14,14,0,4.428571428571429,0.0,0.0,10.400109126984129,False,0.2719378894677699
e0eabded302882513ced4ea3eb0c7059,SP,8,978.4000000000001,138.79,8,8,0,4.625,0.0,0.0,11.449202835648148,False,0.1418540474243663
a99504ac23ed125aaf5302af6cc30af9,SP,1,978.0,47.24,1,1,0,5.0,0.0,0.0,16.25554398148148,False,0.04830265848670757
8e670472e453ba34a379331513d6aab1,MG,1,975.0,108.96,1,1,1,1.0,1.0,1.0,86.00116898148148,False,0.11175384615384615
3f2af2670e104d1bcb54022274daeac5,PR,6,973.6,360.58,7,6,2,3.3333333333333335,0.3333333333333333,0.16666666666666666,19.51496141975309,False,0.37035743631881674
0e982cff76cc0579f632cea8a0e38c9d,SC,6,971.9,109.25999999999999,7,6,0,4.333333333333333,0.0,0.0,8.62933449074074,False,0.11241897314538532
9bc484c87d79cd4874e05ca182658045,SP,8,970.0,105.12,8,8,1,4.25,0.125,0.25,13.12238425925926,False,0.10837113402061856
528bcf6680c36dddf07620bd35b33a6f,SP,2,969.98,43.86,2,2,0,4.5,0.0,0.5,21.278836805555557,False,0.04521742716344667
ec4608a1f76453166bb312b2968aeaf4,SP,17,968.8100000000001,894.5500000000001,29,17,5,3.2941176470588234,0.29411764705882354,0.23529411764705882,15.286932189542483,False,0.9233492635294847
9261d76c62caaf0b24677c2ceb7f8f20,SC,6,968.7,247.54000000000002,7,6,0,3.8333333333333335,0.0,0.0,7.901643518518519,False,0.25553835036647055
9e9b539eb2806acee3f5c28085c1db9f,MG,3,967.0,72.47,3,3,1,3.6666666666666665,0.3333333333333333,0.3333333333333333,24.787878086419752,False,0.07494312306101344
4b1eaadf791bdbbad8c4a35b65236d52,SP,5,960.0899999999999,68.95,5,5,3,2.6,0.6,0.2,22.54623148148148,False,0.07181618389942611
b19c48688808720822399ffa9f2dbe2f,SP,1,959.99,24.82,1,1,0,5.0,0.0,0.0,6.303900462962963,False,0.025854435983708162
05730013efda596306417c3b09302475,SC,4,952.0,216.67,4,4,0,5.0,0.0,0.0,9.451623263888889,False,0.22759453781512604
f0e103c63864d5405b958d984b6e94c9,SP,11,951.7,149.71,11,11,0,4.7272727272727275,0.0,0.0,8.819280303030304,False,0.15730797520226963
5b2e94f2c22b39ccc24d34ad0f669672,SP,10,949.78,390.36,10,10,0,4.9,0.0,0.1,9.983612268518518,False,0.4110004422076692
07017df32dc5f2f1d2801e579548d620,PB,8,946.49,181.75,9,8,2,4.0,0.25,0.0,10.079266493055556,False,0.1920252723219474
4f1f1c8666cdb6442f775c4e8caed465,MG,2,944.98,125.41,2,2,0,5.0,0.0,0.0,19.96107060185185,False,0.13271180342441108
4e06067cc08b3f41d837768d392c3ee3,MG,31,941.72,572.53,46,31,6,4.129032258064516,0.1935483870967742,0.03225806451612903,10.263179883512544,True,0.6079620269294482
69b5eaa096c3f9d1e5c398c597f567d6,SP,2,938.0,49.02,2,2,0,5.0,0.0,0.0,6.57519675925926,False,0.05226012793176973
79a679c36c08d606b3fd47ead9de109b,SP,3,935.0,137.22,7,3,2,2.0,0.6666666666666666,0.3333333333333333,11.681172839506175,False,0.14675935828877004
db46ca7bce82b11f7e247539271fc390,RJ,16,933.97,215.89,16,16,1,4.5625,0.0625,0.0,8.149848090277779,False,0.2311530348940544
bc47d5d1490df2b36add65d733eafaba,SP,21,929.8,372.06,22,21,6,3.5238095238095237,0.2857142857142857,0.09523809523809523,12.853864087301588,False,0.40015057001505705
4ebdc7e6cd6102a022dadc49156d4ea8,SP,29,928.6999999999999,369.2,32,29,6,3.793103448275862,0.20689655172413793,0.034482758620689655,9.965408684546615,False,0.3975449553138796
c8025364abeecb115431bf95c11a747f,RS,2,928.0,43.28,2,2,0,4.5,0.0,0.5,7.962546296296296,False,0.04663793103448276
20b54c376b794ed028df09a3cd88e8dc,SP,7,927.87,114.2,7,7,1,3.7142857142857144,0.14285714285714285,0.2857142857142857,21.161888227513227,False,0.12307758629980493
343e716476e3748b069f980efbaa294e,SP,17,922.5999999999999,312.1,24,16,2,4.3125,0.125,0.0625,13.035564959490742,False,0.3382831129416866
2d42ebcda99fd55f6f4bc2f1ca035d50,GO,10,921.5,282.47,11,10,1,4.3,0.1,0.0,9.604912037037037,False,0.30653282691264244
ef2fbc2b607d8492bcffe657a4645434,RJ,19,920.9,353.61,21,19,4,4.0,0.21052631578947367,0.10526315789473684,7.037629751461989,False,0.38398306004995114
670a9dda115b5a88b18cfadee8de2332,SP,11,918.9000000000001,183.09,11,11,0,4.454545454545454,0.0,0.0,12.298190235690235,False,0.19924910218739797
7d7d2b7a51328016102d4528c411d630,SP,7,918.8,180.05,7,7,1,4.142857142857143,0.14285714285714285,0.14285714285714285,10.281992394179895,False,0.19596212451023076
1caf283236cd69af44cbc09a0a1e7d32,RJ,33,917.6,612.65,37,33,2,4.606060606060606,0.06060606060606061,0.09090909090909091,13.810502244668912,True,0.6676656495204882
dc7192adf8ba09569261f4a8d576afe0,SP,7,917.0,161.43,8,7,2,3.857142857142857,0.2857142857142857,0.0,6.234565145502645,False,0.17604143947655398
e9729944ba65dc3ce425e0c5a22ae7b2,RJ,4,916.7,61.73,4,4,0,3.75,0.0,0.25,10.13974247685185,False,0.06733936947747354
32e5635e63cb374eb63afdd242fb6134,RJ,1,910.0,17.82,1,1,0,5.0,0.0,0.0,7.309675925925926,False,0.019582417582417584
70849ca4f400aaabb62cb7462a6f1428,MG,12,909.58,233.66,12,12,1,4.416666666666667,0.08333333333333333,0.16666666666666666,10.915981867283952,False,0.25688779436663073
3f9c56764fabca627406093dcb3ef0b4,RJ,7,909.3000000000001,105.64999999999999,7,7,0,4.714285714285714,0.0,0.0,8.48726355820106,False,0.11618827669635982
08d2d642cf72b622b14dde1d2f5eb2f5,SP,16,909.0,306.15999999999997,20,16,0,4.3125,0.0,0.1875,15.320594618055555,False,0.33680968096809677
e5cbe890e679490127e9a390b46bbd20,SP,2,908.99,28.72,2,2,0,4.5,0.0,0.0,5.923854166666667,False,0.031595507101288244
4a1f694197d05fe70026b016a7316b41,SP,14,907.77,370.97999999999996,23,14,1,4.571428571428571,0.07142857142857142,0.07142857142857142,9.060297619047619,False,0.40867180012558246
e250d617a0ad591ba9bd663e584a895d,SP,8,904.12,300.78999999999996,20,8,3,3.5,0.375,0.0,8.818719618055555,False,0.33268813874264475
ae45df84722b1d15c5f32b23a095746c,SP,9,901.8299999999999,163.66,12,9,0,4.777777777777778,0.0,0.0,7.418199588477366,False,0.1814754443742169
e1c76f339ebd5460999f25a2aa8c92c5,SP,1,899.9,28.8,1,1,0,5.0,0.0,0.0,29.84170138888889,False,0.032003555950661185
b45d7ebfb7378630f1bcd74b6ff86ff7,MG,3,899.6999999999999,68.44,3,3,0,4.333333333333333,0.0,0.0,29.70025077160494,False,0.07606980104479272
7dc9a3355bae96dd82008b313d3a456c,MG,1,899.0,50.62,1,1,0,5.0,0.0,0.0,12.486354166666667,False,0.056307007786429365
e51f22821f0c12a16ad5c020cdcd55e9,SP,4,898.71,98.13,4,4,0,4.75,0.0,0.0,10.324129050925926,False,0.10918983876890208
f8201cab383e484733266d1906e2fdfa,SC,10,889.0,255.82999999999998,10,10,1,4.1,0.1,0.2,13.045797453703704,False,0.28777277840269966
160e4f13fd3a64b1b86807be88b5ffb0,PR,4,886.0,94.45,4,4,1,4.25,0.25,0.0,14.298266782407408,False,0.10660270880361174
e1dc0754bada9ee4cfe9713f22f61292,RJ,12,885.0,264.78,12,12,3,3.8333333333333335,0.25,0.0,8.281831597222222,False,0.29918644067796607
ffad1e7127fb622cb64a900751590acd,SP,10,884.3,206.53,15,10,0,4.8,0.0,0.0,7.6742789351851854,False,0.23355196200384487
48985c61529077fa4f1e38bcff0f2ed3,RS,7,879.3000000000001,148.07,7,7,0,4.428571428571429,0.0,0.0,10.342812499999999,False,0.16839531445467984
3c3017960b2dbd72711a61f0400aab8f,SC,9,878.9000000000001,228.72,9,9,2,3.888888888888889,0.2222222222222222,0.0,12.523006687242798,False,0.2602343838889521
134a288e7de827ec5ec62e3ec9c3a295,SP,9,877.45,126.55,9,9,0,4.777777777777778,0.0,0.0,9.450118312757203,False,0.14422474215054987
17eea220a40cc0d2c0c5346379682398,SP,3,875.98,76.0,3,3,1,3.6666666666666665,0.3333333333333333,0.6666666666666666,25.364583333333332,False,0.08675997168885134
1f867308a0ce13133a4e639ff4de0c02,PR,7,875.1,209.82,13,7,1,4.142857142857143,0.14285714285714285,0.0,11.268655753968252,False,0.2397668837847103
cac63f48c38cd7d002a7e846dcd99a23,SP,10,874.0,140.62,10,10,0,4.8,0.0,0.0,7.2265243055555555,False,0.16089244851258583
3d621842b2ed28e2b474132480edac3c,SP,8,873.9300000000001,123.21,8,8,0,4.625,0.0,0.0,9.898842592592594,False,0.14098383165699768
efff9341f3f8f5237b44ff67ed36a7bf,ES,5,872.99,99.66,5,5,0,4.4,0.0,0.0,11.931902777777777,False,0.11415938326899505
9c690ceacd5c66731bf443ea810195cb,MG,10,871.8,871.8,12,10,1,4.3,0.1,0.0,7.593199074074074,False,1.0
04fdea0c111866e6cf812f1570d6b5bd,SP,8,865.0,173.35,8,8,2,3.5,0.25,0.125,18.002058738425927,False,0.20040462427745664
a67780aba9dd436e7ac0aa1f889e73ec,SP,6,863.0,178.04000000000002,6,6,1,3.6666666666666665,0.16666666666666666,0.3333333333333333,21.632880015432097,False,0.20630359212050986
41da412d33e8da4f22baf55cb1bde82c,ES,15,862.9,374.16,21,15,0,4.666666666666667,0.0,0.0,10.254511574074074,False,0.4336076022714104
6a8a889bde935bafa76d7848782dfaf9,SP,26,860.8199999999999,367.79999999999995,30,26,3,4.038461538461538,0.11538461538461539,0.07692307692307693,7.8881014066951565,False,0.42726702446504494
5011f0d93373a4c5753adf58ca77af8d,SP,11,859.52,363.67,21,11,1,4.090909090909091,0.09090909090909091,0.09090909090909091,10.800631313131312,False,0.42310824646314227
c4fabeea6e569d42d02993bb1f4f1cbc,CE,11,859.3000000000001,277.22,11,11,2,4.0,0.18181818181818182,0.09090909090909091,21.726757154882154,False,0.3226114279064355
2c43fb513632d29b3b58df74816f1b06,MG,3,858.0,72.17,3,3,1,3.6666666666666665,0.3333333333333333,0.0,4.594564043209877,False,0.08411421911421911
e8dba4d70f7f2b20e775d09cae01142d,SP,9,855.91,176.48,9,9,1,4.333333333333333,0.1111111111111111,0.1111111111111111,8.808996913580247,False,0.20618990314402214
bf00385a5f7fc1ef39a13c2e9ee50a5f,SP,28,855.4,333.85,28,28,2,4.428571428571429,0.07142857142857142,0.0,5.772894758597884,False,0.39028524666822545
9198786624eaeb375793215cad26cfa6,SC,8,854.4,198.3,9,8,2,4.0,0.25,0.0,12.971222511574075,False,0.2320926966292135
f783a638e9c6af4a7d0dbfde811e7a81,SP,5,849.8,153.1,5,5,1,4.0,0.2,0.2,17.646319444444444,False,0.18016003765591904
1099a00e0ee3a50935e6c2447ca090c5,RJ,3,849.6999999999999,61.129999999999995,3,3,1,3.6666666666666665,0.3333333333333333,0.3333333333333333,15.039498456790126,False,0.07194303871954807
010da0602d7774602cd1b3f5fb7b709e,SP,1,849.5,230.25,5,1,1,1.0,1.0,0.0,26.1146875,False,0.27104178928781636
4221a7df464f1fe2955934e30ff3a5a1,BA,5,849.5,239.54,5,5,0,4.8,0.0,0.0,16.569189814814813,False,0.28197763390229547
a0d7fbb07bb5ebc3b05980e750db56f3,SP,3,848.99,236.19,4,3,2,2.3333333333333335,0.6666666666666666,0.0,16.224313271604938,False,0.278201156668512
3dbbce181edfaa4a597ec858c382d2ec,PR,17,848.3,440.27,20,17,2,4.235294117647059,0.11764705882352941,0.11764705882352941,14.002171160130718,False,0.5190027113049629
fe1b067411b8c5066e962aa146ccee03,SP,8,847.78,143.1,8,8,0,4.625,0.0,0.0,8.78437210648148,False,0.16879379084196372
113e3a788b935f48aad63e1c41dac1bd,SP,39,847.35,686.6,48,38,2,4.315789473684211,0.05263157894736842,0.05128205128205128,13.198031517094018,True,0.810290906945182
20cb7c2fde3e5bf10f0bbe7394e1c6a9,PR,31,844.9999999999999,780.15,50,31,4,4.096774193548387,0.12903225806451613,0.0967741935483871,12.365232974910393,True,0.9232544378698225
2b03ac196f5ed62ac483960fe0fa3b65,SP,7,843.1,92.09,7,7,1,4.142857142857143,0.14285714285714285,0.14285714285714285,12.89291832010582,False,0.10922784960265686
ddd51ae8cda92f3995a51fc0f0f3eec7,RJ,8,842.6999999999999,276.92,25,8,0,4.625,0.0,0.0,8.139163773148148,False,0.3286104188916578
0791d9fc1e30678ecf03d3e55fa108d3,MG,5,842.0,186.99,11,5,1,4.0,0.2,0.0,7.8056828703703705,False,0.22207838479809977
a1544b9ea0b2390e020537d4daa89049,SP,8,841.2,107.33,8,8,1,3.875,0.125,0.0,10.917319155092592,False,0.12759153590109368
a3b42d266fa8afc874b909422ce88582,SP,1,839.4000000000001,81.84,6,1,0,5.0,0.0,0.0,3.5071296296296297,False,0.09749821300929234
c37b2059d4f90d4feead554e5246565e,SP,12,839.3,221.98,16,12,5,3.3333333333333335,0.4166666666666667,0.25,17.34350212191358,False,0.2644823066841415
6e4f5ff6b086632ba8dcb558fb10249e,RS,5,838.9,214.35,5,5,2,3.4,0.4,0.0,10.725724537037037,False,0.25551317201096674
82cb9f452fe8334df74b22d37824b431,RS,14,838.2,317.06,18,14,0,4.714285714285714,0.0,0.0,8.529109623015874,False,0.37826294440467667
eba88037e1dca898cd02881f67ced679,SP,6,838.1,93.47,6,6,1,4.333333333333333,0.16666666666666666,0.16666666666666666,11.49054012345679,False,0.1115260708745973
b81e3a6c866a764974fe849821abeebd,SP,8,836.1500000000001,216.86,11,8,0,4.625,0.0,0.0,6.141940104166666,False,0.25935537881958975
28f10b1c5e5abb9d4857745bede6147c,SP,28,835.0,350.42,28,28,5,4.0,0.17857142857142858,0.21428571428571427,7.637304894179894,False,0.4196646706586827
297d5eccd19fa9a83b2630071ff105e4,PR,8,834.97,141.76,8,8,0,5.0,0.0,0.0,6.882055844907407,False,0.16977855491814076
1bb3812d5f0747a3ab7348f199001a10,SP,9,834.4000000000001,215.17,9,9,0,4.888888888888889,0.0,0.0,12.761235853909463,False,0.25787392138063275
91543f9849d68d023e17194926598543,SC,4,834.0,266.57,6,4,0,4.5,0.0,0.0,12.869427083333333,False,0.3196282973621103
c00396cbdd2e088fe4281baa5920aef1,PR,1,832.4100000000001,73.44,3,1,0,5.0,0.0,0.0,12.10460648148148,False,0.08822575413558222
9485a23c0430ba1d58d359391606fce6,SP,4,830.9,54.96,4,4,0,3.75,0.0,0.25,13.413342013888888,False,0.06614514381995427
8602a61d680a10a82cceeeda0d99ea3d,SP,17,826.99,252.91,19,17,2,4.411764705882353,0.11764705882352941,0.058823529411764705,7.840296840958605,False,0.3058199010870748
1cd9e0cc1839d55516843def5600816d,SP,5,825.0,101.72,5,5,0,5.0,0.0,0.0,7.781398148148147,False,0.1232969696969697
51e4e89242cbb846c2deff3dc015650e,RS,16,822.58,353.17,16,16,0,4.625,0.0,0.0,9.21369357638889,False,0.4293442583092222
10076e5788b8ee532724bcd460baf762,SP,23,821.48,377.29999999999995,26,23,1,4.565217391304348,0.043478260869565216,0.043478260869565216,10.03461956521739,False,0.4592929833958221
28ea411b354f14b1a494be4e79f0ce02,SP,6,820.0,76.93,6,6,0,4.666666666666667,0.0,0.16666666666666666,8.916840277777778,False,0.09381707317073172
973f21788dfab357250f69a8dcb7ddee,MG,9,819.0,490.03,19,9,6,2.111111111111111,0.6666666666666666,0.5555555555555556,23.757739197530864,False,0.5983272283272283
0aa2205ca24f113f4658a5c536667426,SP,4,815.62,172.48,11,4,1,4.0,0.25,0.0,8.79331597222222,False,0.21147102817488536
63a79f5a7eb5cb48a7e5787b141c7993,MG,11,815.1,200.82999999999998,11,11,0,4.545454545454546,0.0,0.0,6.365419823232323,False,0.24638694638694636
daf565f087a52def0fd5c5825b3661bc,SC,9,813.9000000000001,307.93,9,8,3,3.625,0.375,0.1111111111111111,9.307821502057614,False,0.3783388622680919
dc64d75cc406bb0697be983831430e60,MG,4,813.0,92.55000000000001,4,4,0,4.75,0.0,0.0,10.212702546296295,False,0.11383763837638378
a1bea7061f61f6fdd9a85a6325ba1033,SP,9,810.95,99.93,9,9,0,4.444444444444445,0.0,0.1111111111111111,4.491721965020576,False,0.12322584622973057
725af026f869236a8dd0ceb98564d156,MG,5,810.72,125.94999999999999,5,5,0,4.4,0.0,0.0,13.673094907407409,False,0.15535573317544896
5996cddab893a4652a15592fb58ab8db,SP,1,810.0,70.75,1,1,0,5.0,0.0,0.0,5.080324074074074,False,0.08734567901234568
bd4431c1a8dfa744b59e1e2a8bc99b9e,RJ,7,809.5,204.09,7,7,0,4.571428571428571,0.0,0.0,7.122043650793651,False,0.252118591723286
14ee35374a7876217954b5fa08e50463,SP,6,809.0,114.05,6,6,0,4.333333333333333,0.0,0.16666666666666666,17.1668074845679,False,0.14097651421508034
ba5daa4041e1f15cdf34b76e3e18a450,SP,15,806.8000000000001,152.55,15,15,2,4.266666666666667,0.13333333333333333,0.0,5.692246141975308,False,0.18908031730292513
caa9bc43a9fe8cf9c564ddd8a03cc4a6,SP,13,803.87,233.87,14,12,0,4.666666666666667,0.0,0.07692307692307693,9.549083867521368,False,0.2909301255178076
b5abf4f36adc043117b4fca82c22984c,DF,8,803.0999999999999,166.84,9,8,3,3.125,0.375,0.25,19.701410590277778,False,0.20774498817083803
a72c2f59332659e361d647515c698798,RS,5,802.9,131.03,6,5,0,4.8,0.0,0.0,10.203472222222222,False,0.16319591480881804
11eac105f3f90a9b87b19c89d91e24f3,SP,5,802.89,124.94,5,5,1,3.6,0.2,0.0,9.12383101851852,False,0.15561284858448854
ba6b4a237f92479743cf0ca06b67a9ac,RJ,8,801.89,111.82,8,8,1,4.25,0.125,0.125,12.598758680555555,False,0.13944555986481935
557f22c76691849db52d2abccf0015d0,GO,12,799.87,308.67,13,11,3,3.272727272727273,0.2727272727272727,0.0,14.50512538580247,False,0.3859002087839274
253f95b3a0e6983ae18aed49fbc2b845,SP,5,799.5,91.44,5,5,0,4.4,0.0,0.0,9.206965277777778,False,0.11437148217636023
9c7fd21e0aa159b20da593371f08ff7c,SP,7,798.3000000000001,123.5,8,7,3,3.2857142857142856,0.42857142857142855,0.14285714285714285,7.3877843915343915,False,0.15470374545910057
13511db12ac61e2f89c53b72a944a60b,RS,6,798.0,265.97,6,6,2,3.5,0.3333333333333333,0.16666666666666666,9.17029899691358,False,0.333295739348371
365e4bce19bda0082c3d15d83fdb8bcd,SP,6,796.4,98.61999999999999,7,6,0,4.666666666666667,0.0,0.0,10.377220293209875,False,0.12383224510296333
5a05a16bb50629ee31afab8a6d4c2674,RS,14,794.3,281.18,15,14,1,4.214285714285714,0.07142857142857142,0.07142857142857142,7.040058697089948,False,0.3539972302656427
e3a386fc36e22064434e1fa256f6a9fa,SP,16,793.9,253.25,17,16,2,4.1875,0.125,0.1875,10.068441116898148,False,0.31899483562161485
0d4c8269e7f0401201794deef160edd6,SP,3,792.64,99.39,4,3,1,3.6666666666666665,0.3333333333333333,0.0,17.420385802469138,False,0.1253910981025434
4ef4c39cf3c24f326434cf0b2e48046a,SP,7,792.0,109.51,8,7,2,3.7142857142857144,0.2857142857142857,0.14285714285714285,13.282799272486773,False,0.13827020202020202
52956b80ae65fda598f06f6b9943e7a9,PR,3,792.0,66.85,3,3,0,4.0,0.0,0.3333333333333333,25.609182098765434,False,0.08440656565656565
134b867a0f7f8bbe6abf10f91874891e,SP,1,789.89,132.95,1,1,0,4.0,0.0,0.0,12.933530092592592,False,0.16831457544721415
f9eedec3129e8cc6b6429c42d0808c5b,RJ,2,789.8,43.35,2,2,0,4.5,0.0,0.0,6.757737268518518,False,0.05488731324385921
2305ab43e846518f58dd9d59f3f54e96,SP,3,788.89,42.370000000000005,3,3,1,3.6666666666666665,0.3333333333333333,0.0,11.829328703703704,False,0.05370837505862668
4c61e37f664c3c88aff092aa5ac779d7,RJ,7,788.3100000000001,119.86,8,6,1,4.0,0.16666666666666666,0.2857142857142857,15.791797288359788,False,0.15204678362573099
3492e68f37fd1df87f4f2f2ea247f445,SP,8,787.86,169.4,9,8,2,3.875,0.25,0.125,9.321517650462962,False,0.21501281953646587
da03c298e3999e9d828591fc2179d109,SP,4,787.7,54.78,5,4,0,4.75,0.0,0.0,9.591380208333334,False,0.06954424273200457
1cbd50a8c52e6cf8e315c5709fab386f,PR,9,785.97,220.69,9,9,1,3.7777777777777777,0.1111111111111111,0.1111111111111111,19.0249537037037,False,0.2807867984783134
9d681c7e12db302cb261e721040dde65,PR,13,785.6,273.08,14,13,0,4.923076923076923,0.0,0.0,9.304166666666667,False,0.3476069246435845
9535a841eecebed61a9fb1ac1cbb5597,SP,2,784.9,33.43,2,2,1,3.0,0.5,0.0,9.502650462962963,False,0.04259141291884316
de09d00cfc265b8804c7df34075a68fa,SP,3,784.0,43.97,3,3,1,3.3333333333333335,0.3333333333333333,0.0,6.152604166666666,False,0.05608418367346939
5f06030071324cc52bf0304014ac7234,SP,4,783.96,100.35000000000001,4,4,1,4.0,0.25,0.0,10.357387152777777,False,0.1280039797948875
6b9b80d53ba3676eafe60268a810b5a1,SP,9,783.7,157.51000000000002,9,9,1,4.222222222222222,0.1111111111111111,0.0,12.04213220164609,False,0.20098251882097742
d4f117125b59ce73c3302f88ee40c458,SP,17,783.29,215.32,17,17,0,4.823529411764706,0.0,0.0,7.728728894335511,False,0.2748918025252461
ef30892870c278497523264be1be2241,SP,9,783.2,109.33999999999999,9,9,1,4.555555555555555,0.1111111111111111,0.0,8.079983281893004,False,0.13960674157303368
52a52b9f656520e99716f5bc40f661c8,SP,7,783.0999999999999,148.12,8,7,2,4.0,0.2857142857142857,0.0,10.714502314814814,False,0.18914570297535438
41c2bad7229b0c25e6becf179ebf63ff,RN,20,782.0,189.92,23,20,0,4.95,0.0,0.0,4.69347974537037,False,0.24286445012787722
11742f81550ac064cc9a40f67151d9ad,SP,2,781.9,49.11,2,2,0,5.0,0.0,0.0,9.095063657407408,False,0.06280854329198107
70bf57d811208f8923b41bbd499a67a4,SP,7,780.8000000000001,88.93,7,7,1,4.142857142857143,0.14285714285714285,0.0,4.817481812169312,False,0.11389600409836065
e560e4022d8f7aebf155db95946c5c0f,MG,2,780.0,90.21000000000001,2,2,0,5.0,0.0,0.0,10.134334490740741,False,0.11565384615384616
cb6c9f5888a7a090c75beaf615925792,ES,11,779.8900000000001,229.08,11,11,2,3.8181818181818183,0.18181818181818182,0.09090909090909091,10.160455597643098,False,0.2937337316801087
6524b847b982cd56bb5d4b02b776ee42,SP,1,779.8,55.14,2,1,0,4.0,0.0,1.0,42.330416666666665,False,0.07071043857399334
4deebb3199eeafb282ae33229144f94b,SP,4,779.7,141.79,5,4,1,4.0,0.25,0.25,10.159623842592593,False,0.18185199435680388
5a413ade68e8f8d93071a7f52a64cb9e,SP,14,778.9,153.77,14,14,1,4.642857142857143,0.07142857142857142,0.14285714285714285,4.118708664021164,False,0.1974194376685069
68f86ba270525243e68ae74044f992b9,RJ,10,777.5,186.7,11,10,0,4.5,0.0,0.1,10.094481481481482,False,0.24012861736334404
d66c11a9572221d92fbb8c4897db5f9b,RJ,16,776.56,387.82,16,16,0,4.5625,0.0,0.0,8.548737702546296,False,0.49940764396827036
74636e24f01da9268b0ed88dacd8513e,SP,4,776.0,272.61,4,4,1,4.0,0.25,0.25,13.129348958333333,False,0.3513015463917526
5c3460cd3e8a984382ae254e7dd20d9f,SP,9,775.76,198.54,10,9,0,4.666666666666667,0.0,0.0,9.911150977366255,False,0.2559296689697845
d9442042130b7fe579d1295f9f4a248f,SP,19,772.16,338.88,22,19,2,4.368421052631579,0.10526315789473684,0.05263157894736842,10.679895833333333,False,0.4388727724823871
e644cbadf7eeb30d0d29f335ce7d52ec,SP,7,768.91,161.12,9,7,0,4.0,0.0,0.0,6.880929232804233,False,0.20954337958928876
0ff83046c3fa22efee8ecf291888b191,RS,10,768.9000000000001,254.48000000000002,11,10,0,4.8,0.0,0.0,12.543672453703703,False,0.33096631551567174
4a1917ef994878940e1fb03eeb787ad7,DF,2,768.0,78.62,3,2,1,3.0,0.5,0.0,10.306412037037036,False,0.10236979166666667
562f8cfc51f265411f487d07e9c40e7f,MG,13,766.9200000000001,199.32999999999998,13,13,0,4.538461538461538,0.0,0.15384615384615385,14.032670049857549,False,0.2599097689459135
6f83d9e4da896daae20b9b6b2d3ff8d2,PR,11,765.19,219.85,11,11,1,4.363636363636363,0.09090909090909091,0.0,15.023242845117846,False,0.2873142618173264
0b36063d5818f81ccb94b54adfaebbf5,SC,1,765.0,18.0,15,1,0,5.0,0.0,0.0,14.543993055555555,False,0.023529411764705882
5acd070dd3fe441bbb2ec1f1ede515ee,SP,7,764.17,122.2,8,7,3,3.0,0.42857142857142855,0.42857142857142855,26.1123082010582,False,0.15991206145229467
2063dd1b9f568df1c16741ea7d3e6adb,PR,3,763.1,57.17,3,3,0,5.0,0.0,0.0,12.651215277777778,False,0.07491809723496265
81783131d2a97c8d44d406a4be81b5d9,SP,8,761.8399999999999,113.15,9,8,1,4.5,0.125,0.125,7.2540480324074075,False,0.14852199936994648
39c763cca83e654764b7a4a650fb9b7c,GO,11,761.0,223.21,11,11,3,3.8181818181818183,0.2727272727272727,0.18181818181818182,13.490741792929294,False,0.293311432325887
a56e351445e5863fc8960640ba9190c7,SC,3,760.9200000000001,65.06,4,3,0,4.333333333333333,0.0,0.3333333333333333,11.723136574074074,False,0.08550176102612626
ca77545ca4d2dfd1431bf61334e2fa3c,PR,6,760.0,213.71,10,6,0,4.666666666666667,0.0,0.0,13.23924189814815,False,0.28119736842105264
7c51de0ab286204ce75ff42bf7c10d92,SC,4,759.0,149.64,4,4,0,4.5,0.0,0.0,9.790217013888888,False,0.19715415019762844
c1ed9e3daf6154542826a6996af0fb8c,SC,8,757.5,292.57,16,8,1,4.25,0.125,0.125,16.930416666666666,False,0.3862310231023102
458c6fa920810ce2492da71bc26d9eec,SP,2,756.76,105.61,2,2,1,2.5,0.5,0.0,25.40222800925926,False,0.1395554733336857
cf654707ed6a99f112c7ec3d6f314b8b,SP,3,756.0,33.54,4,3,0,4.666666666666667,0.0,0.0,5.250501543209876,False,0.044365079365079364
21c62b998a043ebe31161d38f84929fc,CE,4,750.49,90.84,4,4,0,4.5,0.0,0.0,13.303304398148148,False,0.12104091993231089
61c36f0fc4a47f9532e5512b66668e62,SP,1,750.0,17.69,1,1,1,1.0,1.0,0.0,12.314270833333333,False,0.02358666666666667
9dc79dd988ac42f4d56c340d7048420a,SP,4,749.6,94.33,4,4,0,4.75,0.0,0.0,6.52150462962963,False,0.12584044823906082
87d3c3aeb3ead335511b3ce315eb341e,SP,15,749.3499999999999,213.71,15,14,3,3.5,0.21428571428571427,0.06666666666666667,6.565039351851852,False,0.2851938346567025
fd435faa3c0422b60440ea3480d0e77c,PB,1,749.0,133.87,1,1,0,5.0,0.0,0.0,9.468483796296296,False,0.17873164218958612
191d55f7edb8524d525ed01b20fe32e8,DF,3,747.0,65.8,3,3,2,2.3333333333333335,0.6666666666666666,0.3333333333333333,22.529178240740745,False,0.08808567603748327
c89cf7c468a48af70aada384e722f9e2,RJ,14,745.0,226.01,14,13,2,4.0,0.15384615384615385,0.07142857142857142,14.189191468253968,False,0.3033691275167785
ba6ce6de456f6c11d08c17701ba5c26f,SP,6,744.35,130.16,7,6,1,4.166666666666667,0.16666666666666666,0.16666666666666666,12.412860725308642,False,0.174863975280446
e8a85b5f3df47be0984c55fd4064dbb4,DF,8,743.0,222.99,14,8,1,4.5,0.125,0.125,10.681103877314815,False,0.300121130551817
6e864f5c4669eff3d98140a07cc50202,SP,13,740.59,191.77,13,13,1,4.461538461538462,0.07692307692307693,0.07692307692307693,9.844045584045585,False,0.2589421947366289
2ba91c7ad80ff88b23b7db823b43c233,SP,6,740.4,99.93,6,6,1,3.8333333333333335,0.16666666666666666,0.3333333333333333,18.654373070987656,False,0.13496758508914103
5bba18b40e8c973b0f32e748004775b0,SP,1,739.98,44.82,1,1,0,5.0,0.0,0.0,7.072442129629629,False,0.06056920457309657
8a40ae794fa3f9892cee24bd5af0488b,PR,6,739.85,206.41,6,6,2,3.1666666666666665,0.3333333333333333,0.3333333333333333,27.80233024691358,False,0.2789889842535649
ba6b68b55fe8704377a7d43c8e5c0185,MG,5,739.77,92.44999999999999,5,5,1,4.2,0.2,0.0,10.590298611111113,False,0.12497127485569838
6bb62a4912377c7bfe7cb17b406bc7e6,SP,4,739.52,105.86999999999999,6,4,1,4.25,0.25,0.0,4.566553819444445,False,0.1431604283859801
8c91bfea4263b8fba54081460693e2a1,RS,2,739.0,46.75,2,1,0,5.0,0.0,0.0,12.129247685185184,False,0.06326116373477672
e73bf2cea7fe4b0b4d287a7568ed1099,SC,4,737.6999999999999,100.13000000000001,5,4,0,5.0,0.0,0.0,5.497410300925926,False,0.13573268266232888
56db5c0782e8f7ddc9343f9576ff6d16,SC,2,734.8,57.15,2,2,1,3.0,0.5,0.0,9.917291666666667,False,0.07777626565051715
4200ddf1967c5e41e48db62bc6d4b5ac,SP,22,734.8,487.93,42,19,2,4.2631578947368425,0.10526315789473684,0.045454545454545456,10.264541245791246,False,0.6640310288513882
33cbbec1e7e1044aaf11d152172c776f,RS,15,730.67,398.83,16,15,0,4.733333333333333,0.0,0.0,8.429000771604938,False,0.5458414879494163
014d9a685fd57276679edd00e07089e5,PR,11,729.88,146.93,12,11,2,3.727272727272727,0.18181818181818182,0.0,9.154871632996633,False,0.20130706417493288
7210cd29727d674c00741e5e387b3ccd,SP,9,729.0899999999999,145.09,13,9,1,4.444444444444445,0.1111111111111111,0.1111111111111111,3.7764146090534982,False,0.19900149501433295
8b87cd0d43d49b9bdf40f56229364d59,SP,2,729.0,135.88,2,2,0,5.0,0.0,0.0,15.342019675925926,False,0.1863923182441701
da6a60cc8cc724fe51be021ff8be779c,RJ,12,728.79,255.79,13,12,0,4.75,0.0,0.0,7.834971064814815,False,0.35097902001948433
aac51c486b672a9850d59f3e84b1cf88,SP,10,728.28,131.29,13,10,0,4.8,0.0,0.0,4.651243055555556,False,0.18027407041247873
d29ba1220fb8634fa3a107e54497b8a4,SP,9,724.94,182.92000000000002,9,9,3,3.2222222222222223,0.3333333333333333,0.0,6.488707561728395,False,0.25232433028940326
fe1bbc5feda5c8979a8a1b3b2512d5a6,MG,9,724.72,137.53,10,9,0,3.888888888888889,0.0,0.1111111111111111,11.927600308641976,False,0.1897698421459322
6d22a1fcebb6dd08c9cd90b92a93e8d0,SC,12,723.7,222.73,13,12,1,4.25,0.08333333333333333,0.0,15.403934220679012,False,0.3077656487494818
d9e7e7778b32987280a6f2cb9a39c57d,SP,11,722.5,263.89,13,11,3,3.5454545454545454,0.2727272727272727,0.36363636363636365,18.465708122895624,False,0.3652456747404844
07d75e33f2750d97d467fb57e4dfdd8a,SP,2,722.4,37.19,2,2,1,2.5,0.5,0.0,11.796643518518518,False,0.05148117386489479
c8cc60ffd415254af5d9b9f34f32c369,SP,8,722.2,194.03,9,8,0,4.75,0.0,0.0,5.47861255787037,False,0.26866518969814457
b16d3dadc47d4eb18be3d88bad0775ce,RS,10,722.1,178.44,11,10,1,4.3,0.1,0.1,6.42946875,False,0.24711258828417115
94231344608e603693b0a8891143f65d,SP,3,722.0,102.17999999999999,3,3,0,4.0,0.0,0.0,12.531454475308642,False,0.14152354570637118
d79e8478eed9999493990b44955fb22e,RJ,5,721.89,80.72,5,4,1,4.0,0.25,0.2,8.199113425925926,False,0.11181758993752511
07de60b03d150fb3ea09eab5da5e4c8b,SP,9,719.1,169.9,9,9,1,4.333333333333333,0.1111111111111111,0.1111111111111111,13.419634773662551,False,0.2362675566680573
75a4764c108403a7a0575140cb22287c,RS,5,716.9000000000001,210.15,9,5,0,4.6,0.0,0.0,11.546094907407408,False,0.2931371181475798
ac6417315ae5da8f9a38ee11de6f7780,SP,7,716.4,134.72,7,7,1,4.142857142857143,0.14285714285714285,0.14285714285714285,11.468726851851853,False,0.18805136795086544
808d4348b916efa08e766ebad39f61eb,SP,20,712.95,268.59,20,20,1,4.6,0.05,0.05,7.961432870370371,False,0.37673048600883646
d558ebe531605a1285ab2b1bc3256dfb,MG,3,709.0,73.23,3,3,0,4.666666666666667,0.0,0.0,9.418445216049383,False,0.10328631875881523
024b564ae893ce8e9bfa02c10a401ece,SP,2,706.4000000000001,212.0,8,2,0,4.5,0.0,0.0,15.339438657407406,False,0.3001132502831257
18e694e0e48ed6f7aa3f24aade5fd697,SP,31,701.54,504.23,34,31,0,4.67741935483871,0.0,0.03225806451612903,6.011871266427717,True,0.7187473273084928
39d61be7a92eb77b7da367bd4845bc0e,SP,7,700.59,209.03,14,7,1,4.0,0.14285714285714285,0.0,10.782415674603174,False,0.298362808489987
ac51cac5e20d69ff485a54746488ef48,SP,3,700.0,58.7,3,3,1,3.6666666666666665,0.3333333333333333,0.0,16.31224922839506,False,0.08385714285714287
3ef37b7ca6dd2b80bd8af81a62504996,SP,2,700.0,40.97,2,2,0,4.5,0.0,0.0,14.346006944444444,False,0.05852857142857143
328acb143b4a73aad6bee8e734f5d20d,PR,2,699.98,34.769999999999996,2,2,0,4.0,0.0,0.0,12.058634259259259,False,0.049672847795651294
1b4b28463457a256e9a784ebe2a8f630,SP,1,699.42,15.92,1,1,1,1.0,1.0,1.0,14.144814814814815,False,0.0227617168511052
59cea8e446d3834393058e7e0666b6fb,PR,10,696.6,204.54,10,10,0,4.6,0.0,0.0,7.272856481481481,False,0.29362618432385873
0d83f8e03188682112cc0d93523705cc,RS,4,696.26,124.31,8,4,1,3.75,0.25,0.25,16.91439814814815,False,0.17853962600178094
fac35d150712afb921ec59ac5f39bb11,MG,5,696.0,104.64,6,5,0,4.4,0.0,0.0,10.14049537037037,False,0.1503448275862069
05a940b4ecae36cadfd8e93bd9c43257,GO,9,695.1,169.0,9,9,1,4.222222222222222,0.1111111111111111,0.0,14.254607767489713,False,0.2431304848223277
052577151711aec5c744fe12e66db3e1,SC,1,687.0,42.65,1,1,0,5.0,0.0,0.0,14.03383101851852,False,0.06208151382823872
2dd1fb6f0e42a2243b8a01e40cd41216,PR,3,686.89,80.43,4,3,1,3.6666666666666665,0.3333333333333333,0.0,13.608958333333334,False,0.11709298432063359
b4b447d715f9ab302a188fb43d3e96b3,SP,5,685.9300000000001,93.73,5,5,0,4.8,0.0,0.2,3.623861111111111,False,0.13664659659148892
b2c97074649f92197d9387d9033dda5f,SP,10,684.71,279.37,11,10,0,4.7,0.0,0.1,12.233510416666666,False,0.4080121511296753
4e6015589b781adaa5ce7f1892d06bb1,SP,3,684.0,56.5,3,3,0,3.6666666666666665,0.0,0.0,5.894976851851851,False,0.08260233918128655
2fb25ab44bdbeae6a4d816e0d0c9d500,RJ,5,683.08,78.21000000000001,5,5,0,4.8,0.0,0.0,8.520905092592592,False,0.11449610587339697
d9cd369bffa979d1634f8e1318bf2f1b,SP,3,678.0,66.81,3,3,0,5.0,0.0,0.0,11.24925925925926,False,0.09853982300884956
9aa388272ee334b6ae07bc73706e254a,MG,6,678.0,183.46,7,6,1,4.333333333333333,0.16666666666666666,0.0,8.413715277777778,False,0.27058997050147493
89a51f50b8095ea78d5768f34c13a76f,DF,10,677.16,177.1,11,10,0,4.7,0.0,0.0,7.424040509259259,False,0.26153346328784927
a513150f33f99a06569e9cd5c4bb889b,SP,2,677.0,34.25,2,2,0,4.5,0.0,0.0,9.656533564814815,False,0.050590841949778434
3d5d0dc7073a299e31fa718ce1bc00b6,RJ,21,674.8,352.32,22,21,3,4.428571428571429,0.14285714285714285,0.09523809523809523,8.493292548500882,False,0.5221102548903379
c6218512d16fcac0af02fe92691cf274,MG,8,674.0,194.64,8,8,1,4.0625,0.125,0.125,14.866530671296296,False,0.2887833827893175
6861de0f40cacb0602e473c51639f980,PR,5,674.0,275.73,8,5,1,3.6,0.2,0.2,13.836252314814814,False,0.4090949554896143
5962468f885ea01a1b6a97a218797b0a,PR,6,674.0,91.74,6,6,0,4.666666666666667,0.0,0.0,10.914812885802469,False,0.13611275964391692
e21a1e8be4715b0fcfd5385643bc49c4,SC,20,673.6999999999999,454.51,23,20,5,3.7,0.25,0.0,16.619786458333333,False,0.6746474691999407
7354220fb240bde543b3c40c060d41e7,DF,7,672.0,165.13,7,7,0,4.571428571428571,0.0,0.0,11.098485449735449,False,0.24572916666666667
e4ebd3f87bf70440014f07ddda7fbe03,SP,7,671.5,115.75999999999999,7,7,0,4.571428571428571,0.0,0.14285714285714285,17.889925595238093,False,0.17239017125837675
6e1862e15f33d9994bc25922a85e1efc,SP,7,668.49,110.83,12,7,1,4.428571428571429,0.14285714285714285,0.0,3.7872585978835978,False,0.16579156008317253
0a85ebe4e328db81ac9109781205e2f7,SP,12,667.9,137.75,12,12,0,4.583333333333333,0.0,0.08333333333333333,5.248940007716049,False,0.20624344961820631
6824a69c9ea0313eba299dd4a2dba09a,MG,6,666.9,117.17999999999999,7,6,0,4.666666666666667,0.0,0.0,4.810596064814815,False,0.1757085020242915
5f7300535881cef3b625fd683cf7d145,RS,10,665.98,170.85,11,10,1,4.4,0.1,0.0,8.813859953703703,False,0.2565392354124748
55c26bcb609f480eb7868594245febb5,SP,6,664.4000000000001,161.82999999999998,6,6,1,4.0,0.16666666666666666,0.0,9.694230324074075,False,0.24357314870559899
bdae679a9b282249bc23b9b69dae9a99,DF,6,663.15,188.82999999999998,12,6,2,3.5,0.3333333333333333,0.0,10.398778935185184,False,0.2847470406393727
8d46553a36e68f95350a200c12f8f2e2,SP,9,660.0,157.20999999999998,11,9,0,4.222222222222222,0.0,0.0,17.568221450617287,False,0.23819696969696966
49383af7ab774e4e8f3000f49c83dc4b,SP,8,660.0,242.23,12,8,0,4.375,0.0,0.0,8.085562789351851,False,0.3670151515151515
c7fdb77fdbff3c41981bc52f787e959e,SP,9,658.48,166.68,11,9,3,3.5555555555555554,0.3333333333333333,0.2222222222222222,16.80525720164609,False,0.25312841696027216
1961c3e1272bfeceb05d0b78b5bbfdaf,SP,2,657.0,39.01,3,2,0,4.5,0.0,0.0,6.7361921296296305,False,0.05937595129375951
b0398568231ba5e6734af1881671a317,ES,4,656.77,113.35,4,4,1,4.0,0.25,0.0,13.211869212962963,False,0.17258705482893555
c447f8dd3ed213f291d65ef074a268eb,SP,7,655.0,122.22999999999999,8,7,2,3.7142857142857144,0.2857142857142857,0.0,11.032149470899471,False,0.18661068702290073
80f2cf9abf6b5a0e5c612b5eea6646e6,SP,6,654.08,225.84,6,6,0,5.0,0.0,0.16666666666666666,10.581170910493828,False,0.34527886497064575
cd3d09fbe6e3e9ff0c0ac0c300e93ae7,SP,12,651.04,229.19,12,12,2,4.166666666666667,0.16666666666666666,0.08333333333333333,11.708241705246913,False,0.35203674121405754
5d043cd5512d4bd2f88e5ccdd5736c38,SP,1,650.0,64.91,1,1,1,2.0,1.0,0.0,9.573449074074073,False,0.09986153846153846
43402bdf22aa2310e8f99e2f94f78628,SP,4,649.95,187.15,5,4,2,2.5,0.5,0.0,16.566171875000002,False,0.2879452265558889
c522be04e020c1e7b79f3acff36513d5,SP,6,649.94,90.48,6,6,1,4.0,0.16666666666666666,0.3333333333333333,15.649359567901236,False,0.13921285041696155
f435898e493ba0356019a0b1cb8b55b1,PR,10,649.76,230.92000000000002,12,10,1,4.4,0.1,0.0,10.871199074074074,False,0.35539276040384143
236585a4ddb5fea9fa40233e2249ed91,RS,11,649.53,188.14,11,11,1,4.090909090909091,0.09090909090909091,0.09090909090909091,13.136474116161617,False,0.28965559712407435
9cad4b68bb993ee401a3c5aaa2bc26dd,SP,5,649.3000000000001,114.03,7,5,2,2.8,0.4,0.2,18.695247685185187,False,0.17561989835207145
54aa8463e87776b5612f4bdc4bd5d4de,MG,7,649.3,123.53,7,7,1,3.857142857142857,0.14285714285714285,0.0,13.480618386243387,False,0.19025103958108733
95b293867b5862941c9cd74f756a3c68,SP,9,648.1,98.12,9,9,3,3.5555555555555554,0.3333333333333333,0.4444444444444444,21.46414480452675,False,0.15139638944607314
b26741d31a563d769b4af0465ab20c56,SC,2,648.0,47.03,2,2,0,4.0,0.0,0.0,12.684010416666666,False,0.07257716049382716
72c38a04bd6a1c3dbc5298425a0db86d,PR,4,647.3,113.35,5,4,1,3.75,0.25,0.0,8.807887731481483,False,0.17511200370770894
2aa3443d7bf9d9bb11133f420d75e083,RJ,10,647.0,134.12,10,10,4,3.0,0.4,0.2,10.573586805555555,False,0.2072952086553323
13f57c12a00ed4610db646b913a7f5c6,SP,7,645.2,175.95,13,7,0,4.857142857142857,0.0,0.14285714285714285,12.374728835978837,False,0.27270613763174206
ad273c9eb54ecb4532de4bf75bae9e4e,PR,10,645.0,184.75,11,10,1,4.1,0.1,0.0,12.209924768518519,False,0.2864341085271318
8d899e15a5925f097cca50faa49b15e3,SP,4,645.0,150.98000000000002,10,4,1,3.75,0.25,0.25,6.067864583333333,False,0.234077519379845
f3295428338a40977a03f555246a70f4,ES,7,644.98,124.4,7,7,2,3.5714285714285716,0.2857142857142857,0.2857142857142857,14.829621362433864,False,0.19287419764953953
bd1d49a326abfa9b1036772e40445430,SP,12,637.7,188.5,13,12,1,4.083333333333333,0.08333333333333333,0.08333333333333333,12.412584876543209,False,0.29559353928179394
7a91bf945c6fae0779f1c61ce97fe45c,RJ,4,634.6,65.17,4,4,0,4.5,0.0,0.25,43.84916666666667,False,0.10269461077844311
7b98de631987e26dd6d803490c43a13c,PR,8,634.2,144.43,8,8,0,4.625,0.0,0.0,10.583616898148147,False,0.22773573005361084
1430239a858e7682bbc43b20758af153,SP,17,633.99,254.65,22,17,2,4.176470588235294,0.11764705882352941,0.0,7.671258850762528,False,0.4016624867900125
be8e909810184b9b19e886129149d8e5,SP,15,629.85,216.23,15,15,3,3.7333333333333334,0.2,0.2,15.356016203703705,False,0.3433039612606176
8759e7aedd644f487315e5860962f162,SP,3,627.0,166.34,3,3,1,3.6666666666666665,0.3333333333333333,0.3333333333333333,32.80336033950618,False,0.26529505582137164
685b870da5b52a710782c9c0fefbeb5b,SP,2,627.0,43.98,2,2,1,2.0,0.5,1.0,39.61394675925926,False,0.07014354066985645
0570350b23eda5444f8d1d9544932058,SP,6,626.9000000000001,124.86,11,6,0,5.0,0.0,0.0,5.071749614197531,False,0.19917052161429252
2f09f7d37a97956d11cc1a7cadd5262b,SP,7,625.0,126.91000000000001,8,7,1,4.0,0.14285714285714285,0.14285714285714285,12.842810846560846,False,0.20305600000000001
6cf476a4ca74498db55cbccdaa9dcfb6,SP,5,624.94,166.66,6,5,2,3.4,0.4,0.4,34.34511111111111,False,0.2666816014337376
a2deecd5398f5df4987110c80a1972a3,SP,13,623.81,221.99,13,13,1,4.269230769230769,0.07692307692307693,0.0,8.307628205128205,False,0.3558615604110226
d8cf3b6a2151949f930d0252b180ec42,PR,6,623.6999999999999,406.47999999999996,19,6,2,3.5,0.3333333333333333,0.0,7.142662037037037,False,0.6517235850569184
ab3e0c171fe84a7ba7de130f19cfb485,PR,6,623.45,112.88,7,6,1,4.0,0.16666666666666666,0.3333333333333333,20.710918209876542,False,0.18105702141310448
bfd938b22bc99bce1ae60dc602889f52,RJ,4,623.4,100.47,6,4,0,5.0,0.0,0.0,11.562456597222223,False,0.1611645813282002
3969863bb8af7f72580b3b1ffd3a17b3,SP,12,623.15,226.87,13,12,1,4.083333333333333,0.08333333333333333,0.0,10.236331018518518,False,0.3640696461526117
26bad72add1f86e08a776ce4ffdaf1ca,SP,7,622.0,123.92,7,7,0,4.428571428571429,0.0,0.0,10.942886904761906,False,0.1992282958199357
b5bb2b985208834bd5bd86c7a402bbad,RS,2,621.06,38.66,2,2,0,5.0,0.0,0.0,11.335590277777778,False,0.06224841400186777
6b15924333bd1a741595fe981ea04822,SP,21,614.3199999999999,240.14000000000001,21,21,0,4.666666666666667,0.0,0.09523809523809523,7.780927579365079,False,0.39090376351087386
1d29dfba02015238dfbe2449a5eaa361,MG,12,612.8,177.12,12,12,1,4.5,0.08333333333333333,0.08333333333333333,15.374400077160495,False,0.28903394255874676
b44dbfbf62e52125f3c15d230569ea91,SP,4,609.37,89.69000000000001,8,4,0,4.75,0.0,0.0,4.995295138888889,False,0.1471847974137224
3d3ccf2b2f8134b10dce9dd446f0e075,SP,3,608.6,141.93,3,3,1,3.3333333333333335,0.3333333333333333,0.3333333333333333,16.772862654320985,False,0.2332073611567532
c6a7539d424a8402232c2228d7a03c5e,SP,10,607.5,393.82,15,10,4,3.1,0.4,0.1,14.271766203703702,False,0.6482633744855967
525e75a6fb1454a2325ab1734bcec221,SP,9,607.17,112.22,10,9,1,3.888888888888889,0.1111111111111111,0.0,6.366539351851852,False,0.18482467842614095
2059c39f76271d4ca3f15b5ffaccc8b8,PR,12,604.9,186.39000000000001,12,12,0,4.5,0.0,0.0,9.585923032407408,False,0.30813357579765255
aae5e7b457a3c72ee230a47d98fceda5,PR,5,604.8,140.77,7,5,0,4.2,0.0,0.0,11.924442129629629,False,0.23275462962962967
eddd1991bd6d9309995a480c39b95137,PR,2,601.0,71.55000000000001,2,2,0,3.5,0.0,0.0,14.754149305555556,False,0.1190515806988353
5a6a02f419701fc8c605af71d4fc57a4,SP,10,600.5,113.91,11,10,0,4.8,0.0,0.1,5.593672453703704,False,0.18969192339716903
1588ac4010787100dddef64568f0ae35,PR,3,599.97,46.0,3,3,1,3.0,0.3333333333333333,0.0,19.871010802469137,False,0.07667050019167625
8e29d051f810eb22959ede205b462b9f,SP,2,599.8,213.48000000000002,2,2,0,4.0,0.0,0.5,31.752569444444443,False,0.35591863954651554
68ca56ce86830f3d31b1b7ec6a54da3e,PR,5,599.6899999999999,123.33999999999999,5,5,1,4.0,0.2,0.0,4.891428240740741,False,0.2056729310143574
3be5841cdcc46de4ed3f9116f104b2c5,SP,4,599.6,88.35,4,4,0,4.75,0.0,0.0,8.005859375,False,0.14734823215476983
53336f97ddbe53e2a617d07b17447b95,SP,1,599.5,75.33,1,1,0,5.0,0.0,0.0,19.431122685185183,False,0.12565471226021685
262237171f48e85819065498cac80d7b,SC,4,599.0,150.0,10,4,0,4.25,0.0,0.0,11.070480324074074,False,0.25041736227045075
d0d70d21e2234dd7cd3cf63fe414148a,PB,8,598.4,366.59000000000003,9,8,1,4.25,0.125,0.0,9.144545717592592,False,0.6126169786096257
38e6dada03429a47197d5d584d793b41,SP,7,596.14,206.91,12,7,1,4.428571428571429,0.14285714285714285,0.14285714285714285,10.115011574074074,False,0.34708289998993525
11938fcc75f6902fea1d0a6f72b54a57,SC,2,594.98,142.16,2,2,1,3.0,0.5,0.0,22.36358796296296,False,0.23893240108911223
8c0de775f52fe41590b376a3b7c50f68,SP,8,594.8000000000001,112.72,8,8,0,4.25,0.0,0.0,6.2137239583333335,False,0.18950907868190986
3d68c634a99a1ba46dbca3967a69c623,SC,2,594.0,263.7,2,2,0,5.0,0.0,0.0,9.19443287037037,False,0.4439393939393939
6e0908ef4d4efadbc3cc2b74ea477cb0,RJ,8,589.4499999999999,160.82999999999998,11,8,2,3.75,0.25,0.125,12.315208333333334,False,0.2728475697684282
8a87611c08849ffeeccab52aa798b6c7,PR,6,587.9,113.05,6,6,0,4.666666666666667,0.0,0.0,8.858441358024692,False,0.19229460792651812
768a86e36ad6aae3d03ee3c6433d61df,SP,17,587.46,180.24,17,17,0,4.647058823529412,0.0,0.17647058823529413,5.081859340958606,False,0.30681237871514655
6e4a902d1054e4e17aa6eab87fac1c75,SP,7,586.57,109.13,8,7,1,4.142857142857143,0.14285714285714285,0.2857142857142857,6.74422123015873,False,0.1860477010416489
b274baf5bbd142410eb2958cf685d684,RS,7,585.9,148.67000000000002,7,7,1,4.285714285714286,0.14285714285714285,0.0,6.354259259259259,False,0.25374637310121184
bf961104a38e01b9062ee026bb657dee,SP,4,585.56,79.9,4,4,0,4.5,0.0,0.0,9.057149884259259,False,0.13645057722522033
851773c885feb5e2da3b4f82bc2b17ce,SP,10,585.3,251.82999999999998,10,10,1,4.2,0.1,0.2,16.660394675925925,False,0.430257987356911
70b52a4cfc823994561b00bad161b4ed,SP,8,585.0,100.35,10,8,0,4.375,0.0,0.0,12.888871527777777,False,0.17153846153846153
71271995e85f5b8530be99ed54a91b89,RS,6,582.0,92.15,6,6,2,3.0,0.3333333333333333,0.16666666666666666,12.30955825617284,False,0.15833333333333335
83353a83fd769dfafa4f21a72b15e3e5,SP,5,579.5,94.83,5,5,1,3.8,0.2,0.2,18.56,False,0.16364106988783433
be3b4b0f050a6aa1b2d901c4b77e979f,PR,3,578.1999999999999,155.52,8,3,1,4.0,0.3333333333333333,0.0,8.301018518518518,False,0.2689726738152889
f524ad65d7e0f1daab730ef2d2e86196,RS,1,578.0,31.5,2,1,1,1.0,1.0,1.0,24.899224537037036,False,0.054498269896193774
01c97ebb5cdac52891c0ed1c37ba0012,SP,9,577.5,178.5,12,9,1,4.222222222222222,0.1111111111111111,0.0,13.929164094650206,False,0.3090909090909091
5ef131ac72773e5b3f6c0d63cf424657,SP,10,575.79,246.2,11,10,2,4.1,0.2,0.0,5.92846412037037,False,0.42758644644748955
ed8cb7b190ceb6067227478e48cf8dde,SP,15,573.5,242.71,17,15,5,3.4,0.3333333333333333,0.06666666666666667,7.3134652777777776,False,0.4232083696599826
26af45f5dfd967225a832838aa4e24a3,PR,10,573.1,198.51,11,10,2,4.1,0.2,0.0,9.771618055555555,False,0.34637934042924445
4e326052e5dbba8adcd512f3450a307e,SP,3,570.0,85.96,6,3,2,2.3333333333333335,0.6666666666666666,0.0,17.967380401234568,False,0.15080701754385964
9599519be538b98748162a2b48248960,SP,1,570.0,60.06,3,1,1,1.0,1.0,0.0,22.617453703703703,False,0.10536842105263158
a35ef466c6fd6d052f5d241240d3c5e2,RS,3,569.9,79.65,3,3,0,4.666666666666667,0.0,0.0,11.831080246913581,False,0.13976136164239342
3f9be91358837bff69df67edfa3e42e8,PR,7,569.7,132.36,7,7,1,4.428571428571429,0.14285714285714285,0.0,9.842959656084657,False,0.2323328067403897
a254c682cc01e119f83530446f1df9a9,SP,6,569.4,240.02,7,6,1,4.0,0.16666666666666666,0.16666666666666666,15.069197530864196,False,0.4215314365999298
cd2169d9f31ff6fbb9ca3373b0c9e354,RJ,1,569.0,56.33,1,1,0,4.0,0.0,0.0,15.16494212962963,False,0.0989982425307557
73b8eb4a9a729d4019b24ed1be748cbf,SP,7,568.9,86.6,7,7,0,4.857142857142857,0.0,0.0,4.136651785714286,False,0.15222358938301986
4170f6a9367e6b5d6401d03ce6d54569,DF,4,568.78,93.03,5,4,1,4.0,0.25,0.25,24.803373842592592,False,0.16356060339674391
89ad3263c0931c47f976d7c5778e60f6,SP,6,568.2,131.54,6,6,1,4.166666666666667,0.16666666666666666,0.0,6.547744984567902,False,0.23150299190425902
f52c2422904463fdd7741f99045fecb6,SP,12,567.79,177.01,13,12,1,4.25,0.08333333333333333,0.08333333333333333,5.673889853395061,False,0.31175258458232796
b7ed9fb14c8eadb37adb9c45d67ab0fb,SP,7,566.0,221.75,11,7,3,3.2857142857142856,0.42857142857142855,0.0,12.563201058201058,False,0.3917844522968198
2f74af7a0ee5636f12c2336f9fffed47,SP,13,560.6999999999999,163.76999999999998,13,13,1,4.3076923076923075,0.07692307692307693,0.0,9.696574964387464,False,0.2920813269127876
b12cfd255810394b60caef18ae163547,PR,2,560.0,166.14999999999998,2,2,0,4.5,0.0,0.0,15.839143518518519,False,0.2966964285714285
5f5a58930c3c35f3b5af264f34fb8c85,SP,3,560.0,68.59,3,3,0,5.0,0.0,0.0,7.959606481481482,False,0.12248214285714286
c33a5c3c983090c8b78a28e65052a20d,SC,8,559.2,128.13,8,8,2,4.125,0.25,0.0,11.570222800925926,False,0.22913090128755362
820c7c9eaf76d2b226b6c242bcf3f34d,SP,1,559.0,18.0,1,1,0,4.0,0.0,0.0,17.76011574074074,False,0.03220035778175313
35b96509602ec4b7da831b5cd73ff2c2,RS,2,558.9,47.55,2,2,0,4.5,0.0,0.0,9.125092592592592,False,0.08507783145464305
6eeed17989b0ae47c9f11ece6f38ea90,SP,3,557.0,119.01,3,3,1,3.6666666666666665,0.3333333333333333,0.0,6.500030864197531,False,0.2136624775583483
8a207b6080964f3c1fc9d35bd6096ba4,SP,2,553.7,176.34,3,2,0,5.0,0.0,0.5,22.713935185185186,False,0.31847570886761783
385799a1cddbd26dfeb9157356a42282,SP,4,551.9399999999999,74.78,6,4,0,4.75,0.0,0.0,8.503075810185186,False,0.13548574120375403
74871d19219c7d518d0090283e03c137,SP,6,550.04,87.87,7,6,0,5.0,0.0,0.0,3.870761959876543,False,0.159752018035052
eb9cd5b35d95206585e2185318cb5c61,SP,2,550.0,61.55,3,2,1,3.0,0.5,0.5,16.270862268518517,False,0.1119090909090909
bb2afe2061d53c6968aa0cffa233a8ec,SP,5,549.4,94.62,6,5,0,4.8,0.0,0.0,4.431162037037037,False,0.17222424463050603
e433f5fd4050e3352b5d83522b7fe24b,PR,1,548.06,48.71,1,1,0,4.0,0.0,0.0,7.448333333333333,False,0.08887713024121448
0d33a55da925bbf1ff02af5f6059fc7f,SP,22,547.3,385.61,24,22,2,4.454545454545454,0.09090909090909091,0.045454545454545456,8.47973327020202,False,0.7045678786771424
6c99c983ce3b6ba0ab813e6790e81691,MG,9,546.75,205.76,9,9,2,3.7777777777777777,0.2222222222222222,0.0,6.133632973251029,False,0.3763328760859625
9c1c0c36cd23c20897e473901a8fb149,SP,6,544.97,172.07,7,6,0,5.0,0.0,0.0,6.220837191358025,False,0.31574215094408864
af7cdac9d9897cddead9c6b08976c642,SP,6,543.54,150.47,6,6,1,3.6666666666666665,0.16666666666666666,0.16666666666666666,15.225084876543209,False,0.27683335173124335
4cc4fd4fdd406a85bbdc1f824b731bd7,PR,1,539.98,31.24,2,1,0,5.0,0.0,0.0,8.304594907407408,False,0.05785399459239231
228e4c1a0be164f613d41c24345f9d2c,PR,5,539.7,229.74,5,5,0,5.0,0.0,0.0,11.118863425925927,False,0.42568093385214006
d94ba08b99bedd6a5f6c875ecc4a6fac,PR,8,539.1,161.6,9,8,0,4.75,0.0,0.0,12.503735532407408,False,0.29975885735485064
6c17baf138731a4aaacc3210adf2037b,SP,4,538.8,89.92,5,4,0,5.0,0.0,0.0,7.55021412037037,False,0.16688938381588717
08d1c9478fb0d7d7fcac9c0da4e82fc7,MG,1,538.0,67.57,1,1,0,5.0,0.0,0.0,10.392372685185185,False,0.12559479553903344
ff314fa6033cc68ec451c47aee2d6ba4,SP,2,537.9,32.44,2,2,0,5.0,0.0,0.0,10.687337962962962,False,0.06030860754787135
1fe61aa5494bd3ae92a2c13e067c810f,SC,1,537.76,100.82,2,1,0,4.0,0.0,0.0,7.990543981481482,False,0.18748140434394525
638cba8be1fb599bbb76fd6948351eb3,SP,16,535.4,268.27,22,16,1,4.6875,0.0625,0.0,8.141051070601852,False,0.5010646245797534
cb9fb4ca75d7ba8437480e8dde64fe98,SP,10,532.14,173.42000000000002,10,10,2,4.0,0.2,0.0,9.250421296296297,False,0.3258916826399068
1f7fd2a6fcd5a6fa5d8a4dabc72aaae0,RS,3,531.8,100.88,3,3,0,5.0,0.0,0.0,7.109780092592593,False,0.18969537420082738
4342d4b2ba6b161468c63a7e7cfce593,RJ,2,528.9,34.54,2,2,2,1.0,1.0,0.5,15.676087962962963,False,0.06530535072792588
2e7ea2aafec5835e781b21d6d1faf1f1,SP,7,528.4,118.22,7,6,0,4.5,0.0,0.14285714285714285,7.159899140211641,False,0.22373202119606359
6879c4d287a8dd06b11f54ea8f78e4da,SP,6,527.67,149.46,6,6,1,4.333333333333333,0.16666666666666666,0.0,6.816903935185185,False,0.2832452100744784
979e9f8b5b39dd243a2550c8b05aecf0,SP,3,525.0,46.88,4,3,0,5.0,0.0,0.0,9.339444444444444,False,0.0892952380952381
3968920b9aa752ab98f7d5888c9252f2,SP,8,523.3,157.71,10,8,2,3.875,0.25,0.125,9.638804976851851,False,0.30137588381425573
02b72cdeb9cfcc429f1af6f4e3f3b737,SP,4,522.65,225.99,4,4,0,4.75,0.0,0.0,12.510251736111112,False,0.43239261456041334
6e13dd869aa7185f601c941423abcc8f,SP,5,522.0,76.08,6,5,0,4.8,0.0,0.0,4.2793425925925925,False,0.14574712643678162
c026ef0d72e9132d9fa112308090c8dc,RJ,1,520.0,37.72,1,1,0,4.0,0.0,0.0,11.181145833333334,False,0.07253846153846154
fc59392d66ef99377e50356ee4f3b4e1,BA,5,519.99,86.97,5,5,2,3.6,0.4,0.0,7.950819444444446,False,0.16725321640800783
f9ec7093df3a7b346b7bcf7864069ca3,SP,9,519.2,118.93,9,9,0,4.777777777777778,0.0,0.1111111111111111,6.317723765432099,False,0.22906394453004622
d197aa8fbc64087f61984deef05f6227,SP,6,519.09,111.56,7,6,0,4.833333333333333,0.0,0.0,7.411525848765432,False,0.21491456202200002
ff4e2d38692ce827b1a4f4b8196e680d,SP,11,518.9,150.28,11,11,1,4.2727272727272725,0.09090909090909091,0.0,9.210698653198653,False,0.2896126421275776
a7dc4098e4da6e41b426269d12ae7e91,SP,2,518.0,36.45,3,2,1,3.0,0.5,0.0,6.348055555555556,False,0.07036679536679537
3296662b1331dea51e744505065ae889,SP,1,517.8,27.71,1,1,0,5.0,0.0,0.0,3.404826388888889,False,0.053514870606411746
7e79d65b5c6f1f544b7daea036acf720,SP,4,517.8,62.09,4,4,0,4.5,0.0,0.0,8.56722511574074,False,0.11991116261104676
9e6967d3cf386d284251784b18ccb485,SP,9,517.67,137.23,11,9,2,3.888888888888889,0.2222222222222222,0.1111111111111111,7.245511831275719,False,0.26509166071049123
64cc804291f90c81f02bfc2bb58ff55a,PR,2,517.6,46.54,2,2,0,5.0,0.0,0.0,14.760040509259259,False,0.08991499227202472
1d503743d2526f03f0c2c89540ee008c,SP,12,516.04,204.49,17,12,2,3.9166666666666665,0.16666666666666666,0.08333333333333333,10.80260513117284,False,0.39626773118362923
b87a7ea0c30fad2dd6781b74a0064859,SP,9,515.4,122.35,9,9,3,3.4444444444444446,0.3333333333333333,0.3333333333333333,15.243249742798355,False,0.2373884361660846
a06c8ff043abea0528ee44171e2140a2,MG,8,514.5,92.42999999999999,8,8,0,4.75,0.0,0.0,3.879386574074074,False,0.17965014577259475
c157bdeedcbc9a8e3c8bf0d87ff24428,SP,7,514.27,208.7,10,7,0,4.428571428571429,0.0,0.0,12.136866732804233,False,0.40581795554864175
312ba1d77e9c332ef21f9598b7f64cd7,SP,7,513.0,102.41,7,7,3,3.142857142857143,0.42857142857142855,0.5714285714285714,25.699447751322754,False,0.19962962962962963
4a82168aaef173cbb6e46ae88728f919,PR,4,512.0,100.39,4,4,1,4.0,0.25,0.0,6.717989004629629,False,0.19607421875
2b2fed75b8e5ea3a052fc4c0825da485,MG,3,510.9,59.93,4,3,0,5.0,0.0,0.0,5.570671296296297,False,0.1173027989821883
c3aad7dc65449ae90a5e9c3c6c1e78e0,SP,6,510.0,130.36,6,6,0,4.666666666666667,0.0,0.0,7.48622299382716,False,0.25560784313725493
c53bcd3be457a342a97e39e5a9f0be22,SE,5,509.5,186.09,5,5,2,3.2,0.4,0.0,12.383395833333333,False,0.36524043179587834
4be6b962d83299498bae2190f95d6566,SP,11,508.8,182.29,12,10,1,4.1,0.1,0.09090909090909091,7.897717803030304,False,0.35827437106918236
e6a69c4a27dfdd98ffe5aa757ad744bc,SP,21,508.51,275.83,23,21,2,4.285714285714286,0.09523809523809523,0.0,10.744657186948855,False,0.5424278775245325
33cbda8716511e27e556dff9d8418bf2,SC,5,507.40000000000003,108.17,6,5,0,4.8,0.0,0.0,12.712717592592593,False,0.2131848640126133
5e49e3a44bdeb5aab2684258bbd4f525,SC,3,507.0,52.769999999999996,3,3,0,4.666666666666667,0.0,0.3333333333333333,16.658904320987656,False,0.10408284023668639
3ea00e1dea2b0659dbaf654735929220,PR,7,505.0,144.97,7,7,0,4.857142857142857,0.0,0.0,11.446294642857143,False,0.28706930693069305
2493dc3f20131696a0ecdb9948051a8d,DF,4,504.38,70.69,4,4,0,4.75,0.0,0.0,9.174956597222222,False,0.1401522661485388
20a7efa9721046319bdde5d60b6b5365,SP,3,501.20000000000005,95.39,6,3,0,5.0,0.0,0.0,19.369699074074074,False,0.19032322426177173
39a5005f2605cbdb4f9ac14485cabfd1,SP,3,501.07,232.58999999999997,8,3,0,5.0,0.0,0.0,9.623873456790124,False,0.4641866405891392
97e995629983723d11830a829bc2b246,SP,5,499.5,99.37,5,5,0,4.8,0.0,0.0,17.008074074074074,False,0.19893893893893894
13c2ed7698b3ca92dad49e849219da59,PR,8,498.61,154.68,9,8,1,4.375,0.125,0.0,10.88997974537037,False,0.3102224183229378
265fdc289dffa9f1ad801c74f7d0de47,SP,1,495.0,51.55,1,1,0,5.0,0.0,0.0,7.357453703703704,False,0.10414141414141413
e59e489e2ea74bd409b798b5daf49de3,PR,3,495.0,86.76,5,3,2,1.6666666666666667,0.6666666666666666,0.0,15.36360725308642,False,0.17527272727272727
ccbd753e6863fe7314dc6c0ca5a074e7,SC,1,495.0,101.56,1,1,0,4.0,0.0,0.0,11.860879629629629,False,0.20517171717171717
c458e2045a8aa8964f8879af03fdcce6,SP,4,494.91,196.79000000000002,9,4,2,2.75,0.5,0.0,16.03906539351852,False,0.3976278515285608
fcba71d4d5db057f43249145e4eb1e27,SP,3,494.55,53.72,3,3,0,4.666666666666667,0.0,0.0,18.62317901234568,False,0.10862400161763218
0951a6e282947e09cd47969f4ed0b47f,SP,7,492.3,88.02,7,7,0,4.857142857142857,0.0,0.0,4.719513888888889,False,0.17879341864716636
c84592044b180dec206770c38603814b,SP,14,491.94000000000005,209.03,14,14,1,4.428571428571429,0.07142857142857142,0.0,12.918706183862435,False,0.42490954181404234
e601b04acf48b4576e73ddca9481f0dc,SP,15,491.94,211.0,16,15,3,4.066666666666666,0.2,0.0,6.84870987654321,False,0.4289140952148636
340636a908b13bbe0f4fb63fbe1d0c03,SP,3,490.5,36.0,3,3,0,5.0,0.0,0.0,7.826103395061729,False,0.07339449541284404
b9c0ffa92f3ff9a5a3d45ef7213c0842,SP,3,490.0,82.17,3,3,0,5.0,0.0,0.0,21.183537808641976,False,0.16769387755102041
48fb026ed7455a42f5d3e9390ed5088e,RJ,9,489.73,191.54,9,9,4,2.888888888888889,0.4444444444444444,0.0,11.88611239711934,False,0.39111347068793006
7816cd9c5b1238e320545f5bf7eb80e8,SP,1,489.0,22.76,1,1,0,4.0,0.0,0.0,10.901851851851852,False,0.0465439672801636
f88adb15807168d3c43d71021090ce4a,SP,3,488.8,52.26,3,3,1,3.3333333333333335,0.3333333333333333,0.0,6.365833333333334,False,0.10691489361702126
09bad886111255c5b5030314fc7f1a4a,SP,5,487.5,72.86,5,5,0,5.0,0.0,0.0,6.468912037037038,False,0.14945641025641027
83a75eea11694e36e56dd0cb2240229a,SP,3,487.0,42.47,3,3,0,5.0,0.0,0.0,4.093989197530864,False,0.08720739219712526
c7a0a13cbcf29d5ce51c8f80afdc0b89,SC,8,483.08000000000004,174.72,9,8,1,4.125,0.125,0.0,10.866258680555555,False,0.3616792249730893
c1f12f926d0ba950578b4fa41115cbb6,SP,2,479.6,76.96,4,2,0,4.0,0.0,0.5,36.750966435185184,False,0.1604670558798999
0c7f30ae9b147eca07affbef92832a6a,PR,5,479.5,87.61,5,5,0,5.0,0.0,0.0,8.54264814814815,False,0.182711157455683
32fdd5d44ecb43dfd6a24b9369eca144,MG,8,479.2,138.68,8,8,0,4.375,0.0,0.0,16.070402199074074,False,0.28939899833055094
25be943a321c8938947bdaabca979a90,SP,3,479.0,95.63,3,3,0,4.333333333333333,0.0,0.0,3.203792438271605,False,0.19964509394572025
bac692d6c0ed08467878018e6cc9c26c,SC,1,477.0,82.23,3,1,0,4.0,0.0,0.0,7.197361111111111,False,0.17238993710691825
f1198c871e0171278b63f40d112caeec,SP,2,475.8,82.27,2,2,0,4.5,0.0,0.0,11.401388888888889,False,0.17290878520386715
29e6e05b65f93bc224c644319dc52ecf,MG,4,475.6,83.32,4,4,0,4.75,0.0,0.0,6.916348379629629,False,0.17518923465096717
7402d13c03a7e91366337cd1de471144,PR,3,473.89,110.9,3,3,0,4.333333333333333,0.0,0.0,9.903695987654322,False,0.2340205532929583
e1b12447a7563944843191754aeb5562,SP,9,472.46000000000004,126.67,10,9,1,4.444444444444445,0.1111111111111111,0.2222222222222222,14.48102752057613,False,0.26810735300342886
e3dd723429d1b23614b7fa85e2c7a853,SP,7,471.05,126.57,8,7,1,3.7142857142857144,0.14285714285714285,0.2857142857142857,13.620887896825396,False,0.26869759048933234
270d3ef21830ad0ecf3a6c53d08a533a,SP,5,471.0,217.61,17,5,2,2.6,0.4,0.0,11.543194444444444,False,0.46201698513800427
2953ce3a88f5e3c3b696d77fc9e4c8eb,SP,14,470.0,161.32,15,14,1,4.642857142857143,0.07142857142857142,0.21428571428571427,8.224686673280424,False,0.34323404255319145
b0b346d3a89f5eb4c2968af3f083cd43,SP,9,469.0,160.70000000000002,9,9,2,3.7777777777777777,0.2222222222222222,0.4444444444444444,23.350222479423866,False,0.3426439232409382
8fec2e460530482132c436cfb5439925,SP,3,468.46,80.15,5,3,0,4.333333333333333,0.0,0.3333333333333333,21.85567901234568,False,0.17109251590317212
038b75b729c8a9a04b0d07cba7eabe86,SP,2,467.0,90.85,2,2,0,3.5,0.0,0.5,22.549861111111113,False,0.19453961456102783
c42fd8e4d47dfb18ce5222f2dd7752f9,SP,7,466.99,161.64000000000001,11,5,1,3.8,0.2,0.2857142857142857,26.340785383597883,False,0.34613160881389327
9fc70243fb26800cba56e8f014797004,MG,6,466.6,104.7,7,6,0,4.5,0.0,0.0,9.69967785493827,False,0.2243891984569224
feb793c88d836c3a75efa4b5a3465d70,SP,1,466.0,64.17,1,1,0,5.0,0.0,0.0,5.986342592592592,False,0.1377038626609442
ee2fbacc2fc3794e656cc4d933d59ce7,SP,2,464.97,53.73,3,2,0,4.0,0.0,0.0,7.072615740740741,False,0.11555584231240724
651fe66032c9520ee5587f694908040d,RS,7,464.0,128.73,7,7,1,4.0,0.14285714285714285,0.0,6.706140873015873,False,0.2774353448275862
0a82f5fb06a4fe4ac2cf7cb412ec71b8,SP,2,462.0,22.799999999999997,2,2,0,5.0,0.0,0.0,5.281736111111111,False,0.049350649350649346
cb0b3bcf14e0a709df412a99424a59d7,SP,2,460.0,47.43,2,2,0,4.5,0.0,0.0,22.21970486111111,False,0.10310869565217391
aec99834ab5d38ead22766ada8497e87,PR,1,459.0,17.51,1,1,0,5.0,0.0,0.0,7.261747685185185,False,0.03814814814814815
dd88d13bea9e4c2bf47daf224f8141e5,RS,1,458.0,29.38,1,1,0,5.0,0.0,0.0,5.675613425925926,False,0.06414847161572053
8b2d4ab22f42c5cfc338b846decfda60,PR,6,458.0,185.32,9,6,0,4.833333333333333,0.0,0.0,15.661452546296298,False,0.4046288209606987
e546117ed9cafbc40239c0c78635c584,SP,2,456.0,28.34,2,2,0,4.5,0.0,0.0,6.369074074074074,False,0.062149122807017544
35857757f553273b1056c1cabdace7fb,SP,6,454.6,118.74000000000001,6,6,1,4.0,0.16666666666666666,0.3333333333333333,18.20813271604938,False,0.26119665640123185
117cfc326c6d50da67ca858ff5c0c852,RJ,5,454.6,81.47999999999999,5,5,0,4.6,0.0,0.0,6.073467592592593,False,0.17923449186097665
b248792ac0b60ec3f93d80af1b4fae47,SP,7,454.5,153.85,9,7,1,3.857142857142857,0.14285714285714285,0.14285714285714285,6.652924933862434,False,0.3385038503850385
55029529919c0123526150bd26ca8f20,MG,7,453.95,134.88,7,7,0,4.714285714285714,0.0,0.0,8.695739087301588,False,0.2971252340566142
fc4751cfe3b279c419615b9b00c1abb4,PR,1,453.7,17.35,1,1,0,5.0,0.0,0.0,8.010011574074074,False,0.03824112849900816
7994b065a7ffb14e71c6312cf87b9de2,ES,5,453.0,144.34,7,5,0,5.0,0.0,0.0,9.00992824074074,False,0.31863134657836645
e5899683388855d3dabe8913bbe365de,SP,3,452.88,80.98,3,3,0,4.0,0.0,0.0,7.7213618827160495,False,0.17881116410528175
b7cc6c5e001441ae8cdd5c69a480cbe4,SC,5,452.8,137.25,5,5,0,4.6,0.0,0.0,12.828016203703703,False,0.30311395759717313
777a0c55737f34ffeb78010f7542ab41,SP,6,452.5,75.83,6,6,1,4.333333333333333,0.16666666666666666,0.0,4.23389274691358,False,0.16758011049723756
eb5b6204dde3a6e03b5f1bb8479f055b,SP,19,452.2,275.13,21,19,2,3.9473684210526314,0.10526315789473684,0.05263157894736842,10.447398269980505,False,0.6084254754533392
08f5819815f3d06545011850bd70f0a8,SP,3,452.0,70.83,3,3,0,4.666666666666667,0.0,0.0,8.471766975308642,False,0.15670353982300886
4de6e4ba574aa9dfdc824bc44dc47fdd,PR,14,451.1,253.32,14,14,3,4.071428571428571,0.21428571428571427,0.07142857142857142,9.368518518518517,False,0.5615606295721569
d90fe2229fee1a5da999ccd0c06c1667,SP,3,450.0,66.91,3,3,0,4.666666666666667,0.0,0.0,9.816265432098765,False,0.14868888888888887
968ee78631915a63fef426d6733d7422,RS,2,450.0,71.67,2,2,1,3.0,0.5,0.0,15.264716435185186,False,0.15926666666666667
101a3a003516bc11253298b2fad3cb65,SP,5,450.0,74.0,6,5,0,4.8,0.0,0.0,6.493062499999999,False,0.16444444444444445
3d4824f20035949c710eaf111f869d39,SP,8,449.97,125.6,9,8,2,4.0,0.25,0.125,8.629752604166667,False,0.279129719759095
bbaff50f3b708fda865918715276cd87,SP,12,449.7,202.07,16,12,0,4.75,0.0,0.16666666666666666,10.197382330246914,False,0.44934400711585504
a11a0e0ca67423425691db355cff69b0,SP,2,448.9,28.080000000000002,2,2,0,5.0,0.0,0.5,5.527760416666666,False,0.06255290710625976
3d0cd21d41671c46f82cd11176bf7277,SC,9,447.8,174.57999999999998,11,9,0,4.666666666666667,0.0,0.0,12.853112139917695,False,0.38986154533273776
5e106d93b717c2682b9383da480364a1,PR,1,445.9,21.71,1,1,0,5.0,0.0,0.0,7.260185185185185,False,0.048688046647230324
a5bff0f43eb51f0cad7c37fac7244c8a,SP,4,445.0,96.27000000000001,5,4,0,4.75,0.0,0.0,15.874427083333334,False,0.21633707865168542
b3f19518fcec265b2e97af287725f981,SP,8,444.92,124.88,8,8,0,4.375,0.0,0.0,10.665917245370371,False,0.2806796727501573
768de2a4fc06aacecb9a586ccc30746a,DF,13,442.7,221.01,13,13,1,4.384615384615385,0.07692307692307693,0.0,14.864153311965813,False,0.49923198554325726
f22a247b79dd22ecd91dc8e3b2a1b07c,SP,8,439.94,134.9,8,8,1,4.0,0.125,0.25,18.033972800925923,False,0.30663272264399694
64c9a1db4e73e19aaafd3286dc448c96,PR,1,439.0,43.6,1,1,0,5.0,0.0,0.0,9.469189814814815,False,0.09931662870159454
c3251e13f1bbda6c74e37c160f991e19,SP,2,437.79999999999995,75.28,2,2,0,5.0,0.0,0.0,13.26116898148148,False,0.17195066240292373
b29d3380981c51df13fc6fbe87e1763d,SP,6,435.3,98.58,7,6,1,3.8333333333333335,0.16666666666666666,0.0,8.02613425925926,False,0.2264645072363887
98115075dd26cb8835946fc6086f5d30,SP,4,434.96000000000004,56.24,4,4,0,4.75,0.0,0.0,4.25859375,False,0.12929924590766967
26d6bbee02420494d471c9f6436929c0,PR,12,434.51,247.19,13,12,0,4.666666666666667,0.0,0.0,8.373374807098765,False,0.56889369634761
d4e4b5192cba4e0e66eb12a9d347239d,PR,11,431.9,193.5,11,11,1,4.454545454545454,0.09090909090909091,0.0,13.376001683501682,False,0.4480203750868257
bc503e244f187939d10c92a5c8e378ce,SP,6,430.31,173.41,13,6,2,3.5,0.3333333333333333,0.16666666666666666,11.930763888888889,False,0.4029885431433153
4e480be820e37de1444325ff358c9296,MG,1,430.3,143.44,2,1,0,5.0,0.0,0.0,12.108287037037037,False,0.3333488264001859
8bd0e3abda539b9479c4b44a691be1ec,RS,6,425.75,212.27,12,6,3,2.5,0.5,0.3333333333333333,23.688628472222224,False,0.4985789782736348
2c3d56f92f360fb89d849b84e8f50eae,SP,7,425.1,111.75999999999999,7,7,3,3.4285714285714284,0.42857142857142855,0.2857142857142857,13.617607473544975,False,0.2629028463890849
939e6227d6964a11a70aa91243e418f2,MG,4,425.0,63.25,4,4,0,4.25,0.0,0.0,5.3417332175925925,False,0.14882352941176472
a45314082d50d578a4721c9787ce09ab,SP,2,424.9,29.020000000000003,2,2,0,5.0,0.0,0.0,5.23833912037037,False,0.06829842315839021
dc50afafdfa325eadc890c7fa42a8f4e,PR,4,424.2,57.28,4,4,0,4.75,0.0,0.0,6.205685763888889,False,0.13503064592173503
b080809eaacb49e5ca07290981472431,MG,11,424.0,143.4,11,11,0,4.818181818181818,0.0,0.0,10.537906144781145,False,0.33820754716981133
acf974e4d5950ad143a247471b831eb9,RS,5,423.8,329.82,12,4,0,4.75,0.0,0.0,11.84618287037037,False,0.7782444549315715
41e0fa5761c886a630994a55c12087e7,SP,5,423.6,68.31,5,5,0,5.0,0.0,0.0,10.239402777777778,False,0.16126062322946175
7c1fea10b5b006671d608b1d7c446ec4,SP,14,423.59999999999997,224.15,14,14,2,4.0,0.14285714285714285,0.07142857142857142,16.23116898148148,False,0.5291548630783759
5dc203c7b84a0e71e878a179de05fb9a,SP,5,421.9,128.15,5,5,1,4.0,0.2,0.0,8.570122685185186,False,0.3037449632614364
c714262700f93defc16bf17a51a4cb23,SP,4,421.8,69.53,4,4,1,3.75,0.25,0.0,10.20859375,False,0.1648411569464201
9d5604a1f112324ad6b2aa552122e0fb,SP,13,421.5,340.48,17,13,4,3.5384615384615383,0.3076923076923077,0.0,12.491833155270655,False,0.8077817319098458
cc80e2f693fa6e2408f47ccf62413fc1,PR,2,420.0,88.63,2,2,0,4.0,0.0,0.0,14.152598379629628,False,0.2110238095238095
7bcd7c5f8631701474db233ccf1c094b,SP,8,419.0,132.04,8,8,0,4.375,0.0,0.125,14.234526909722222,False,0.31513126491646776
189ca3538ce9f920cacf0f982cbe223b,SP,4,419.0,62.67,5,4,1,4.25,0.25,0.0,4.121629050925926,False,0.14957040572792363
38102b031c2a15e54623d711bfc753d3,CE,8,418.0,308.21000000000004,10,8,0,4.0,0.0,0.0,21.181413483796295,False,0.7373444976076556
6d7f8d9d594e28796b6b3205b00f459c,PR,3,417.9,59.11,3,3,1,3.6666666666666665,0.3333333333333333,0.0,15.28804012345679,False,0.1414453218473319
7b7f91e98f8c6def45a1407923304402,SP,11,417.47,203.02,14,11,2,4.181818181818182,0.18181818181818182,0.09090909090909091,13.368617424242423,False,0.48631039356121397
b64d51f0435e884e8de603b1655155ae,SP,17,416.17999999999995,357.36,23,17,2,4.294117647058823,0.11764705882352941,0.17647058823529413,7.401608796296296,False,0.8586669229660244
f650a9708fa1bab22bdd8d3a818cc415,SC,4,416.04,71.44,4,4,1,4.0,0.25,0.0,15.323486689814816,False,0.17171425824439956
a53f60f05f822b5c621a50ff6a5cb362,MG,4,415.40000000000003,129.13,6,3,1,3.6666666666666665,0.3333333333333333,0.0,11.473101851851853,False,0.3108570052961001
34a557286ead8fe75c989e0afcf7d98c,SP,4,414.9,58.56,4,4,0,4.75,0.0,0.0,8.269539930555556,False,0.14114244396240058
35fb511489d9ee3ee27a76debce9df06,PR,7,414.5,172.29000000000002,7,7,1,3.5714285714285716,0.14285714285714285,0.14285714285714285,16.808877314814815,False,0.4156574185765984
ff1e15b778c700abdd4d239b81ac466d,PR,7,414.3,114.86,7,7,0,4.571428571428571,0.0,0.0,7.551547619047619,False,0.277238715906348
bd149ed516d4c5d418d5781f8e18919f,SP,8,414.0,141.94,9,8,0,4.875,0.0,0.0,8.387290219907408,False,0.3428502415458937
acb6c2ca5c82411c1fdb88d5fd5eb95e,SP,10,413.88,161.61,11,10,2,3.9,0.2,0.0,10.168471064814815,False,0.39047550014496957
042573af89b6d931f672efaf789d8358,SP,3,413.48,65.09,3,3,1,3.6666666666666665,0.3333333333333333,0.3333333333333333,20.024783950617284,False,0.15741994776047208
ead2bab70821ea148476ae9bc08548ac,MG,9,412.1,116.2,9,9,0,4.5,0.0,0.0,7.322022890946503,False,0.2819703955350643
a35124e2d763d7ca3fbe3b97d143200f,SP,4,411.5,78.89,7,4,0,4.75,0.0,0.0,10.707777777777778,False,0.19171324422843256
b1204cfda1d4948679db3cfc0d3cb95c,SP,6,411.20000000000005,100.05,6,6,1,4.333333333333333,0.16666666666666666,0.0,9.825545910493828,False,0.2433122568093385
86ff3eaef0267069cc891a2ed9d10a17,SC,7,409.75,140.61,7,7,0,4.714285714285714,0.0,0.0,8.963817791005292,False,0.34316046369737646
5275ca25d0358ca73864e0ae41be1320,SP,4,409.6,69.22,4,4,0,4.75,0.0,0.5,7.039756944444445,False,0.16899414062499998
f4ce8ca9fa7157e3b33f536ac9a4487d,SP,4,409.6,97.53,4,4,0,4.75,0.0,0.0,6.975619212962963,False,0.2381103515625
c3f5668699a1b04c0fa61ecea1e2bff6,PR,3,407.81,107.12,3,3,0,5.0,0.0,0.0,12.12863811728395,False,0.2626713420465413
c7dcd301ecfe5ab7f778ac172cf74be7,MG,3,407.79,50.400000000000006,3,3,1,3.0,0.3333333333333333,0.0,25.347723765432097,False,0.12359302582211433
20a8b0dc55da94fe74d112082427c84f,SP,7,407.4,123.98,7,7,1,4.285714285714286,0.14285714285714285,0.14285714285714285,8.23525462962963,False,0.3043200785468827
6b803197e03abd5056b4313306b4f29d,SP,7,407.0,123.62,12,7,0,4.714285714285714,0.0,0.0,5.328425925925926,False,0.30373464373464376
4a23adac87cf538689fa600d976f78b2,SP,3,405.0,35.41,3,3,0,4.333333333333333,0.0,0.0,8.555979938271605,False,0.08743209876543209
179d859f51292aac5c10806a356f7af9,SP,18,404.46999999999997,395.8,19,18,1,4.388888888888889,0.05555555555555555,0.16666666666666666,8.988954475308642,False,0.9785645412515144
ed9eef5be0992d413d251fadba1a410d,SP,3,404.09999999999997,143.24,9,3,0,4.666666666666667,0.0,0.0,10.529228395061729,False,0.35446671615936653
5563732abe64c3036cb97ad924128dd1,SP,2,404.0,37.6,3,2,0,4.5,0.0,0.0,12.159421296296296,False,0.09306930693069307
0ddefe3c7a032b91f4e25b9c3a08fca1,SP,9,402.9,150.0,10,9,0,4.555555555555555,0.0,0.0,7.80940072016461,False,0.37230081906180196
29fe9f200d3fa0c668d2aa1ec7e08dfb,SC,5,400.0,114.16,5,5,1,4.0,0.2,0.0,10.749125000000001,False,0.2854
d7485b33791774c36108f8c69602d48d,PR,10,399.82,219.32,10,10,1,3.7,0.1,0.1,8.889136574074074,False,0.5485468460807363
d263fa444c1504a75cbca5cc465f592a,SP,1,399.0,45.07,1,1,0,5.0,0.0,0.0,9.542453703703703,False,0.11295739348370927
63ffcb71394dd8ea3872ed9ffda17c74,RJ,17,399.0,264.72,17,17,5,3.176470588235294,0.29411764705882354,0.058823529411764705,13.25094566993464,False,0.6634586466165414
fadb07c842a2aef5d5a676b85f220e71,SP,7,398.75,171.62,7,7,0,4.714285714285714,0.0,0.0,6.430039682539683,False,0.4303949843260188
73da1880b39c71de2b262bc7720c1494,SP,2,398.0,46.99,2,2,0,5.0,0.0,0.0,8.223836805555555,False,0.11806532663316584
c52c644cc0dc85121207a27013efc6af,MG,1,397.8,283.16,2,1,0,5.0,0.0,0.0,7.146863425925926,False,0.7118149824032177
48e954b2da4f6a750c844173b347ed40,RS,2,397.8,159.01,6,2,0,4.5,0.0,0.0,8.116221064814816,False,0.3997234791352438
62760d278921b5f352461620d68a9cee,SP,3,397.0,53.1,3,3,1,3.6666666666666665,0.3333333333333333,0.3333333333333333,19.679513888888888,False,0.13375314861460957
12a8eb0f8d1cd3270695bf2a99f55966,SP,2,397.0,39.67,2,2,1,3.5,0.5,0.5,20.976712962962964,False,0.09992443324937028
41b14765bd56c8ad10971074380f9c0c,SP,8,395.5,119.13000000000001,10,8,1,4.625,0.125,0.0,7.047965856481482,False,0.30121365360303415
9b76ad3d04236f76bc71c59470305e13,SP,2,394.70000000000005,61.93,3,2,0,5.0,0.0,0.0,5.747731481481482,False,0.15690397770458575
0249d282d911d23cb8b869ab49c99f53,SP,11,393.0,138.88,11,11,2,4.2727272727272725,0.18181818181818182,0.18181818181818182,10.258965698653197,False,0.35338422391857505
89bc797e2e29667aa035d4368f9b7f92,SP,16,392.4,238.04,19,16,3,3.875,0.1875,0.1875,15.388719618055555,False,0.6066258919469929
bc30de0d71bd6260b936a026b5cf7200,SP,3,392.37,90.47999999999999,3,3,0,4.666666666666667,0.0,0.0,12.237530864197531,False,0.23059866962305983
59cd88080b93f3c18508673122d26169,SP,10,392.33,175.38,12,10,0,4.7,0.0,0.2,13.021471064814815,False,0.4470216399459639
fe4cd9461203cee790d36792420b310f,MG,3,391.15,54.379999999999995,3,3,0,4.0,0.0,0.0,14.347658179012347,False,0.13902594912437682
c13ef0cfbe42f190780f621ce81f2234,SP,1,390.0,61.28,1,1,0,3.0,0.0,1.0,28.063055555555554,False,0.15712820512820513
8936ba0de1073ee888cb3185ae5dc661,SP,1,389.99,22.22,1,1,0,5.0,0.0,0.0,13.190671296296296,False,0.05697581989281776
4049512728d969bec69f84088b012416,MG,7,389.84,160.43,9,7,0,5.0,0.0,0.0,10.469077380952381,False,0.4115278062794993
0fe2d9733ed841eb064503920015a8c0,SP,3,389.64,108.71000000000001,3,3,0,4.666666666666667,0.0,0.0,8.665925925925926,False,0.2790011292475105
432c67955c0acd1fd6b0b5d678766a71,SP,1,389.0,60.65,1,1,0,5.0,0.0,0.0,6.682824074074074,False,0.15591259640102828
a7ecf689b40a44361e259b28939023e4,ES,1,389.0,21.91,1,1,0,5.0,0.0,0.0,10.922962962962963,False,0.05632390745501285
c1849d4d32d7a6cecd5aa471809d3135,SP,3,388.98,41.730000000000004,3,3,0,4.333333333333333,0.0,0.0,5.419305555555556,False,0.10728057997840507
2009a095de2a2a41626f6c6d7722678d,SP,8,388.89,193.54,12,8,1,4.375,0.125,0.0,8.679225983796297,False,0.49767286379181774
b98b715fe9e276204e2a3464f48cd796,SP,4,388.6,50.93,4,4,1,4.0,0.25,0.25,11.317511574074075,False,0.13106021616057642
78ef7e885d17f35e2382a47aae8b8cce,RS,3,388.0,65.44,3,3,0,4.666666666666667,0.0,0.0,8.66204861111111,False,0.168659793814433
b6dc74ed30f124f95227bed4e43a3bed,PR,9,387.56,164.33,10,9,0,4.666666666666667,0.0,0.1111111111111111,18.03835390946502,False,0.42401176592011564
94d76e96eedd976258cd3278ce56d5f2,SP,1,385.61,68.56,1,1,0,5.0,0.0,0.0,7.032673611111111,False,0.1777962189777236
a21c11ec5c3f03e7cc9f9203bff9e1c6,SP,3,385.0,90.88,4,3,1,3.6666666666666665,0.3333333333333333,0.0,9.542469135802468,False,0.23605194805194804
559d56f3b8f0bc2e5a9a62fe2ce2a39f,SC,2,385.0,48.72,2,2,1,2.5,0.5,0.5,12.295746527777778,False,0.12654545454545454
a080fc8a850289b27500f6b49cca2553,SP,4,383.0,52.57,4,4,0,4.75,0.0,0.0,5.423171296296296,False,0.13725848563968668
ab27bbbad5239bc31a34709275a70db4,SP,3,382.9,102.15,11,3,0,5.0,0.0,0.0,8.455354938271606,False,0.2667798380778271
ea00f977a203ff88adf7057cb7806998,SP,18,381.72999999999996,176.29,18,18,1,4.277777777777778,0.05555555555555555,0.1111111111111111,5.417617669753087,False,0.461818562858565
f7315bb81aea4ddca2d39e249a801c98,SP,2,379.8,50.28,2,2,0,4.5,0.0,0.5,10.214172453703704,False,0.13238546603475512
f5b44895715ddfe3087dc414f30268f3,SP,19,378.8,275.64,19,19,3,4.0,0.15789473684210525,0.05263157894736842,12.497305677387915,False,0.7276663146779303
bd15ee794d5e640d9dd71b665b2ab15b,SP,12,374.79999999999995,219.32999999999998,12,12,2,4.0,0.16666666666666666,0.16666666666666666,14.46503375771605,False,0.5851921024546425
c24173065483e421f9e5e7f599de101d,SP,9,373.91,117.3,9,9,2,3.5555555555555554,0.2222222222222222,0.1111111111111111,15.815204475308642,False,0.31371185579417504
404e1ba01358af4cd63f679b2c4d1fa1,MG,8,373.9,177.82999999999998,12,8,0,5.0,0.0,0.0,8.209917534722223,False,0.475608451457609
08084d990eb3f53af056ccbc1730c8a7,SP,12,372.5,234.29,12,11,0,4.454545454545454,0.0,0.0,8.503523341049382,False,0.6289664429530201
6d988d6174a2c27441597174f8905515,PR,19,371.72999999999996,365.47,23,19,3,4.105263157894737,0.15789473684210525,0.10526315789473684,20.590691398635478,False,0.9831598202996801
0bfd0b434243adc5c2e1aa6baf19c6aa,RJ,6,371.20000000000005,65.78999999999999,6,6,1,3.6666666666666665,0.16666666666666666,0.0,8.463200231481482,False,0.17723599137931031
70125af26c2d6d4ef401a1d02ae7701f,GO,5,371.2,258.42,8,5,0,4.6,0.0,0.4,10.582993055555555,False,0.6961745689655173
4dbd95a08b31ede5c82d3f861cb1ce1a,PR,4,370.78000000000003,93.14,4,4,0,4.75,0.0,0.0,12.341614583333333,False,0.25120017260909433
0f0c984a4a955310903b6b6008660bad,SP,4,369.81,111.57,4,4,1,3.75,0.25,0.25,14.240300925925926,False,0.30169546523890645
131fcb0a0c9a47bba4474aacff0f14b7,SP,4,369.8,36.61,4,4,0,4.0,0.0,0.0,4.300601851851852,False,0.09899945916711736
916748bc99315c2d202898ae58b1617e,SP,25,369.40000000000003,377.11,32,25,2,4.28,0.08,0.0,10.472281944444443,False,1.0208716838115863
63191ead8d3b2f937cd1996fdcbbad20,SP,1,367.0,53.29,1,1,0,5.0,0.0,0.0,11.917349537037037,False,0.14520435967302453
499ec63c58e51296c9cf57edcfe1c8a8,SP,5,365.0,47.93,5,5,0,4.8,0.0,0.0,5.2333750000000006,False,0.1313150684931507
f12d3c2a14729ae461b920c11fe20fdc,SP,9,364.45,94.87,11,9,0,4.444444444444445,0.0,0.0,5.310752314814815,False,0.26031005624914255
4e85b538b0dad58852641540686d0e14,SP,4,361.97999999999996,74.36,4,4,1,3.75,0.25,0.5,17.22519675925926,False,0.20542571412785238
35ef5aa32949680f627efec3c23e705c,SC,4,361.59999999999997,156.81,5,4,1,3.75,0.25,0.0,11.067511574074073,False,0.4336559734513275
a435b009cd956ea60748b5cfbddf2e24,SP,3,361.18,45.209999999999994,3,3,0,4.333333333333333,0.0,0.6666666666666666,30.40936342592593,False,0.12517304391162298
b56828a9f9027f3c918c04ca720d9e3c,SP,3,360.0,111.61000000000001,3,3,1,2.6666666666666665,0.3333333333333333,0.3333333333333333,16.972858796296297,False,0.3100277777777778
76de363de16dacc923eec8daf91df504,SC,2,360.0,50.42,2,2,1,2.5,0.5,0.0,13.318443287037038,False,0.14005555555555557
fa14641f57b655e933124a9ea49cd7a5,SP,7,359.92999999999995,83.06,7,7,0,4.571428571428571,0.0,0.0,6.980003306878308,False,0.23076709360153366
03bd479e1d9484cdb14104d3023f7321,MG,3,359.70000000000005,57.72,3,3,0,4.333333333333333,0.0,0.3333333333333333,20.46724151234568,False,0.1604670558798999
184725737946a1a938bbbd1a9e978103,SP,3,359.70000000000005,43.870000000000005,3,3,0,4.666666666666667,0.0,0.0,8.57604938271605,False,0.12196274673338893
1e8c6a4c538f286aee9573239740a4b4,SP,5,359.7,87.12,5,5,1,3.8,0.2,0.0,7.40725925925926,False,0.24220183486238533
51209b446b2073894bdc0face6c73ffc,ES,2,359.6,79.28,4,1,0,4.0,0.0,0.0,9.960538194444446,False,0.22046718576195773
3076499bbc033a927bf4a8a41bcf7fd4,SP,7,359.33,124.3,9,7,1,4.285714285714286,0.14285714285714285,0.0,7.401684854497355,False,0.34592157626694126
ffff564a4f9085cd26170f4732393726,SP,8,359.0,115.35,8,8,3,3.25,0.375,0.0,12.49623263888889,False,0.3213091922005571
173d56ffbd4c56cb80fc3615487d712b,SP,2,358.0,39.61,2,2,0,5.0,0.0,0.0,6.838940972222222,False,0.11064245810055866
f44bdc12aa39f5271f0b95f66cd4c289,SP,5,357.5,74.57,7,5,2,3.2,0.4,0.2,11.502087962962964,False,0.20858741258741256
9dd59e43f0c9f0553244e8f9c2fb247e,PR,10,356.3,151.82,10,10,0,4.8,0.0,0.1,13.135447916666667,False,0.4261015997754701
24c1de8d9551c0b4fbc53317d53efda8,PB,1,355.0,57.12,1,1,0,5.0,0.0,0.0,12.779282407407408,False,0.16090140845070422
761681a821d8275bc79f552116d06869,SP,3,354.92,159.98000000000002,3,3,0,5.0,0.0,0.0,8.154621913580247,False,0.45074946466809424
8fd3b4468f6425810648177996c14cbd,SP,1,354.9,21.67,1,1,0,5.0,0.0,0.0,9.97412037037037,False,0.06105945336714568
9b00cad94ef3078faf6fba2e792c158f,MG,1,354.9,18.92,1,1,0,5.0,0.0,0.0,19.39923611111111,False,0.053310791772330245
a2fa0bdc798ee84cdb08281337cf4fb6,SC,8,354.86,187.11,11,8,0,4.75,0.0,0.0,18.204419849537036,False,0.5272783632982021
44f091b5abab8018f682fce8124b85e5,SP,3,354.4,34.78,3,3,1,3.6666666666666665,0.3333333333333333,0.6666666666666666,15.188487654320987,False,0.09813769751693004
b88e7c57cb2d8b973b7dd4a2bfa14b36,PR,4,353.9,65.77,4,4,0,4.25,0.0,0.0,9.365081018518518,False,0.18584345860412546
de66a66f2dd06bb9ec37aa96987466a3,RJ,7,353.32,115.66,8,7,1,4.142857142857143,0.14285714285714285,0.0,15.27156746031746,False,0.327351975546247
b67d6c666e8dce1d078c882825e12704,SP,7,352.84,104.19,8,7,0,4.857142857142857,0.0,0.0,7.684325396825398,False,0.29528964969958055
52092ddbd3a58c450a4459bf051b2287,SP,6,351.7,75.35,6,6,1,4.333333333333333,0.16666666666666666,0.0,12.89526234567901,False,0.2142450952516349
e53d5b9b29d1218281f4a907ada18626,PR,4,350.67,133.25,5,4,0,4.75,0.0,0.0,6.505842013888889,False,0.3799868822539709
b7d5b4b87af9d42b601865d3f3810bff,SC,1,350.0,20.69,1,1,0,3.0,0.0,0.0,8.628703703703703,False,0.059114285714285716
97e4a63591ca439a2b8b7efd20e6e19e,RJ,5,349.95,78.55,5,5,0,4.4,0.0,0.0,6.431298611111112,False,0.22446063723389056
52bb00821bcdd358a5a5a27e1f6be5a1,SP,2,349.8,38.629999999999995,2,2,0,4.5,0.0,0.0,15.994728009259259,False,0.11043453401943966
079d295dcbf06ee8bb1b65ba964eb2b6,SP,5,349.3,190.79,10,5,0,4.6,0.0,0.0,8.265361111111112,False,0.5462066991125107
27a56ff04b34c2ba34ce6ba4d3b9d616,SP,8,349.28999999999996,102.98,8,8,1,4.125,0.125,0.125,12.881733217592593,False,0.29482664834378314
249f0e9905a6e06ad6c6bea7547ab9f6,RJ,3,347.95,39.04,3,3,1,3.6666666666666665,0.3333333333333333,0.0,6.271500771604939,False,0.11220002873976147
79565f7d5603b24ddf07ade262547f2f,SP,7,346.0,98.11,7,7,1,4.428571428571429,0.14285714285714285,0.2857142857142857,13.240676256613757,False,0.2835549132947977
918717417d88a9f9ae9735567e6c7682,SP,4,345.70000000000005,43.52,4,4,0,5.0,0.0,0.0,8.146559606481482,False,0.12588949956609777
48efc9d94a9834137efd9ea76b065a38,PR,33,345.6,320.40000000000003,34,33,0,5.0,0.0,0.0,10.793470468574634,True,0.9270833333333334
a37c340b91cb0169e8b029db6440fba2,SP,5,345.0,94.95,5,5,0,4.8,0.0,0.0,11.123074074074074,False,0.27521739130434786
38af8acfd46ac4a7bf754e8ca6736664,SP,5,345.0,52.94,5,5,0,4.8,0.0,0.0,6.385703703703704,False,0.15344927536231884
f5fea3ffed6c2e889bab72705557c63a,RJ,1,345.0,123.8,1,1,0,5.0,0.0,1.0,28.703055555555554,False,0.35884057971014494
26b482dccfa29bd2e40703ba45523702,SP,3,344.78,67.63,4,3,0,5.0,0.0,0.0,3.5925617283950615,False,0.1961540692615581
3985a3c45be355a4c57fde108bfabd1c,RS,7,344.2,172.0,8,7,1,4.0,0.14285714285714285,0.0,11.443118386243386,False,0.4997094712376525
7957cac1a02f45d0a4a7e45626382ec2,PR,1,343.0,21.64,1,1,0,4.0,0.0,0.0,26.32175925925926,False,0.06309037900874635
2a73cba571d90c694b7caca072ccf6ce,SP,1,342.78,38.7,2,1,0,5.0,0.0,1.0,21.333020833333332,False,0.1129004025905829
6219ba2359cfb97f2e38fd4c321eb309,SP,5,342.6,82.55,5,4,1,4.0,0.25,0.6,23.707979166666668,False,0.24095154699357849
b9ec22de23f18567de0e09d776ca0309,DF,2,341.98,40.49,2,2,0,5.0,0.0,0.0,6.534861111111111,False,0.11839873676823207
89de2d6f23e9746ff309705b23581faa,PR,8,340.0,160.08,8,7,4,2.7142857142857144,0.5714285714285714,0.0,9.644796006944444,False,0.47082352941176475
ae8bfdbf1c2a2a2dee92d799db0a31c6,PR,8,339.92,146.22,8,8,0,4.125,0.0,0.0,8.8746875,False,0.43016003765591904
6650fcccd8cd2f7e55ffa524f30c4c59,SP,2,339.8,96.31,2,2,1,3.0,0.5,0.0,8.132112268518519,False,0.28343143025309003
2f4b0d3b9634b647d4edee577d7ebb7e,SP,10,337.9,84.41,11,10,0,4.9,0.0,0.0,6.147945601851852,False,0.24980763539508732
e627629ba868740e287800f1a9be81c2,SP,11,337.1,109.56,11,11,0,4.909090909090909,0.0,0.0,6.900215698653199,False,0.32500741619697415
0743a0239d764b9a0f959a57d07e36ab,SP,4,336.96,66.26,4,4,0,4.75,0.0,0.0,5.358070023148148,False,0.1966405508072175
a64e44665225d19dfc0277eeeaaccc57,SP,6,335.0,91.76,6,6,0,5.0,0.0,0.16666666666666666,7.929162808641976,False,0.27391044776119405
c8660dcf9ba70575f45d80fe28c27713,SP,4,335.0,103.99,7,4,0,4.5,0.0,0.25,14.991455439814814,False,0.3104179104477612
333c4210e76a1aa2ab817b99437e3ff1,SP,2,335.0,67.43,2,2,0,5.0,0.0,0.0,7.161348379629629,False,0.20128358208955227
2c538755f1ca9540af144f266e70df6c,MG,1,334.99,24.92,1,1,0,5.0,0.0,0.0,6.557847222222223,False,0.07439028030687483
61b18775be84fb700a6b2d0ba097bf66,SP,4,334.5,101.51,5,4,0,4.75,0.0,0.0,10.575578703703703,False,0.3034678624813154
7c4618c82226628831613e95e9c22f44,SP,13,333.92999999999995,165.54,13,13,2,4.076923076923077,0.15384615384615385,0.15384615384615385,11.065274216524216,False,0.4957326385769473
ce616e1913288884e7742faac9d981db,SP,14,333.3,260.15000000000003,22,14,0,4.428571428571429,0.0,0.07142857142857142,6.777799272486773,False,0.7805280528052806
c113b8df1fc375bc3d73d29c1b1144d1,SP,3,333.0,67.87,5,3,0,4.333333333333333,0.0,0.0,6.7548109567901236,False,0.20381381381381383
d36b07fd3c5088e477a72d1fccfe29d4,SP,1,328.9,10.96,1,1,0,5.0,0.0,0.0,13.235810185185185,False,0.03332319854058985
f18112da765e0971ca5d510dec322bdd,SC,2,327.8,82.95,2,2,0,4.0,0.0,0.0,17.898136574074073,False,0.25305064063453325
4b98b0428fc1932cc2514ef9ce2505e6,SP,2,327.63,35.8,2,2,1,2.0,0.5,0.5,22.573813657407406,False,0.10926960290571681
6c1b6d0c604b776f844125f911eb7377,SP,4,327.07,56.14,4,4,0,4.0,0.0,0.0,17.514010416666668,False,0.17164521356284587
08d0949a9a17c027262db1f3c450c26c,PR,12,324.8,233.04000000000002,12,12,3,3.7083333333333335,0.25,0.0,14.330144675925924,False,0.7174876847290641
6bd503a8230299c9316fb0f726933927,GO,4,324.28999999999996,129.6,5,4,0,4.75,0.0,0.25,9.820989583333333,False,0.3996422954762713
7dea6f73af847b42cc3985bd620f994d,PR,2,324.0,56.17,2,2,0,4.0,0.0,0.0,5.594658564814814,False,0.1733641975308642
0747d5bb69f0586cc869d8af4c50f93e,RJ,12,322.8,181.44,13,12,3,3.75,0.25,0.08333333333333333,14.152275270061729,False,0.562081784386617
92d14edfb62ee5ae7fdff70b0f4e7233,SP,8,322.0,165.65,13,8,2,3.375,0.25,0.0,8.299565972222222,False,0.5144409937888199
a81466620e46a6970b22ef40379fdfc9,SC,2,321.8,32.98,2,2,0,5.0,0.0,0.0,7.190133101851853,False,0.10248601615910502
7b7ed56ae755e2880f2b69632e839c1e,GO,5,321.5,135.1,5,5,0,4.2,0.0,0.2,7.304652777777778,False,0.4202177293934681
d149de2f383552baea37a7198c2296ce,SP,3,320.70000000000005,33.67,3,3,0,5.0,0.0,0.0,4.890138888888889,False,0.10498908637355783
d2f3e277560ed4c6361284429b00f037,SP,7,320.55,134.11,7,7,0,4.714285714285714,0.0,0.0,8.06350033068783,False,0.41837466853844957
eb9267cccc90f1b49c8d2f9887c7dd97,PE,1,319.9,26.37,1,1,0,5.0,0.0,0.0,7.810868055555556,False,0.08243201000312599
883dd81e82754ac2c65e9790a7db8c9a,PR,5,319.5,74.96000000000001,5,5,1,4.4,0.2,0.0,7.172194444444445,False,0.23461658841940536
c611f4ce9ce875bcc063fa97fd4d7d12,SP,1,319.0,13.25,1,1,0,4.0,0.0,1.0,4.072800925925926,False,0.041536050156739814
57d2ba47f7a3209aa347532ae75c1165,SC,2,318.0,140.24,2,2,0,4.0,0.0,0.0,15.687424768518518,False,0.44100628930817615
1e9d5a33694bddb76316fd1f54734d20,MT,2,318.0,150.94,2,2,0,4.5,0.0,0.0,12.253842592592592,False,0.47465408805031445
2d22fc3089eb907b29ebff50581fb472,RJ,3,317.70000000000005,59.69,3,3,0,3.6666666666666665,0.0,0.0,9.620108024691358,False,0.18788164935473714
ea4e9ce63a2134743b4a92777437fcdd,SC,3,316.6,65.7,4,3,0,4.666666666666667,0.0,0.0,10.11315200617284,False,0.20751737207833226
9cf787a239c1aa29dbd76f153dc13f9a,SP,4,316.0,52.400000000000006,4,4,0,4.75,0.0,0.0,6.560300925925926,False,0.1658227848101266
cf1313c6e2c01c2f4b014f97db4bcd2b,RJ,5,315.70000000000005,81.3,5,5,0,5.0,0.0,0.2,8.240326388888889,False,0.25752296484003795
3b18f9856c6eb2413eafedb58e9eecd9,SP,1,315.0,20.09,1,1,0,5.0,0.0,0.0,9.18412037037037,False,0.06377777777777778
da20530872245d6cd9d2f5725613c430,RS,2,314.96000000000004,79.25999999999999,3,2,0,4.5,0.0,0.0,10.269930555555556,False,0.25165100330200657
12c2ed9cded6138cf0c75f525f565fc7,SP,4,314.96,51.05,4,4,0,4.25,0.0,0.5,13.442248263888889,False,0.16208407416814835
9ac4f14370b1e24ddc58be041b7f99df,GO,5,314.51,122.14,5,5,0,4.4,0.0,0.0,9.02382175925926,False,0.3883501319512893
8c9348f33ae3dada25c99c99ade2af78,SP,2,312.99,51.94,2,2,0,5.0,0.0,0.0,10.17058449074074,False,0.16594779385922873
3afc536624bc2e65bddfb5db33cc01f3,MG,6,312.0,107.07000000000001,6,6,2,3.5,0.3333333333333333,0.16666666666666666,9.890516975308643,False,0.34317307692307697
1acde099eb406aa220b1169b188b42da,SP,9,311.1,147.4,10,9,1,4.222222222222222,0.1111111111111111,0.0,12.07942772633745,False,0.4738026358084217
df47da4ae86fa4db890d05aaf24e21d8,SP,5,310.5,77.18,5,5,1,4.2,0.2,0.0,7.044877314814815,False,0.24856682769726252
ad87df7699e83b8a91822a4a0b765c3a,SP,5,309.9,79.38,6,5,0,4.0,0.0,0.0,10.893604166666666,False,0.25614714424007745
ba89796db68db180bd389de96b2ff3b6,SP,2,309.8,43.46,2,2,0,5.0,0.0,0.0,8.601232638888888,False,0.14028405422853454
0cab2da43793a6f3c5ed8514c5f54627,PR,3,309.70000000000005,57.2,3,3,0,5.0,0.0,0.0,5.005370370370371,False,0.1846948659993542
ebd1417732defaf66c50b5a800eb293e,PR,1,309.0,16.33,1,1,0,5.0,0.0,0.0,6.121712962962963,False,0.052847896440129445
152ee17e4c8aaf53dac99f3462e4999b,SC,6,308.96000000000004,95.97,6,6,0,4.333333333333333,0.0,0.0,10.735235339506174,False,0.31062273433454163
1b45169b635ef59425637e9a33eb5fb3,PR,7,308.9,110.45,8,7,1,4.571428571428571,0.14285714285714285,0.0,7.974323743386243,False,0.35755908060861125
dbbcfe2c8d026742134ac3e28ccde274,PR,4,308.59000000000003,54.379999999999995,4,4,1,4.0,0.25,0.0,8.287314814814815,False,0.17622087559545024
b127efdabeffb5d559349c7b172eb75d,SP,10,308.5,112.77,10,10,0,4.8,0.0,0.1,9.848835648148148,False,0.36554294975688817
85cc55e048b6bcc90c75afe7f0e72f72,RJ,9,308.28,193.48,9,9,1,4.444444444444445,0.1111111111111111,0.2222222222222222,13.153153292181068,False,0.6276112624886467
a7a9b880c49781da66651ccf4ba9ac38,SP,3,307.6,65.47,4,3,0,3.6666666666666665,0.0,0.0,9.482303240740741,False,0.2128413524057217
9c3c24eca51c52b91c1de727d2a2ae06,RS,6,307.5,113.66,6,6,0,4.5,0.0,0.0,10.611865354938272,False,0.3696260162601626
48bad451945f5227341793478d6353ea,SP,3,307.0,77.49000000000001,3,3,0,4.0,0.0,0.3333333333333333,22.083051697530863,False,0.25241042345276876
e94b64dc6979b302a5a5be1662c83bb6,SP,2,306.89,31.740000000000002,2,2,0,5.0,0.0,0.0,9.009612268518518,False,0.10342467985271597
bc39d8938f90a3a2b98193723ed59774,SP,2,306.8,22.31,2,1,0,4.0,0.0,0.0,4.553125,False,0.07271838331160364
6d2f2e3b539480db1e0842b3a4e32e6e,SP,3,305.96,168.3,6,3,1,3.6666666666666665,0.3333333333333333,0.0,6.255354938271605,False,0.5500719048241601
085f6f7e049c996695fb2074fe38d45e,SP,6,305.4,130.56,8,6,1,4.0,0.16666666666666666,0.0,10.56288387345679,False,0.4275049115913556
c76d418370990614e89e956c7a7567d9,SP,2,305.24,64.53,2,2,0,3.5,0.0,0.0,10.554403935185185,False,0.21140741711440178
51f108f62cb87d61918159902c8f8583,PR,3,303.73,75.03,3,3,0,4.333333333333333,0.0,0.0,5.971261574074074,False,0.24702861093734566
3d01d1c414c44b5943a09619ff3853cb,SP,4,303.6,73.22,4,4,0,4.5,0.0,0.0,13.825367476851852,False,0.24117259552042158
ad75519a07f039025e83795a4418470f,GO,3,302.1,115.82,9,3,1,3.6666666666666665,0.3333333333333333,0.0,9.542349537037039,False,0.3833829857663025
a3082f442524a1be452e3189e003b361,SP,3,301.6,97.65,4,3,0,4.333333333333333,0.0,0.0,11.537480709876542,False,0.3237732095490716
2b3b9ce054da76a7428df143a567b156,SP,5,301.0,62.28,6,5,1,3.6,0.2,0.0,8.186101851851852,False,0.20691029900332225
6179a28a13a726c29b3bf54c070dccab,MG,1,300.0,61.27,1,1,0,5.0,0.0,0.0,25.23008101851852,False,0.20423333333333335
3a3e46d10f74d8a6ca76e2b538f106a0,SP,2,299.9,66.67,5,2,0,4.5,0.0,0.5,19.48721064814815,False,0.22230743581193735
2b402d5dc42554061f8ea98d1916f148,BA,1,299.89,63.9,1,1,0,5.0,0.0,0.0,6.000300925925926,False,0.21307812864717063
69a43819c758c65a5befb0b471c954d7,PR,2,299.85,100.91,3,2,0,4.0,0.0,0.0,12.98847800925926,False,0.3365349341337335
ea3ebea5317b0efbc663ecc8ce5e9bc2,SC,3,299.70000000000005,57.65,3,3,0,4.0,0.0,0.0,9.390617283950617,False,0.192359025692359
6d1b9c9579132c87d2703ec38c30f2c5,PR,4,299.69,67.7,4,4,0,4.5,0.0,0.0,9.304976851851853,False,0.2259000967666589
71593c7413973a1e160057b80d4958f6,SP,2,299.5,45.849999999999994,5,2,1,3.0,0.5,0.0,9.129704861111112,False,0.15308848080133555
b76f4d90e85657a240495c876313adc5,SP,1,299.0,19.3,1,1,0,5.0,0.0,0.0,2.6615972222222224,False,0.0645484949832776
f00f5b35d0abcacbdd863672f4bb2c1a,SP,1,299.0,14.43,1,1,0,4.0,0.0,0.0,12.155833333333334,False,0.04826086956521739
a8739afb32aaa45e01815ca76f76f54b,SP,13,298.83,264.73,15,13,3,3.769230769230769,0.23076923076923078,0.07692307692307693,9.569594017094017,False,0.8858882976943414
9d489893ff6af05029671b785f54b998,SP,5,298.7,102.53999999999999,6,5,1,4.0,0.2,0.2,7.294662037037037,False,0.34328757951121525
b76a1f8356322f12529c37b67d5c96c2,SP,5,298.5,56.39,5,5,0,4.8,0.0,0.0,7.468219907407407,False,0.18891122278056952
791cfcfe22fe4a771ece27f90017da92,SP,1,298.13,17.85,1,1,1,1.0,1.0,1.0,28.20550925925926,False,0.05987320967363231
c5ebe6598748b0aeaa61cfb820478b92,RS,3,297.0,40.17,3,3,0,4.666666666666667,0.0,0.0,4.9036535493827165,False,0.13525252525252526
0ec28cec4046a4a199b6de9b4c891d97,GO,3,296.6,56.04,4,3,0,5.0,0.0,0.0,10.472314814814816,False,0.1889413351314902
eebb3372362aa9a46975164bed19a7e7,SP,4,295.96,58.65,4,4,1,3.25,0.25,0.5,52.582190393518516,False,0.19816867144208677
a806a4bb063ea7ca6d374eafa50a6058,ES,5,294.4,110.87,6,5,0,4.0,0.0,0.0,12.707159722222222,False,0.37659646739130437
9b1ab052f5fca308ba743ac789ebb2e1,PR,2,294.09000000000003,31.99,2,2,0,4.0,0.0,0.0,10.214050925925925,False,0.1087762249651467
c286ec035ee04ba81c97508f0b5df544,PR,1,294.0,50.67,1,1,0,4.0,0.0,0.0,14.242025462962962,False,0.17234693877551022
2bf28e311bba65237358230cabac3f15,PR,7,294.0,183.88,8,7,2,3.7142857142857144,0.2857142857142857,0.2857142857142857,11.378096891534392,False,0.6254421768707483
2f4b9d112bfa44a214bc6cef085d17c8,ES,5,293.99,119.27000000000001,6,5,0,4.4,0.0,0.0,14.775958333333332,False,0.4056940712269125
9d39404483343dd55c7ae254494d8388,SP,10,293.2,141.07999999999998,10,10,3,3.5,0.3,0.1,14.386840277777779,False,0.4811732605729877
48b6c3f4c6a93171da04b75313f2130f,SP,2,290.26,37.8,2,2,0,5.0,0.0,0.0,24.125260416666666,False,0.13022807138427617
aadfe0417e61315688b6bd7043361e25,GO,1,289.9,14.28,1,1,0,4.0,0.0,0.0,6.484421296296296,False,0.04925836495343222
ede2977fbaf3738583170735ca403f6c,PR,1,289.9,37.35,1,1,0,5.0,0.0,0.0,14.979814814814814,False,0.12883753018282168
f410c8873029fcc3809b9df6d0b28914,SP,2,289.8,37.3,2,2,0,5.0,0.0,0.0,7.698258101851852,False,0.1287094547964113
4dc646b9b9e8e411ef48ba000ea3ac6f,SP,4,289.70000000000005,63.56,5,4,2,2.75,0.5,0.25,11.460755208333333,False,0.21939937866758713
aded58c8142dedc5494a81f948431fab,RJ,4,289.5,89.98,5,4,1,3.75,0.25,0.0,8.741727430555557,False,0.3108117443868739
adbe70ab2c97442046d393988c8d1d27,SP,5,289.5,65.15,5,4,0,5.0,0.0,0.0,7.185418981481481,False,0.22504317789291883
04ee0ec01589969663ba5967c0e0bdc0,RS,1,289.49,24.83,1,1,0,5.0,0.0,0.0,3.0675925925925926,False,0.08577152924107913
392353362d22cc2c236e1ee81ff19890,SC,5,288.7,191.97,10,5,0,4.6,0.0,0.0,7.727078703703704,False,0.6649463110495324
bbe87dce25ba8b38bb61cc7210a3f10b,SP,2,287.0,68.39,2,2,0,5.0,0.0,0.0,6.258229166666666,False,0.23829268292682926
ce20a2ec1514c25e16f2b5b39bc818f0,SP,4,287.0,209.03,7,4,0,4.75,0.0,0.25,14.237659143518519,False,0.7283275261324041
615005a3ef192c00c6f0e977cee3d2bc,SP,10,286.5,155.64,11,10,3,3.8,0.3,0.2,13.925006944444444,False,0.5432460732984292
e83e93b71371817b11d78a63ff156aee,SP,2,286.0,87.38000000000001,3,2,0,4.5,0.0,0.0,15.808663194444446,False,0.30552447552447554
a9ae440659f48b7849df83e82734150b,SP,1,285.0,27.02,1,1,0,5.0,0.0,0.0,13.342361111111112,False,0.09480701754385965
10264f60a8f0a4d2f30810f5c661c673,SP,4,284.6,41.86,4,4,0,5.0,0.0,0.0,4.128816550925926,False,0.1470836261419536
ea1776927851da2532aa70d6a32c095a,SP,2,283.9,38.18,2,2,1,3.5,0.5,0.0,8.655138888888889,False,0.13448397323001057
86bf77bdb52e615674772d5817c6212f,RS,4,281.8,97.58,5,4,0,4.75,0.0,0.0,7.522086226851852,False,0.34627395315826826
b8a0adc91af209270c2c725168eb00fd,SP,6,281.4,107.09,6,6,1,4.0,0.16666666666666666,0.0,11.105634645061729,False,0.3805614783226724
83c465a786b06574376909b35ef6752a,SP,3,281.4,49.06,3,3,0,5.0,0.0,0.0,5.269764660493827,False,0.17434257285003557
579891617139df7d8671d373f0669622,RJ,8,280.3,128.2,8,8,1,4.5,0.125,0.25,18.420879629629628,False,0.45736710667142344
6dc9bec584588412a6a338830946a3e4,SP,1,280.0,84.96,1,1,1,2.0,1.0,0.0,21.719467592592594,False,0.3034285714285714
4e0d109ccfba9a1151c103049880c857,RJ,2,279.89,67.84,2,2,1,3.0,0.5,0.0,19.22804398148148,False,0.24238093536746583
28fb0829fd777877cdc350d25cb5bd5b,SP,2,279.8,42.08,2,2,0,5.0,0.0,0.0,14.081875,False,0.15039313795568263
19a7c9f66ffa6452ff4b4c0cca71da27,PR,1,279.0,59.74,1,1,0,5.0,0.0,0.0,25.18634259259259,False,0.21412186379928316
d2572f31e9023e9850ef986a636ff9bf,MG,1,279.0,26.69,1,1,0,5.0,0.0,0.0,10.130671296296295,False,0.09566308243727599
debe6615cd90cc0c2eac2b8988e1f628,SP,5,278.5,95.53,5,5,0,4.6,0.0,0.0,11.604266203703705,False,0.343016157989228
fb8904a8ea99f8831b64ce27db2c1765,SP,2,278.0,24.36,2,2,0,4.5,0.0,0.5,11.159346064814816,False,0.08762589928057554
94c49f20a123aeb9360dbf80ff912bf6,SP,3,277.75,61.540000000000006,3,3,1,3.6666666666666665,0.3333333333333333,0.0,14.152438271604938,False,0.2215661566156616
2ee0a0689f2f6a72f35a7cb6033f6e7e,SP,4,272.0,52.84,4,4,0,4.0,0.0,0.0,9.681559606481482,False,0.19426470588235295
e603cf3fec55f8697c9059638d6c8eb5,RS,7,270.0,172.99,10,7,0,4.571428571428571,0.0,0.0,6.320124007936507,False,0.6407037037037038
f682e0f848abafc6f41e0d4e868c66ef,SP,2,269.98,34.02,2,2,0,3.5,0.0,0.5,19.699797453703702,False,0.12600933402474257
bab0a8cd684e41ba6e2637dca0979d3b,RJ,1,269.9,19.14,1,1,0,5.0,0.0,0.0,13.315324074074073,False,0.0709151537606521
87d73636a3acf123e842bb890a4db036,SP,1,269.9,43.71,1,1,0,5.0,0.0,0.0,13.000717592592592,False,0.16194886995183402
dcf3755cefcdc158ad0b7bdde51e871b,RS,3,269.70000000000005,89.33,3,2,0,4.0,0.0,0.0,13.252658179012348,False,0.33121987393400065
09883d9ab71c8fe8a9bfc7fc3075b07e,SP,4,269.6,60.49,4,4,1,4.0,0.25,0.25,14.43830150462963,False,0.2243694362017804
6bb66d9870c2e01c05655c7ed0e7ee13,SP,3,269.0,52.02,3,3,1,3.6666666666666665,0.3333333333333333,0.0,8.319984567901235,False,0.1933828996282528
58c851d1a3c7cd3da329eb59453fed44,SP,2,268.99,24.270000000000003,2,2,0,5.0,0.0,0.0,4.611643518518519,False,0.09022640246849326
d73cbd89533ce8b041a9190241453ac8,MG,3,268.7,50.59,3,3,0,4.333333333333333,0.0,0.0,12.21965663580247,False,0.18827688872348347
f9bbdd976532d50b7816d285a22bd01e,SP,2,268.0,30.369999999999997,2,2,0,5.0,0.0,0.0,14.890231481481482,False,0.11332089552238805
830379336fad8c6f3b15a4a3ddb5c66e,SP,2,268.0,170.38,4,2,0,4.5,0.0,0.0,6.126064814814815,False,0.6357462686567164
c79151301b9d90985d1fa52879213105,PR,3,267.1,116.34,7,3,0,4.666666666666667,0.0,0.0,9.062461419753086,False,0.43556720329464615
65a7c0788e4d632ccb5e1b594b87f0bb,SP,3,266.7,117.42,9,3,0,4.333333333333333,0.0,0.0,11.02778549382716,False,0.44026996625421827
5236605f4d4b0b3e4df85b850393fca0,SP,5,265.3,82.18,5,5,0,4.8,0.0,0.2,10.492495370370369,False,0.30976253298153034
483ca627d131e18f988349b1655c0acd,SP,1,264.0,19.73,1,1,0,5.0,0.0,0.0,15.342986111111111,False,0.07473484848484849
5c853bb56f70f4d14218944bae111d7a,SP,23,263.13,251.06,24,23,5,4.0,0.21739130434782608,0.0,8.65661533816425,False,0.954129137688595
f8d5c7085db9a4ad2b8c1ffbeb2798c8,SP,6,263.0,100.41,6,6,0,5.0,0.0,0.0,12.526377314814814,False,0.381787072243346
53088c75f948b48a7ece173ac17f0c12,RS,3,261.70000000000005,54.53,3,3,0,5.0,0.0,0.0,10.963942901234567,False,0.2083683607183798
252e76235acb79183cfca6e34f13337d,SP,3,261.2,60.57,4,3,1,3.3333333333333335,0.3333333333333333,0.0,14.127746913580248,False,0.23189127105666157
aa762680c40618316a896838866140ea,PR,3,261.0,62.46,3,3,1,3.3333333333333335,0.3333333333333333,0.3333333333333333,22.5642862654321,False,0.2393103448275862
6da1992f915d77be95d7fa48b36904af,SP,7,261.0,122.66,9,7,1,4.0,0.14285714285714285,0.0,9.04173115079365,False,0.46996168582375475
21d59342ba150175ca2aa4f8faddeca6,SP,2,259.9,74.39,2,2,0,4.5,0.0,0.0,8.62144675925926,False,0.28622547133512893
984c273121e743dd14767befe6cb17f5,SP,1,259.6,21.31,1,1,1,1.0,1.0,1.0,33.85025462962963,False,0.08208782742681046
bdb3edbaee43a761e2d4f258dc08f348,SP,5,259.5,68.86,5,5,1,3.8,0.2,0.2,11.946273148148148,False,0.2653564547206166
c9e5ad1f6647f5dbd1172adf6ae3cada,RS,4,259.03,60.95,4,4,0,4.75,0.0,0.0,9.245217013888889,False,0.23530093039416286
5e25c632f9db6cfb8bc100421c2737b6,SC,1,259.0,19.91,1,1,0,5.0,0.0,0.0,6.050219907407407,False,0.07687258687258687
1e26c56af8d48424e1df0140a2401f83,SP,2,258.9,33.49,2,2,0,5.0,0.0,0.0,5.251145833333333,False,0.1293549633062959
0af977692321d895349eded183341d28,SP,2,257.75,19.47,2,2,0,4.5,0.0,0.0,2.5402256944444446,False,0.07553831231813772
7d294cf9a6a69dc6a0c3e540fff0e039,SC,5,257.25,194.13,5,5,0,4.4,0.0,0.0,8.816810185185187,False,0.7546355685131195
31eec405c9bb71dec8e2629a92e764fa,ES,5,256.89,170.24,5,5,0,4.6,0.0,0.0,8.572550925925926,False,0.6626960956051229
15ead3a5037a918ddb520dfe39a3d2b9,MG,6,254.5,140.22,7,6,0,4.833333333333333,0.0,0.16666666666666666,17.651520061728394,False,0.5509626719056975
ebef8d8c92b4fd3226e5d407bbff21ac,SP,3,253.70000000000002,48.36,3,3,1,2.6666666666666665,0.3333333333333333,0.3333333333333333,40.11726851851852,False,0.1906188411509657
d5c530f4884a75ae0dba9c148718d278,MG,5,252.93,143.21,8,5,1,4.0,0.2,0.2,10.283006944444445,False,0.5662040880876132
88ef59b51bdaa941d10a853429f2b6ce,PR,2,252.9,41.8,2,2,1,2.0,0.5,0.0,6.199189814814815,False,0.16528272044286277
446cc09cdbb130904da114e807dbec40,SP,3,252.8,54.17,3,3,0,4.666666666666667,0.0,0.0,4.268302469135803,False,0.21428006329113924
7f35f9daf223da737b78738fbae4d977,SP,5,252.0,101.01,5,5,1,4.0,0.2,0.0,7.866502314814815,False,0.4008333333333334
e88c9b79e592e370d6bd852eeefbf057,PR,8,251.87,142.10999999999999,9,8,0,4.75,0.0,0.0,8.435091145833333,False,0.5642196371143844
ae45ad30c2d2e5913094769690a239d2,SP,1,251.8,31.26,2,1,0,5.0,0.0,0.0,19.199479166666666,False,0.12414614773629865
e88f7a2995ba184710d339c5c4bf2e30,SP,2,251.6,35.91,2,2,0,5.0,0.0,0.0,10.833229166666667,False,0.14272655007949125
85ecf03781da592876b7844acc1b729f,SP,2,251.0,43.9,2,2,0,4.5,0.0,0.5,15.553564814814814,False,0.1749003984063745
46ef1a25845fc051c2998d878354810c,MG,5,250.41,98.04,5,5,0,4.4,0.0,0.2,16.845016203703704,False,0.39151791062657243
8ccf3cf69651cc1d8a02c8bfaf3b8568,SP,2,250.0,38.629999999999995,2,2,0,3.5,0.0,0.5,25.706637731481482,False,0.15452
13d95f0f6f73943d4ceffad0fc2cd32c,GO,1,249.99,59.33,1,1,0,3.0,0.0,1.0,22.338900462962965,False,0.23732949317972718
1703bc09972dab9782e7a9194943b69f,MG,1,249.9,106.21,1,1,0,5.0,0.0,0.0,12.12505787037037,False,0.4250100040016006
5d505d2298ad549e4e4e835562fa0c1e,SP,2,249.8,28.339999999999996,2,2,0,5.0,0.0,0.0,5.899982638888889,False,0.11345076060848677
c0f783394e37cd9c9d7f5f81141450fa,SP,6,249.39999999999998,87.35,6,5,1,3.6,0.2,0.0,13.170179398148148,False,0.3502405773857257
4b90495391ac0bd181a80a459df1e718,RS,1,248.0,18.11,1,1,0,4.0,0.0,0.0,11.879664351851853,False,0.0730241935483871
42b6488f5b8246d9141712abd4b1b693,PR,2,247.99,41.81,2,2,0,4.0,0.0,0.0,7.897939814814816,False,0.1685955078833824
32f1bb9dfa65bc7df5c0d9d95a616be4,SP,4,246.49,48.31,5,4,1,4.0,0.25,0.25,6.589253472222222,False,0.19599172380218263
baa49d93c8c8841e27400a300f5d74b2,SC,6,246.39999999999998,88.02,6,6,0,4.5,0.0,0.16666666666666666,12.282937885802468,False,0.35722402597402597
184a67a8f9f63234d3a92340bbdb727f,SC,7,246.29,190.56,10,7,1,4.285714285714286,0.14285714285714285,0.0,17.62088458994709,False,0.773722034999391
88ae906ea2acf6971f26c3e8b7cb4357,SP,3,246.0,42.01,3,3,0,3.3333333333333335,0.0,0.3333333333333333,15.088244598765433,False,0.17077235772357724
5721089ba9214e80074f27d5a03fc0eb,SP,5,245.92999999999998,66.64,7,5,0,5.0,0.0,0.0,7.435550925925926,False,0.2709714146301793
5194c22ed1f616ec0c0f33c571542879,MG,4,245.6,80.85,4,4,0,4.25,0.0,0.0,12.323978587962962,False,0.3291938110749186
14f2b3587172b9db894c9bad8dab520b,RS,2,244.0,86.06,2,2,1,2.5,0.5,0.0,14.027887731481481,False,0.3527049180327869
5733d806668f8712c24b9abaefbfa642,SP,2,243.8,85.88,2,2,0,5.0,0.0,0.0,15.00157986111111,False,0.3522559474979491
77714512e8d4dda9c234da8e3faf16e4,SP,4,243.4,105.58,6,4,0,4.25,0.0,0.0,12.183356481481482,False,0.433771569433032
9853a239ab7b7ebbdc3a21248d5b8e1f,PR,4,242.0,68.2,4,4,1,3.75,0.25,0.25,17.958078703703706,False,0.28181818181818186
c70a353f02429c00775a46a75fb787da,SP,6,242.0,94.94,6,6,0,4.666666666666667,0.0,0.0,6.758491512345679,False,0.39231404958677685
31be790e64fc99f8ff48ec2bd18a3104,SP,6,241.39999999999998,72.28,6,6,0,4.333333333333333,0.0,0.3333333333333333,6.493200231481481,False,0.2994200497100249
0761743cbffb25d7148189e9f1a5f03a,SP,3,241.2,86.2,7,3,0,4.666666666666667,0.0,0.0,13.137214506172839,False,0.35737976782752906
85044848b1b767db2a4a58526adef4b4,SP,4,240.60000000000002,64.91,4,4,1,3.25,0.25,0.0,8.78732349537037,False,0.26978387364921025
5e9f5bd34e0830569f05c9d4f56e04a8,RS,2,239.98,34.88,2,2,0,4.5,0.0,0.0,10.026510416666667,False,0.14534544545378783
70c4eedec9cb4a85cda2f3f9673557b4,SP,1,239.9,13.18,1,1,0,5.0,0.0,0.0,7.002696759259259,False,0.054939558149228844
422be4cc81a457fdb46f47edeb968ae5,SP,1,239.9,77.47,1,1,0,5.0,0.0,0.0,18.136979166666666,False,0.32292621925802417
70f7e8018e3d46c748c92f026aa2585a,SP,1,239.8,37.88,2,1,0,5.0,0.0,0.0,7.02681712962963,False,0.1579649708090075
2d9e8987a2ea5cf88dce330249043ff1,SP,2,239.8,104.37,2,2,0,4.5,0.0,0.0,8.896828703703704,False,0.4352376980817348
d7b2377bae6ace1b11fc69a11900ac36,SP,3,239.70000000000002,42.52,3,3,1,3.6666666666666665,0.3333333333333333,0.3333333333333333,19.543175154320988,False,0.1773884021693784
ec8463980a4e0ea9f8517aea1ed0c419,SC,2,239.2,118.75999999999999,8,2,0,5.0,0.0,0.5,11.225914351851852,False,0.49648829431438124
25debeafbce801fdd479539350185eee,SP,5,237.85,87.12,6,5,2,3.0,0.4,0.0,14.982872685185185,False,0.36628126970779906
d1a5cc844736958c11b8efab9a2b4c87,PR,1,237.6,16.41,1,1,1,1.0,1.0,1.0,30.294270833333332,False,0.06906565656565657
e83c76265fc54bf41eac728805e4da77,SP,8,237.29999999999998,99.19,8,8,1,3.625,0.125,0.125,32.602546296296296,False,0.4179941002949853
2e0dba2da448400b1c11d7b4b22f32a4,SP,7,235.87,171.83,13,7,3,3.142857142857143,0.42857142857142855,0.0,8.869021164021165,False,0.7284945096875398
534a01cc6df1e034e05c32028a291fa2,SP,5,235.59,59.86,5,5,0,4.4,0.0,0.0,10.692097222222221,False,0.2540854874994694
a663d9c3797e90eac99ff60939416a56,SP,1,235.0,14.08,1,1,0,5.0,0.0,0.0,5.360590277777778,False,0.05991489361702128
94b9108d4b637ba65bb4f1e53cfcf8d8,SP,7,234.95999999999998,99.13,8,7,1,4.428571428571429,0.14285714285714285,0.14285714285714285,17.020074404761903,False,0.4219016002723868
508808d438fe2ff972ed13bb8f4a82e2,SP,9,234.84,111.19999999999999,10,9,0,4.666666666666667,0.0,0.0,4.809108796296297,False,0.4735138817918582
1e47defeeadeca0e9a18fa5a9311e735,SP,3,234.12,57.5,3,3,0,5.0,0.0,0.0,12.017928240740739,False,0.24560054672817358
cb32766839f443db85c82a43c4a6c19e,SP,2,234.0,31.51,2,2,1,3.0,0.5,0.0,19.473778935185187,False,0.13465811965811966
d9cb0052a666de5308b32f32ad5f1b1c,SP,3,231.89999999999998,38.59,3,3,1,3.6666666666666665,0.3333333333333333,0.0,13.012816358024692,False,0.16640793445450627
e64882b4ef12aee8d0faca4db5b681f4,GO,1,230.0,43.22,2,1,0,4.0,0.0,0.0,25.008819444444445,False,0.18791304347826088
1746c1ae87ac63d530c7c943d0ac42e2,SP,1,229.9,22.45,1,1,0,5.0,0.0,0.0,23.021400462962962,False,0.09765115267507611
740205fedfe4e90ca6857bc77db0f2b4,SP,1,229.9,21.93,1,1,0,5.0,0.0,0.0,3.4825694444444446,False,0.09538929969551979
72431a818f97fe6ab9c81eee3e297e54,SP,1,229.9,19.49,1,1,0,5.0,0.0,0.0,12.434548611111111,False,0.08477598956067854
9539213aa8e023c01937bef95dc006da,SP,9,229.1,89.94,9,9,0,4.555555555555555,0.0,0.3333333333333333,11.792710905349795,False,0.39257965953731994
615c3462099ffa940d37b17dfda19594,RJ,2,229.0,32.05,2,2,0,5.0,0.0,0.0,7.6487442129629635,False,0.13995633187772924
75745ef7bc7d4f3ea3380f6f5303f514,DF,3,228.4,48.92,3,3,0,5.0,0.0,0.0,5.69443287037037,False,0.21418563922942208
8dfbc5ff27df12f6cef751d3b9554222,PR,4,226.0,90.12,4,4,0,4.5,0.0,0.0,10.066796875,False,0.3987610619469027
b05b432bf68945d4d9783f9e3ca29ee8,SP,2,224.8,26.09,2,2,0,4.5,0.0,0.0,5.414924768518519,False,0.11605871886120996
8a8835a43bda99fd37310ad76c457510,SP,2,224.34,34.2,3,2,0,4.5,0.0,0.0,7.462633101851852,False,0.15244717838994384
94ca168e8bcb407ab85c5da308863027,SP,5,224.3,87.36,5,5,0,5.0,0.0,0.0,12.487648148148148,False,0.3894783771734284
6c6e3d67f969468f3bfd33f827a31222,PR,5,224.0,92.41,6,5,0,4.8,0.0,0.0,8.505372685185185,False,0.4125446428571428
81ed90f07c0bacb7594940ba2ef676aa,MG,2,223.9,33.56,2,2,0,4.5,0.0,0.0,16.095561342592593,False,0.14988834301027246
0e44d110fa6a54e121cb2c095a77762f,SP,6,223.32,70.06,6,6,1,4.333333333333333,0.16666666666666666,0.16666666666666666,12.001626157407408,False,0.31372022210281214
08ad4ac1388e4420ca531c3edfc46198,SP,6,221.61999999999998,89.05,7,6,3,2.8333333333333335,0.5,0.0,6.36944637345679,False,0.40181391571157843
f419677537694f0462a91990df6ca44f,SP,6,220.5,78.78,6,6,1,4.0,0.16666666666666666,0.16666666666666666,14.250243055555556,False,0.3572789115646259
bec568278124768c474ee90971ca94d1,SP,2,219.9,29.16,2,2,0,4.5,0.0,0.0,3.4400520833333337,False,0.13260572987721692
edf3fabebcc20f7463cc9c53da932ea8,SP,1,219.9,24.12,1,1,0,4.0,0.0,1.0,21.082037037037036,False,0.10968622100954979
20611af7866c6068fd5ae1f9dbe15c92,SP,2,219.8,114.5,2,2,0,4.5,0.0,0.0,8.539311342592592,False,0.5209281164695178
e0a3c37054ade6478d923a6efc10f308,SC,2,219.8,35.18,2,2,0,5.0,0.0,0.0,7.835486111111111,False,0.1600545950864422
f8e2c1b59cd4225a3e4fd0d013a76b93,SP,2,219.8,44.63,3,2,0,5.0,0.0,0.0,10.010943287037037,False,0.20304822565969063
a5dd1946fb63ada8bcaa0c9cd8f11e22,PE,6,219.62,206.71,7,6,1,3.8333333333333335,0.16666666666666666,0.0,16.939828317901235,False,0.9412166469356161
c3fe93ba3085f92855c97e57f38c8c05,PR,6,219.0,98.17999999999999,6,6,0,5.0,0.0,0.0,13.222635030864197,False,0.448310502283105
3442f8959a84dea7ee197c632cb2df15,SP,3,218.70000000000002,27.9,3,3,1,3.0,0.3333333333333333,0.3333333333333333,13.018587962962963,False,0.12757201646090532
751e274377499a8503fd6243ad9c56f6,SP,1,218.0,17.84,2,1,0,5.0,0.0,0.0,1.9974652777777777,False,0.0818348623853211
6548c2550b6e2d8f18053216e1c7b6f3,SP,3,217.7,69.85000000000001,5,3,0,5.0,0.0,0.0,6.486157407407408,False,0.32085438677078554
d594982fd877af63ace38ea1fca27c76,SP,7,217.04,92.66,7,7,1,4.428571428571429,0.14285714285714285,0.0,8.089442791005292,False,0.42692591227423515
3d49bfdd1b43a7fe169b3740067acc61,MG,3,215.0,61.82,3,3,0,4.666666666666667,0.0,0.0,8.759347993827161,False,0.2875348837209302
a4b8d97cd5d3674eeff96abc99d8ed67,SP,1,214.08,19.3,1,1,1,1.0,1.0,0.0,6.10394675925926,False,0.09015321375186845
5f0057b677eb963672bf05dfa3f16c34,SP,4,213.88,51.11,4,4,0,5.0,0.0,0.0,7.040208333333333,False,0.2389657752010473
33ab10be054370c254ddfcf0a6253422,RJ,4,213.2,52.33,4,4,0,5.0,0.0,0.0,5.813640046296296,False,0.24545028142589118
4ea2f12dbe91deeacd2c1e74f069a6e6,SP,4,210.2,70.07,6,4,0,4.75,0.0,0.0,9.45769386574074,False,0.333349191246432
28405831a29823802aa22c084cfd0649,SP,6,210.0,72.83,6,6,0,4.5,0.0,0.0,7.19403163580247,False,0.3468095238095238
a9415cf907dfa12f9ed18693244f5329,MG,1,210.0,175.42,2,1,0,5.0,0.0,0.0,11.134502314814815,False,0.8353333333333333
661ad5fcc28cdfb8bcadb12bb2272475,SC,4,209.93,119.78,7,4,0,5.0,0.0,0.0,12.388914930555556,False,0.570571142761873
269c5fc9fcadee614364c3620c30a1f9,SP,3,209.6,45.12,6,3,0,5.0,0.0,0.3333333333333333,4.606662808641976,False,0.21526717557251906
3fadb4cba4c35bce6a7eaf9872d5623a,RS,3,209.5,68.02000000000001,5,3,1,3.3333333333333335,0.3333333333333333,0.0,9.260574845679013,False,0.3246778042959428
929f342384a6607afe143d789ade1316,PR,4,209.4,63.36,4,4,0,5.0,0.0,0.0,4.4983478009259255,False,0.3025787965616046
3fefda3299e6dfaea3466ef346a3571a,PR,1,209.0,16.21,1,1,0,4.0,0.0,0.0,6.3142708333333335,False,0.07755980861244019
10cdd491d1dbea8fb4ead97b19c334ce,MG,3,208.9,78.86,3,3,0,5.0,0.0,0.0,7.089984567901234,False,0.377501196744854
1de62b6f2fd96227629786db492433db,SP,2,208.8,28.73,2,2,0,5.0,0.0,0.0,8.235648148148147,False,0.13759578544061302
5a9c0859cb00fd8aa4db443837f0a700,SC,2,208.0,47.59,2,2,0,4.5,0.0,0.0,9.005376157407408,False,0.22879807692307694
353e21e8bf8de2722b4fae1636664b76,RS,4,208.0,91.89,4,4,2,2.5,0.5,0.0,9.107554976851851,False,0.44177884615384616
90b57083da5d803237da74daec6dcb2b,PR,2,206.9,34.31,2,2,0,5.0,0.0,0.0,7.904450231481482,False,0.16582890285161914
762fafdaa57a532ee0119731697579dd,SP,5,206.7,54.17,5,5,0,5.0,0.0,0.0,4.124875,False,0.262070633768747
e5d4b2b0c3bca22085f7a19a28de0c42,SC,4,205.8,63.76,4,4,0,4.5,0.0,0.25,12.684464699074073,False,0.3098153547133139
dd8a29ce82d5c705ba932d81494600a5,SP,2,205.75,27.5,2,2,0,3.5,0.0,0.0,8.930642361111111,False,0.1336573511543135
643c01d7c56a724bec0454f4780e8a3e,SC,2,205.55,41.1,2,2,0,4.5,0.0,0.0,9.720231481481482,False,0.19995135003648748
efb628aa07c8ca93d7db0d85b91a4f5a,RJ,1,204.0,58.1,1,1,0,4.0,0.0,1.0,25.588310185185186,False,0.28480392156862744
e819bcfade7b5d88a27325eb6cfd62c5,SP,5,202.89999999999998,135.35,11,5,1,4.2,0.2,0.2,9.983587962962963,False,0.6670773780187285
f26d70155c2b6326fcfa1780c8c684e4,SC,1,202.89,16.17,1,1,0,5.0,0.0,0.0,8.901666666666667,False,0.07969835871654593
bcc9dd23e2a8bd8267cf92b19304a1b9,SP,3,202.79000000000002,43.43,3,3,2,2.3333333333333335,0.6666666666666666,0.6666666666666666,22.54966049382716,False,0.21416243404507124
19484c79cef6c062cb177aa4ef2fcc3c,SP,1,201.9,10.16,1,1,1,1.0,1.0,1.0,21.42582175925926,False,0.05032194155522536
28c7d8743fbc8679f484868cc0fcaefb,SP,3,201.5,68.86,3,3,0,5.0,0.0,0.0,13.52462962962963,False,0.34173697270471465
72146da5774cabf2632faedcae097a76,PR,4,200.94,110.49,6,4,1,4.0,0.25,0.25,35.939108796296296,False,0.5498656315318006
3f84fefc07dc159b268d4a77d3e8c425,PR,3,200.6,51.32,3,3,0,5.0,0.0,0.0,8.068271604938271,False,0.25583250249252243
5db42a6cd9bf1bf0d3aab9582767f168,ES,1,200.0,19.33,1,1,0,5.0,0.0,0.0,16.873449074074074,False,0.09664999999999999
dda37071807e404c5bb2a1590c66326f,SP,1,199.99,19.28,1,1,0,5.0,0.0,0.0,16.582835648148148,False,0.09640482024101205
dbc51f5e45d654ecc16cb68e6817ecea,SP,1,199.99,18.14,1,1,0,4.0,0.0,0.0,17.74240740740741,False,0.09070453522676133
3289d8c3eef4873f91ce0b1343c0dd58,SP,1,199.99,19.28,1,1,0,5.0,0.0,0.0,13.827824074074075,False,0.09640482024101205
3fe7120d6257285ac6a3ce7cb071ccec,MG,2,199.98,28.28,2,2,0,3.5,0.0,0.0,9.570578703703703,False,0.14141414141414144
e59e575a175fadcadf8479e191770425,RJ,1,199.9,50.98,1,1,0,5.0,0.0,0.0,5.350474537037037,False,0.25502751375687843
651530bf5c607240ccdd89a30c9c9712,BA,1,199.9,24.55,1,1,0,4.0,0.0,0.0,11.76519675925926,False,0.12281140570285143
2a50b7ee5aebecc6fd0ff9784a4747d6,DF,1,199.8,64.44,2,1,1,1.0,1.0,1.0,39.73696759259259,False,0.3225225225225225
4f0d637c1197fd65405ebd755ac9f86b,SP,2,199.8,32.67,2,2,0,5.0,0.0,0.0,7.353680555555556,False,0.1635135135135135
2cb4700db635baa1c0d4f90ed27b6669,PR,2,199.8,28.92,2,2,1,2.0,0.5,0.0,16.483385416666668,False,0.14474474474474475
800214c63934acd05d47e84214db8ba8,SC,3,199.70000000000002,50.71,3,3,0,5.0,0.0,0.0,11.791327160493827,False,0.25393089634451677
ec5c1d94df153d473b37f880977ae58e,SP,2,199.67000000000002,84.07,3,2,1,2.0,0.5,0.0,10.320208333333333,False,0.42104472379426044
8060d731897e33b5c5ae575ce1e209e1,SP,5,199.5,91.45,5,5,0,4.8,0.0,0.0,7.804481481481481,False,0.45839598997493736
e9874ae10b2d60d43917b6bbfa13a599,PR,1,199.0,23.1,1,1,0,5.0,0.0,0.0,6.675798611111111,False,0.11608040201005025
4450bd8327d471c4a11a83d1445b1b62,SP,1,199.0,15.56,1,1,0,5.0,0.0,0.0,7.305891203703704,False,0.07819095477386935
e1bed63d68ac36fe1f3061befe196af5,SP,1,199.0,18.0,1,1,0,5.0,0.0,0.0,8.606180555555556,False,0.09045226130653267
4ce8b55b4bfa4659184e7becc1fba3f2,PR,2,199.0,59.870000000000005,2,2,1,3.0,0.5,0.0,12.415815972222223,False,0.30085427135678394
52f6f9f13ba19504c02781132a049e75,PR,1,199.0,23.13,1,1,1,2.0,1.0,0.0,16.289837962962963,False,0.11623115577889447
3d290fe363c60a77498c1126fd3fb8d3,SP,3,198.98,35.06,3,3,0,4.333333333333333,0.0,0.0,7.46141975308642,False,0.17619861292592223
e503f22be6a4f456d9851920a5d9c670,SP,2,198.9,32.44,2,2,0,4.0,0.0,0.0,5.669965277777777,False,0.16309703368526896
ad8b531ae67582f096925cff5630d0d1,PR,2,198.45000000000002,53.04,2,2,0,4.0,0.0,0.0,20.48488425925926,False,0.2672713529856387
d8dd176509baa37f359644d082bf7f7b,SP,2,198.0,31.9,2,2,2,1.5,1.0,1.0,30.358559027777776,False,0.1611111111111111
586a871d4f1221763fddb6ceefdeb95e,RS,1,198.0,41.48,2,1,1,1.0,1.0,1.0,68.62114583333333,False,0.20949494949494948
6f835fd4be26989b1b064399da346143,PR,2,197.8,31.450000000000003,2,2,0,5.0,0.0,0.0,6.953078703703703,False,0.1589989888776542
9da15f4a4ea758d9eeb49000dbe57e22,SP,1,196.9,37.71,1,1,1,2.0,1.0,1.0,22.51039351851852,False,0.1915185373285932
fe8055980a4ff7f64ed889c2b5926929,PR,3,196.70000000000002,53.28,3,3,0,4.666666666666667,0.0,0.0,6.485983796296296,False,0.2708693441789527
809413606dbfe5deefd2db646693ef67,SP,3,196.68,50.37,5,3,0,4.333333333333333,0.0,0.0,7.579143518518518,False,0.2561012812690665
8def3db7f272735afb2ecd03aeca09a7,RJ,2,196.0,33.64,2,2,0,5.0,0.0,0.0,2.659195601851852,False,0.1716326530612245
0f7eea709efdf942b5f95c7516dbacd7,SP,3,195.74,44.32,3,3,0,4.0,0.0,0.0,8.043919753086419,False,0.22642280576274648
f356c348fbc8df6a882823e21f5ce8b7,RS,2,195.18,30.47,2,2,1,2.5,0.5,0.0,7.22974537037037,False,0.15611230658878983
9c54608f0996c32ae4743089d915f845,PR,3,194.8,109.92,3,3,0,4.0,0.0,0.0,12.21988811728395,False,0.5642710472279261
b5f49fe968dff6b112861e6cd8e192ef,PR,1,194.70000000000002,42.97,2,1,0,5.0,0.0,0.0,13.995439814814814,False,0.22069851052901898
7d948535954aaf8c5d39db007f74372e,SP,4,194.0,43.8,4,4,1,3.75,0.25,0.0,5.600842013888889,False,0.22577319587628863
f626e15b7314c267e4429010866f70e9,SP,5,193.54999999999998,125.47,7,5,1,3.8,0.2,0.0,9.946752314814814,False,0.648256264531129
05e107217c7266362fd44b75b2cd4cc4,SP,5,193.38,82.00999999999999,8,5,0,4.2,0.0,0.4,8.186863425925926,False,0.42408728927500255
747c1cdcd1737dcfbd1547f6eb6f2cf3,SP,2,193.1,29.27,2,2,1,2.5,0.5,0.0,15.132824074074074,False,0.15157949249093733
4d9fea3499bdc22aa4da4e339365f215,SP,2,192.54000000000002,30.2,2,2,0,5.0,0.0,0.0,12.668061342592592,False,0.15685052456632387
78ba5933c21686d1c2f64669c8c459e7,SP,2,191.8,20.770000000000003,2,2,0,4.25,0.0,0.0,6.5282175925925925,False,0.10828988529718457
f307937c1bb287c3efc2a514b94b0d1d,MG,1,189.99,26.61,1,1,0,5.0,0.0,0.0,12.577673611111111,False,0.14006000315806094
778323240ce2830d68aab11794e00bfb,SP,3,189.98000000000002,52.45,3,3,0,4.333333333333333,0.0,0.0,10.546203703703704,False,0.27608169280976946
7cf4ea70955b00d6b3c22542598e2715,SP,1,189.9,14.91,1,1,0,5.0,0.0,0.0,7.103148148148148,False,0.07851500789889415
43a1d4bab73b816e44ef4e4facd9f9b5,PR,1,189.9,15.5,1,1,0,4.0,0.0,0.0,9.82519675925926,False,0.08162190626645603
119c7f1a00ef43fad0e57604e76a747c,SP,2,189.8,17.02,2,2,0,4.5,0.0,0.0,5.977835648148148,False,0.08967334035827186
213fafb0ca06fb3d5886579c2565791b,MG,3,189.70000000000002,27.16,3,3,2,2.3333333333333335,0.6666666666666666,0.0,4.259791666666667,False,0.14317343173431732
299c89a525fee36c567f4fe72f038100,CE,1,189.0,53.67,1,1,0,3.0,0.0,0.0,9.31943287037037,False,0.283968253968254
686886775c8f6b1191c7b953fb52708c,SP,1,189.0,13.62,1,1,0,5.0,0.0,0.0,3.546076388888889,False,0.07206349206349207
b00af24704019bd2e1b335e70ad11f7c,BA,1,189.0,18.25,1,1,0,5.0,0.0,0.0,15.554780092592592,False,0.09656084656084656
e0482f2c769468c3bbcd8a01e09d98c5,SP,1,189.0,45.4,1,1,0,4.0,0.0,0.0,5.906377314814815,False,0.2402116402116402
c360e4787614ed31ac7a2f95d3b22dc6,SP,1,188.9,30.05,1,1,1,2.0,1.0,0.0,12.66162037037037,False,0.1590788777130757
c0aff2da32c17759d30b22fb0af6649d,SC,4,188.8,83.53,5,4,0,3.75,0.0,0.0,7.762465277777777,False,0.4424258474576271
4c1c7281388a33dd06daac44f9fadbd1,SP,5,188.32,81.59,5,5,0,4.8,0.0,0.0,8.786493055555557,False,0.4332519116397621
a3b0df0065e264a91b7bbf5f844af5cd,SP,2,186.69,32.06,2,2,0,5.0,0.0,0.0,13.619450231481482,False,0.17172853393325835
3a79f35a2344ede41af21267f61d5ec6,SP,1,186.0,31.71,1,1,1,1.0,1.0,0.0,14.27412037037037,False,0.17048387096774195
eec3469d83e142f9a104886655338c37,SP,4,185.7,54.74,4,4,0,4.5,0.0,0.0,9.977416087962963,False,0.294776521270867
9e7c5f4d7770eab65738cca38f9efccf,SP,2,184.8,38.08,2,2,0,3.5,0.0,0.0,7.437210648148148,False,0.20606060606060603
2075d8cd4dd63ff12df0749a5866bb06,PR,3,184.70000000000002,57.53,3,3,0,5.0,0.0,0.0,4.744471450617284,False,0.3114780725500812
7d484ca289afaac6bf5fc6a1e96d2226,MS,2,183.2,65.22,2,2,0,4.0,0.0,0.5,12.156967592592594,False,0.3560043668122271
c990d6cf976a5718aaedc539f383ab88,SP,8,183.1,115.35,9,8,2,3.625,0.25,0.375,19.757588252314815,False,0.6299836155106499
1c56ffe0e9dea2657fc6e95b53f40b13,SP,3,183.0,84.39,3,3,0,4.333333333333333,0.0,0.0,6.678163580246913,False,0.46114754098360655
3dfd3dc96f7f8598eca74e9ac8a2fa31,SP,6,183.0,75.7,6,6,1,4.0,0.16666666666666666,0.16666666666666666,12.230414737654321,False,0.4136612021857924
23ca5f678e0b3ea6c630b30fa8bf51ea,SP,6,183.0,96.39,7,6,0,5.0,0.0,0.0,7.270869984567901,False,0.5267213114754098
478bfe564db21eeb44386606aa30b650,MG,3,182.70000000000002,48.1,3,3,0,4.666666666666667,0.0,0.0,13.974162808641973,False,0.26327312534209085
5659d77e8d90378e39b960ad5956f64e,SP,2,182.48000000000002,30.65,2,2,1,2.5,0.5,0.5,20.48904513888889,False,0.1679636124506795
31e60bf8d103ce47932a85f5562deb16,GO,1,181.0,58.04,1,1,0,5.0,0.0,0.0,14.461574074074074,False,0.3206629834254144
8ca5b19e0263150d2c57afdde2b3d011,SP,3,180.60000000000002,44.08,4,3,0,4.666666666666667,0.0,0.0,4.8608217592592595,False,0.24407530454042078
9dd459b29a14bf89d47183cf2cd0e4c7,SP,2,180.0,18.82,2,2,0,5.0,0.0,0.5,6.62347800925926,False,0.10455555555555555
7ad41305e96a6cab8294cd65891e9a86,SP,2,180.0,57.6,2,2,0,5.0,0.0,0.0,11.66113425925926,False,0.32
94165aea8a35c3c21499cbcae239b16c,MG,1,180.0,16.11,1,1,1,2.0,1.0,0.0,6.158113425925926,False,0.0895
88cd3681e0a2ba85e190f7d817629c4c,SC,1,180.0,19.36,1,1,0,4.0,0.0,0.0,7.015775462962963,False,0.10755555555555556
9c57bc60cfad5ee62d35d3f1ce4593a1,PR,1,180.0,15.43,1,1,1,1.0,1.0,1.0,37.03043981481481,False,0.08572222222222223
964ff64dc05b13811c6d0f41e0aa5f6b,SP,1,180.0,24.06,1,1,0,5.0,0.0,0.0,6.680775462962963,False,0.13366666666666666
05ca864204d09595ae591b93ea9cf93d,SP,1,179.9,8.52,1,1,0,5.0,0.0,1.0,5.168472222222222,False,0.04735964424680378
7f5e4d5efad7e44b91115dd1decb65f3,SP,3,179.9,77.42,9,3,0,5.0,0.0,0.0,7.696072530864197,False,0.43035019455252915
3606774ec64634822d78dc2db6d37045,SP,1,179.9,16.37,1,1,0,5.0,0.0,0.0,15.816574074074074,False,0.09099499722067815
50bf89f1349bc0409a268c3a49678009,SP,1,179.9,102.57,1,1,0,5.0,0.0,0.0,9.616319444444445,False,0.5701500833796553
762ed976527cddf02787edba70fffa2a,PR,3,179.8,60.31999999999999,4,3,2,2.3333333333333335,0.6666666666666666,0.0,7.851986882716051,False,0.3354838709677419
2235cf78d3e2073a88146a9cb60f0dd0,SP,1,178.99,25.77,1,1,0,5.0,0.0,0.0,14.215081018518518,False,0.14397452371640873
880ce4951cf857ab1d9e0b75c1d856f4,MG,1,178.9,18.82,1,1,0,5.0,0.0,0.0,15.04616898148148,False,0.10519843487982113
f3975e8a41157005d4bcbb358678cd9b,SC,2,178.8,83.97999999999999,2,2,0,5.0,0.0,0.0,8.65745949074074,False,0.4696868008948545
6f1a1263039c76e68f40a8e536b1da6a,SP,2,178.69,74.5,5,2,1,2.0,0.5,0.5,51.000538194444445,False,0.4169231630197549
57fe6232e67823593374a2281d7a8af8,SP,8,178.68,105.36,8,8,0,4.75,0.0,0.0,9.581882233796296,False,0.5896574882471457
19e0f40a907ec568c34bfac15de4f4a1,SP,4,178.0,41.620000000000005,4,4,0,5.0,0.0,0.0,5.835399305555556,False,0.23382022471910116
1352e06ae67b410cdae0b2a22361167b,RJ,2,178.0,36.1,2,2,1,3.0,0.5,1.0,34.307094907407404,False,0.20280898876404496
ab9db4cf53b08b828b64dccaafc2d9f0,RS,4,177.78,105.82000000000001,4,4,0,5.0,0.0,0.0,11.719855324074075,False,0.5952300596242547
2d2322d842118867781fc737e96d59a1,SP,8,176.4,104.97,10,8,0,4.875,0.0,0.125,8.09072193287037,False,0.5950680272108844
a0a14e50070f3225b3eabba5b85da517,PR,4,176.2,72.44,4,4,0,4.5,0.0,0.0,6.053330439814815,False,0.41112372304199774
c353f8fc0ce8344999f17d578eb69a5e,RS,2,175.98,36.59,2,2,0,5.0,0.0,0.0,9.96112847222222,False,0.20792135469939768
cbbd5ae8f53de5f5097cd8217b529e24,SP,1,175.9,32.26,1,1,0,4.0,0.0,0.0,20.768761574074073,False,0.1833996588971006
485452467ff670447e84a8370c3fc898,SC,3,175.7,139.74,3,3,0,4.666666666666667,0.0,0.0,14.225609567901236,False,0.7953329538986911
b906dd0e57f282c7089171b6ed07982e,PR,2,175.0,35.75,2,2,0,4.0,0.0,0.0,6.987065972222222,False,0.2042857142857143
4dc2e811a1760953cb7c6a590b498943,SP,1,175.0,24.84,1,1,0,5.0,0.0,0.0,6.671539351851852,False,0.14194285714285715
f92d8c817434bd2d84d4e9c61322b7fa,SP,5,174.84,50.769999999999996,5,5,0,4.6,0.0,0.2,8.32550462962963,False,0.29037977579501256
23ff42c4bf1f8f16cddb19d8b972974a,MG,2,174.70000000000002,52.97,3,2,0,4.0,0.0,0.0,11.843969907407407,False,0.3032054951345163
dd9661d3cda1e6feb237f0c4d8b26f2e,SC,1,174.0,16.98,1,1,0,5.0,0.0,0.0,18.197858796296295,False,0.09758620689655173
0692610d8abe24f287e9fae90ea0bbee,SP,4,173.99,31.73,4,4,0,4.0,0.0,0.25,6.603399884259259,False,0.18236680268980976
99a25c39b28a74d1151c35c18d178292,SP,1,173.94,44.76,6,1,0,5.0,0.0,0.0,2.230983796296296,False,0.257330113832356
aae5953b9edddf14749c0d65d60eb4b9,MG,2,173.0,29.9,2,2,0,5.0,0.0,0.0,12.825434027777778,False,0.17283236994219653
ccada0ef508e698917a6eab263375905,PR,3,172.8,59.160000000000004,3,3,1,3.6666666666666665,0.3333333333333333,0.0,9.912824074074074,False,0.3423611111111111
50770d25768b0486d89be26afca3108f,SP,6,171.76999999999998,76.08999999999999,6,6,1,4.0,0.16666666666666666,0.16666666666666666,13.481597222222222,False,0.4429760726552949
55c96925041a14097b6a7825554f4ad5,SP,5,170.0,45.89,6,5,0,4.6,0.0,0.4,11.164361111111111,False,0.26994117647058824
e1643dff33666ca629e3644c02738179,SP,3,170.0,29.31,3,3,0,4.333333333333333,0.0,0.0,4.555775462962963,False,0.17241176470588235
3ea08c48e851106d2f584349daba335f,MG,1,170.0,22.94,1,1,0,4.0,0.0,0.0,6.003807870370371,False,0.13494117647058823
5ca5d579b5857ee8709479b1047cecc3,SP,1,169.99,8.05,1,1,1,1.0,1.0,1.0,17.78358796296296,False,0.04735572680745927
7fe21dd00d2f4943ae09525efa2fd674,RJ,2,169.8,19.21,2,2,0,5.0,0.0,0.0,7.602222222222222,False,0.11313309776207302
695051e2981c8b19e77cafe450d5bdf3,SP,1,169.76,12.69,1,1,0,5.0,0.0,0.0,20.190590277777776,False,0.07475259189443921
b01c2b7b8599b325103ebcddc67413e1,RS,4,169.45,72.67,4,4,0,4.75,0.0,0.0,8.455002893518518,False,0.4288580702272057
d9c349beabc06aa6ff1c6d68b5e9e22e,SP,1,168.1,37.55,1,1,0,5.0,0.0,0.0,21.02513888888889,False,0.22337894110648424
c7c7b2682c648339a0e9846bb1023a39,SP,2,168.0,31.68,3,2,0,4.5,0.0,0.0,10.275578703703705,False,0.18857142857142856
51a04a8a6bdcb23deccc82b0b80742cf,SP,1,167.99,31.93,1,1,1,1.0,1.0,1.0,35.314861111111114,False,0.19007083754985415
7178e1eaa97257d8b6d4b80efd77a025,SP,1,167.9,16.81,1,1,0,5.0,0.0,0.0,7.122962962962963,False,0.1001191185229303
89d9a386b0b6e5fc8403071b03f7206a,SP,2,167.0,68.25,5,2,0,4.0,0.0,0.0,13.494710648148148,False,0.4086826347305389
1d1bbb8ac1581824986f582583fff01d,SC,4,166.88,59.589999999999996,4,4,1,3.5,0.25,0.25,9.16330439814815,False,0.3570829338446788
1e483cc5c76fef08d3ca05f9a8af7d01,SP,9,166.09,102.28,10,9,0,4.444444444444445,0.0,0.0,8.48593492798354,False,0.6158107050394365
1cbdc7cf130a41fd13a3c2a7d2fcfda7,MG,2,165.8,59.81,2,2,0,5.0,0.0,0.0,8.690578703703704,False,0.36073582629674306
2ea0861cc19e94cad86438c984c52da4,SP,6,165.6,62.449999999999996,6,6,1,3.3333333333333335,0.16666666666666666,0.0,5.2506057098765435,False,0.3771135265700483
76d336555bb25f3165d2f0d6da719c40,SP,1,165.0,11.76,1,1,0,3.0,0.0,0.0,11.495,False,0.07127272727272727
33d677f27a69b84051204ee4ae76eaca,SC,9,165.0,173.49,10,9,1,4.555555555555555,0.1111111111111111,0.0,8.826325874485597,False,1.0514545454545454
bd4ff04377f974574f7f0bf9d6ce7dde,SP,4,164.96,50.14,4,4,1,3.5,0.25,0.25,21.992728587962965,False,0.3039524733268671
e45edf75f568ed2f93f78d060e246e25,RJ,6,164.29999999999998,113.92,7,6,0,4.166666666666667,0.0,0.16666666666666666,12.346981095679013,False,0.6933657942787584
f19516b9ff26bfeb091b30108db4ddbd,SP,3,162.7,56.52,3,3,1,3.6666666666666665,0.3333333333333333,0.0,10.648128858024691,False,0.34738783036263066
98e164d549402270247f3c96a1a158ef,SP,2,162.7,24.72,2,2,1,2.5,0.5,0.0,8.833802083333333,False,0.1519360786724032
fa5fdc4e4bb6bd1009ad0e4ac4096562,SP,1,161.99,32.86,1,1,0,5.0,0.0,0.0,7.057268518518518,False,0.20285202790295695
bff9deb0ec77d437f3305a79cf25529e,SP,5,161.95,80.78999999999999,5,5,1,4.0,0.2,0.0,6.972201388888888,False,0.498857672121025
d9d43faf741ceaa8da52fdbb81d9e0e3,SP,4,161.0,174.79000000000002,6,4,1,4.0,0.25,0.0,9.143130787037038,False,1.0856521739130436
3442033154be05bac582e173ef54fd12,SP,1,161.0,8.39,1,1,0,5.0,0.0,0.0,3.9064699074074074,False,0.05211180124223603
d3e7d37c0df9aef383f3f2a15b0dddfb,PR,1,161.0,40.34,1,1,0,5.0,0.0,0.0,13.07738425925926,False,0.25055900621118016
fc6295add6f51a0936407ead70c1001d,SP,1,160.0,70.52,4,1,1,1.0,1.0,0.0,13.800219907407408,False,0.44075
aa2640d851ec322526f1295bbeb20092,SP,1,159.98,22.36,2,1,0,3.0,0.0,0.0,3.9644328703703704,False,0.13976747093386674
533d46c1b06970e99f09523a61df4972,SP,2,159.98,32.64,2,2,0,4.5,0.0,0.0,16.602592592592593,False,0.2040255031878985
913fd0ebba70bb919f7254a02239173c,SC,1,159.9,19.22,1,1,1,1.0,1.0,0.0,13.430914351851852,False,0.12020012507817385
fc0b214b59a83615fea981c6424a02ae,SP,1,159.9,12.14,1,1,0,5.0,0.0,0.0,4.384398148148148,False,0.07592245153220763
2039c5e51785b5dde7cf93ccb3b7be2c,SP,1,159.9,13.78,1,1,0,5.0,0.0,0.0,8.269247685185185,False,0.08617886178861787
2ec6e37d992a95eaddb3369dcbcc76d9,RS,2,159.8,24.14,2,2,2,1.5,1.0,0.0,9.651765046296296,False,0.15106382978723404
99cd94252748d2bdde08e17858233602,SP,2,159.8,21.520000000000003,2,2,0,4.5,0.0,0.0,3.0130844907407406,False,0.13466833541927412
6902157ee16728322d61a1321fa79e58,SP,2,159.8,31.630000000000003,2,2,1,3.0,0.5,0.0,10.457511574074074,False,0.1979349186483104
4bde6149c15cf7e177b36fa060dd6de8,RS,2,159.8,32.66,2,2,0,5.0,0.0,0.0,10.623096064814815,False,0.20438047559449307
b7e1750c1157341d2abd0251e07c186b,SP,3,159.6,60.96,4,3,0,4.333333333333333,0.0,0.0,10.344594907407407,False,0.38195488721804516
0ade5cc4a305ed7093a23f68ca47519c,PR,2,158.88,42.39,2,2,0,5.0,0.0,0.0,6.875769675925927,False,0.26680513595166166
954e95f20808d7e5d11f0de292d078e0,MG,3,158.78,119.17999999999999,4,3,0,4.666666666666667,0.0,0.0,9.138657407407408,False,0.7505983121299912
c04d70d515d15a7e3db3a73320598566,RJ,3,158.2,56.62,4,3,0,5.0,0.0,0.0,6.294768518518519,False,0.35790139064475346
f1ce5fdecd64935c28b9ff932751d0dc,SP,2,158.0,22.53,2,2,0,4.5,0.0,0.0,10.23626736111111,False,0.14259493670886075
98dddbc4601dd4443ca174359b237166,PR,2,158.0,53.67,2,2,0,5.0,0.0,0.0,8.23082175925926,False,0.3396835443037975
ce3ad9de960102d0677a81f5d0bb7b2d,RJ,1,158.0,16.21,1,1,0,5.0,0.0,0.0,4.042291666666666,False,0.10259493670886076
dde698c6d0bd24834c586e5111c2bba7,RJ,1,155.9,19.19,1,1,0,5.0,0.0,0.0,7.692013888888889,False,0.1230917254650417
d2df77822373f19934e87694d8640767,PR,2,155.9,40.5,2,2,1,3.0,0.5,0.0,22.154542824074074,False,0.25978191148171903
b9de031b671cd48b28fae9d828cbf2b4,SP,1,155.32,43.37,1,1,0,5.0,0.0,0.0,9.232627314814815,False,0.2792299768220448
3c88ed2e76a2247933a15daa7161eb1c,SP,1,155.0,151.2,1,1,0,5.0,0.0,0.0,19.908125,False,0.9754838709677419
4dab98ca6cd6d3df586203cefd28a042,RS,1,154.9,18.33,1,1,0,5.0,0.0,0.0,28.008784722222224,False,0.11833440929632019
f664f98bfda2eaf266a23ff144e7a872,SP,2,153.99,7.8100000000000005,2,2,1,3.0,0.5,0.0,2.6854803240740743,False,0.05071757906357556
90b36c5aeb728d5504a39f435bef0c5f,SP,4,153.89,94.0,4,4,0,5.0,0.0,0.0,11.74271412037037,False,0.610825914614335
0b09101900100c0e9d312861fad5a1b9,SP,1,153.75,14.61,1,1,0,4.0,0.0,0.0,18.53783564814815,False,0.09502439024390244
6601ee6383e7f452be71929f8de48bbb,SP,2,153.6,28.34,2,2,0,4.0,0.0,0.0,14.825185185185186,False,0.18450520833333334
d26aa40b90272d4843d63be7c1462c8d,SP,2,152.9,24.52,2,2,0,4.5,0.0,0.0,4.590243055555556,False,0.16036625245258337
78813699ffac347fe27dba345a5f1551,RS,1,152.42,48.12,1,1,0,5.0,0.0,0.0,9.042847222222223,False,0.31570660018370295
4ddeb3e828550cddc8d45c8bc36ab2d1,SP,1,152.0,12.45,1,1,0,5.0,0.0,0.0,7.869930555555555,False,0.0819078947368421
56f413900b5166ab4d730e9ac0b12cb0,SP,3,151.79,42.45,3,3,0,4.666666666666667,0.0,0.0,10.19193287037037,False,0.27966269187693527
bd0a1b0aadca9a83d9304f7e8ff5fbd5,SP,4,150.6,54.59,4,4,0,4.5,0.0,0.0,5.896536458333333,False,0.3624833997343958
578fa3a9cb6b6dceab39231ad59cdaca,CE,3,150.0,37.2,3,3,1,3.6666666666666665,0.3333333333333333,0.3333333333333333,22.39690200617284,False,0.24800000000000003
4867209cb29b56b92893d7bde3ce8012,SP,1,150.0,19.15,1,1,0,4.0,0.0,0.0,10.228275462962962,False,0.12766666666666665
2d34636518ba88f5349b732fcf8ba2e4,SP,1,150.0,18.63,1,1,0,5.0,0.0,0.0,10.83261574074074,False,0.12419999999999999
c398bc00a606d33758afd91f4e64fd15,RJ,2,150.0,15.5,2,2,0,4.5,0.0,0.0,3.7029050925925926,False,0.10333333333333333
3dc69bf2c42f0568a5c4791ec3fd3745,SP,1,150.0,17.62,1,1,0,3.0,0.0,0.0,26.271979166666668,False,0.11746666666666668
1e47d8b6546eb3a77b1acddcc9406242,SP,1,149.9,16.81,1,1,1,1.0,1.0,0.0,35.493993055555556,False,0.11214142761841227
49f8d2ea7b718d0ce587d34207caf2b4,SP,1,149.9,15.36,1,1,0,5.0,0.0,0.0,6.839895833333333,False,0.10246831220813875
f266295f49a28eee21f413e0cbb0521d,PR,2,149.8,28.14,2,2,0,4.5,0.0,0.0,12.08870949074074,False,0.1878504672897196
6ba4733aa33f6386e9fb0c0fd3993b38,RS,3,149.79,60.09,3,3,0,4.666666666666667,0.0,0.0,12.429888117283951,False,0.40116162627678753
3d700782d7818f2c1e0d7a9e9d75fc00,SP,3,149.7,85.41,3,3,1,3.6666666666666665,0.3333333333333333,0.3333333333333333,25.728460648148147,False,0.5705410821643286
63272377184e969942f7fff221be858d,SP,2,149.7,66.53,2,2,0,5.0,0.0,0.0,12.299733796296296,False,0.4444221776887108
e00d85ce20ea50c1224c66ca5050527d,SP,1,149.0,8.3,1,1,0,4.0,0.0,0.0,2.049375,False,0.055704697986577185
d8b8f2cf9ff6ba0389072541cb42498c,GO,1,149.0,20.01,1,1,0,5.0,0.0,0.0,12.159155092592593,False,0.13429530201342282
f35becee938e982bd615edf8ef12bcfb,SP,6,148.59,78.22,6,6,1,4.0,0.16666666666666666,0.0,7.9204591049382715,False,0.5264149673598493
8fbe2ee446b97e128471be4ce983dc0d,SP,3,148.5,40.0,3,3,2,3.0,0.6666666666666666,0.3333333333333333,8.099621913580247,False,0.26936026936026936
ca7c6bd577e559472af1c699de9e764e,SP,6,148.0,70.82,8,6,1,4.333333333333333,0.16666666666666666,0.0,4.6808198302469135,False,0.47851351351351346
7d7866a99a8656a42c7ff6352a433410,SP,5,147.89,59.49,5,5,0,4.4,0.0,0.0,4.886585648148148,False,0.4022584353235513
2a7c6c0b0d5efde2bf75ec1e1cec2d41,PR,3,147.6,44.44,3,3,1,3.3333333333333335,0.3333333333333333,0.0,10.607287808641976,False,0.3010840108401084
6ee85be3693ed79a8e80718743d80655,SP,5,147.5,88.97,5,5,2,3.2,0.4,0.4,29.121037037037034,False,0.6031864406779661
9523fb39dd240aa958e040f8183d64f3,SP,1,146.99,21.3,1,1,1,1.0,1.0,0.0,21.88304398148148,False,0.14490781685828968
0b3f27369a4d8df98f7eb91077e438ac,SP,2,146.51,24.88,2,2,0,4.0,0.0,0.0,7.161655092592593,False,0.1698177598798717
4bcec44888b30ba9001234c534716d3f,SP,5,146.0,63.23,5,5,0,4.6,0.0,0.0,9.158854166666666,False,0.4330821917808219
398cb257329ef7af7f1943a8974a3cbc,BA,1,145.9,15.47,1,1,0,5.0,0.0,0.0,7.091377314814815,False,0.10603152844413982
8e34331b7eedd03be4e5d965c1956225,SP,5,145.0,65.44,5,5,0,4.8,0.0,0.2,13.948203703703703,False,0.4513103448275862
f3041c2e75ec683697a6a5ea82192210,MG,1,145.0,24.0,1,1,0,5.0,0.0,0.0,4.528425925925926,False,0.16551724137931034
0daf5180aa44356f60f8effa533b55a2,GO,2,144.8,38.83,2,2,0,5.0,0.0,0.5,8.025891203703704,False,0.26816298342541434
553a440137d6e0cf776aee0bb83ac9f5,SP,2,144.8,30.34,2,2,2,1.0,1.0,0.5,23.00158564814815,False,0.20953038674033148
4a82c4af97ffc0fb2dc26bfdc03b1842,MG,3,143.7,67.2,3,3,0,5.0,0.0,0.0,12.739297839506174,False,0.4676409185803758
c8143b3069f6746a77421b5ce30a450c,GO,1,142.47,43.41,1,1,0,5.0,0.0,0.0,24.404675925925925,False,0.30469572541587703
2f9b7ce230a057a98a9f5df5893ee36c,SP,2,141.82,30.03,2,2,0,4.5,0.0,0.0,10.458252314814814,False,0.21174728529121423
d3891911c2feae53c52fea2bd14054e5,SP,2,141.0,25.990000000000002,2,2,0,5.0,0.0,0.0,4.062760416666666,False,0.1843262411347518
0e72c1a751b496722a6cb1f10653b62a,SP,3,140.8,51.300000000000004,3,3,0,4.666666666666667,0.0,0.0,6.891940586419753,False,0.3643465909090909
50a7e551a7b3f8d37cd6e32d8bfbe5ea,SP,1,140.0,27.96,1,1,0,5.0,0.0,0.0,12.586157407407407,False,0.19971428571428573
52a50b42accf164f9f019941e5759d9b,SP,4,139.96,57.059999999999995,4,4,0,4.75,0.0,0.25,5.381053240740741,False,0.4076879108316661
d8bf0fc082fd4a77fc2e5679b6c00133,SP,1,139.9,9.14,1,1,0,5.0,0.0,0.0,7.092939814814815,False,0.0653323802716226
fa8d335d68129e464e60c1826a683e96,RS,1,139.9,139.9,1,1,0,4.0,0.0,0.0,22.21934027777778,False,1.0
19d62d484cba71963c93f0f00ab42013,SC,1,139.9,22.69,1,1,0,4.0,0.0,0.0,13.946666666666667,False,0.16218727662616156
e8ff5a6ceb895583033fc2a0f314e3c2,SC,1,139.89,19.08,1,1,0,5.0,0.0,0.0,3.1886111111111113,False,0.13639288012009437
1b0b0f4f95e962d6f32fe90c759d0479,SP,2,139.8,23.37,2,2,0,5.0,0.0,0.0,9.46238425925926,False,0.1671673819742489
a154d7316f158bb42e6fa18bbe3afd3a,SP,2,139.8,50.33,2,2,1,3.0,0.5,0.5,47.48453125,False,0.36001430615164515
59bbc819b99a733f02f0d6b49d1c253d,SP,2,139.8,22.950000000000003,2,2,0,5.0,0.0,0.0,5.458657407407408,False,0.16416309012875538
6a53b90c3ad9e0b56d9fe5c69165fff5,PR,2,139.78,55.0,4,2,0,3.5,0.0,0.0,11.870266203703704,False,0.39347546143940476
657969cca82e884d272385ec0ef06edd,RS,3,139.70000000000002,51.86,3,3,0,4.666666666666667,0.0,0.0,8.105501543209877,False,0.3712240515390121
63b9ae557efed31d1f7687917d248a8d,SP,5,139.5,102.81,7,5,1,4.2,0.2,0.0,18.660875,False,0.736989247311828
26e2e5033827d2ba53929f43e03d8ffe,SP,1,139.49,15.29,1,1,0,5.0,0.0,0.0,5.269074074074074,False,0.10961359237221305
4a5b36211b1f51bf7eaa5c10a57fa483,RJ,1,139.19,16.07,1,1,0,5.0,0.0,0.0,4.035162037037037,False,0.11545369638623465
f114dca2828bf718548db175ebe2cfcd,PR,1,139.0,13.99,1,1,1,1.0,1.0,0.0,10.483483796296296,False,0.10064748201438849
c747d5b92c7648417faea95d36d763e8,CE,1,139.0,85.75,1,1,0,5.0,0.0,0.0,12.949432870370371,False,0.6169064748201439
57a834594e1e9e9219603bfec184eadc,RS,1,139.0,27.05,1,1,0,5.0,0.0,0.0,6.109594907407407,False,0.1946043165467626
5a9b3bcab695173c820e53934574ae80,SP,1,139.0,64.77,1,1,0,5.0,0.0,0.0,7.143958333333333,False,0.4659712230215827
712efd3b68f9686dc856b84abd0f21ae,PR,1,139.0,17.16,1,1,0,4.0,0.0,0.0,7.23662037037037,False,0.12345323741007194
f049a72cf58fd31b11f8919cade515e7,SP,3,138.75,32.24,4,3,1,3.3333333333333335,0.3333333333333333,0.0,4.592179783950617,False,0.23236036036036037
96f7c797de9ca20efbe14545bed63eec,SP,1,138.60000000000002,38.37,3,1,1,1.0,1.0,0.0,1.946226851851852,False,0.2768398268398268
717b78b0950b51ed00b1471d858b0edc,SP,5,138.6,81.15,5,5,1,4.0,0.2,0.2,21.32962037037037,False,0.5854978354978355
044668ccd5316b12a7cf0d54a156e3e9,SP,3,137.8,53.55,4,3,0,5.0,0.0,0.0,7.8470100308641975,False,0.3886066763425253
0b64bcdb0784abc139af04077d49a20e,RS,4,137.6,68.21000000000001,4,4,0,4.75,0.0,0.0,8.495092592592592,False,0.4957122093023257
ea846a0e7ad98a741783e886d89dfa44,SP,2,137.0,55.26,3,2,0,5.0,0.0,0.0,10.279629629629628,False,0.4033576642335766
b7ba853e9551f4558440881fd3e5c815,RS,1,136.9,25.7,1,1,1,1.0,1.0,0.0,34.95599537037037,False,0.18772826880934987
db6a4d4b5f1f5f98820ce6ce2619e2de,SP,1,135.99,12.16,1,1,0,5.0,0.0,0.0,3.113460648148148,False,0.08941833958379292
377bc18334c78dd2f1535ef22a3ad225,PR,1,135.98,88.46,1,1,0,5.0,0.0,0.0,9.886643518518518,False,0.6505368436534784
dd39ad39b5d3df33037e141c72497ba6,SP,2,135.8,29.049999999999997,2,2,0,5.0,0.0,0.0,8.673096064814814,False,0.21391752577319584
e3e290b38963293022cdcd6db8328103,SP,3,135.7,46.34,3,3,1,3.3333333333333335,0.3333333333333333,0.0,9.766523919753086,False,0.34148857774502583
7c4adcc13272c0e26fa23aac642adb7b,RJ,2,135.0,30.630000000000003,2,2,1,3.0,0.5,0.5,17.025104166666665,False,0.22688888888888892
59de1d4c8c057c2a53acd4ca66531af2,PR,1,135.0,21.75,1,1,0,5.0,0.0,0.0,18.68167824074074,False,0.16111111111111112
83c8aafbefb034674a70de0eac5b8954,PR,2,134.9,50.97,2,2,0,5.0,0.0,0.0,5.073425925925926,False,0.3778354336545589
92c8bc6e8f925792247656fed09aad65,SP,2,134.8,26.44,2,2,1,3.0,0.5,0.5,13.436047453703704,False,0.19614243323442135
5def4c3732941a971cba8fdee992ede1,SP,5,134.8,66.24,6,5,0,4.6,0.0,0.0,4.562969907407408,False,0.49139465875370913
c5e60e39c0f42b8e827daa13cff74afa,SP,6,134.0,89.1,8,6,0,4.5,0.0,0.16666666666666666,3.7670466820987656,False,0.6649253731343283
8e4f041ff58e7845456d3482524014b3,RS,2,133.8,48.59,2,2,1,3.0,0.5,0.5,24.080474537037034,False,0.3631539611360239
062c325cd6a2b87845fab56b4ec2eeae,SP,2,133.22,23.86,2,2,0,5.0,0.0,0.0,5.495763888888889,False,0.17910223690136615
c87abc38c8ed3240861729e1aeadf221,SP,1,133.0,15.68,1,1,1,1.0,1.0,0.0,10.748113425925926,False,0.11789473684210526
7adbd3210a7b3cc2235e225eef33574d,SP,3,131.9,72.96,3,3,0,4.666666666666667,0.0,0.0,10.077029320987654,False,0.5531463229719483
fedf2c1386e137f296b3bbf3b635e69d,SP,2,131.74,79.16,5,2,1,3.5,0.5,0.0,10.332349537037038,False,0.6008805222407773
a218df5c097b0ca409cfaac1488cc7f6,SP,4,130.69,110.00999999999999,4,4,1,2.75,0.25,0.0,11.561912615740741,False,0.8417629504935342
939f6e231201f26803cb5c3a3d2940b3,SP,3,130.6,95.02000000000001,4,3,0,4.666666666666667,0.0,0.0,10.861435185185185,False,0.7275650842266463
2f3d8b4c9e2ee165075331fea3f3095a,SC,1,130.0,17.35,1,1,0,5.0,0.0,0.0,12.331180555555555,False,0.13346153846153846
9fe7c6641c79970ab48185498f547c09,SP,1,130.0,34.71,1,1,0,5.0,0.0,0.0,17.920046296296295,False,0.267
dc120d932ddf9d4dfb6fd68beefda622,PR,1,130.0,14.44,1,1,1,1.0,1.0,0.0,14.64236111111111,False,0.11107692307692307
0f80a40c312b2472dca482cf50f5186f,SP,1,129.9,20.1,1,1,0,3.0,0.0,0.0,5.3246064814814815,False,0.15473441108545036
b6f52e346160519c24a23af05410ad32,SP,1,129.9,13.35,1,1,0,4.0,0.0,0.0,12.60994212962963,False,0.10277136258660508
e5def42655b7490edac5a56fe8e9e603,SP,1,129.9,11.52,1,1,0,5.0,0.0,0.0,5.83462962962963,False,0.08868360277136259
44ed138eca6214d572ce1d813fb0049b,RS,2,129.79,56.01,3,2,0,4.5,0.0,0.0,8.518258101851853,False,0.43154326219277295
45c20d94d9171b0bcfab3c955e47d67b,SP,4,129.45999999999998,81.11,4,4,0,4.5,0.0,0.0,14.431024305555557,False,0.6265255677429322
e4fc40017a6d22c46a14ac2e17f87c3e,PR,1,129.0,41.29,1,1,0,5.0,0.0,0.0,10.291921296296296,False,0.32007751937984497
ef728fa1f17436c91ed1ccd03dcf9631,SP,3,128.7,58.12,4,3,0,4.333333333333333,0.0,0.0,4.7905594135802465,False,0.4515928515928516
538caafddff204241cecbf3a02e6b3cf,SP,8,128.4,90.41,8,8,4,2.75,0.5,0.5,17.311448206018518,False,0.7041277258566978
5bc237df65098fe211bb4818f4d26d78,MG,2,126.80000000000001,57.09,2,2,0,4.5,0.0,0.0,12.479837962962963,False,0.4502365930599369
7c9130f5f3729edd32aa059141d92484,SP,3,126.0,67.15,4,3,1,3.3333333333333335,0.3333333333333333,0.0,7.452966820987655,False,0.5329365079365079
934ed5cd1b9c1c7382d0a94a94b9e639,PR,1,125.85,26.62,1,1,0,5.0,0.0,0.0,13.127384259259259,False,0.2115216527612237
788f22bafdd7ab0e1e79f19db72f16a4,SP,2,125.80000000000001,26.240000000000002,2,2,0,4.5,0.0,0.0,3.541741898148148,False,0.20858505564387916
570d4583587a5fe2d47c7be89b91ad27,SP,2,125.25,23.67,2,2,0,5.0,0.0,0.0,5.748657407407407,False,0.18898203592814372
c092292535a57dacd95a8765f5518f87,RJ,1,125.0,18.98,1,1,0,5.0,0.0,0.0,8.097824074074074,False,0.15184
57df9869a600bd6b7c405f2a862eccfb,MG,5,125.0,72.21000000000001,5,5,0,4.4,0.0,0.0,7.28955324074074,False,0.5776800000000001
ff82e8873fba613f2261a9acc896fd84,MG,4,124.6,58.93,4,4,1,3.5,0.25,0.0,9.54111400462963,False,0.4729534510433387
693660429f9dc4ff704eb3d88dad54d7,SP,2,124.0,24.119999999999997,2,2,0,4.0,0.0,0.0,3.5799305555555554,False,0.19451612903225804
08061dc0fc165ed41288cc7acde738ee,SP,4,123.80000000000001,58.42,4,4,0,4.5,0.0,0.25,20.068133680555555,False,0.47189014539579965
902c99f1ac505c0d18778b61bcd636f7,SP,3,123.47,81.82,3,3,0,5.0,0.0,0.0,4.851431327160494,False,0.6626710941929214
8d92f3ea807b89465643c219455e7369,SP,3,121.2,131.57,8,3,3,1.0,1.0,0.6666666666666666,45.54934027777778,False,1.0855610561056104
89757206b887aed36f3e18d858460fea,SP,2,120.5,55.64,2,2,0,5.0,0.0,0.0,9.605752314814815,False,0.4617427385892116
876182d1918783bbe15233febfbd4926,SP,3,120.27,34.730000000000004,3,3,0,4.0,0.0,0.0,9.279259259259259,False,0.2887669410493058
698f5fa55a5f73d0740e9d9a773e8093,RJ,4,120.0,83.99,6,4,0,4.75,0.0,0.0,6.034730902777778,False,0.6999166666666666
a353b1083c9863d756d9404695016d64,ES,1,120.0,17.09,1,1,0,5.0,0.0,0.0,20.71329861111111,False,0.14241666666666666
bdf0d02d36a1d839d0c39c4a887cdd49,SP,5,120.0,95.94999999999999,7,5,0,5.0,0.0,0.0,8.347087962962963,False,0.7995833333333332
bba8d0c234a52b87b3957037a215d1a4,GO,1,120.0,19.53,1,1,0,5.0,0.0,0.0,23.839618055555555,False,0.16275
7994081388d55b9cf976c050653dd359,SP,1,120.0,14.6,1,1,0,5.0,0.0,0.0,12.970185185185185,False,0.12166666666666666
1927cdb9fa74f5270097f6250e8e8f34,SP,1,120.0,58.92,1,1,0,5.0,0.0,0.0,8.128900462962964,False,0.491
003554e2dce176b5555353e4f3555ac8,GO,1,120.0,19.38,1,1,0,5.0,0.0,0.0,4.646805555555556,False,0.1615
35281d148dcf7134bae913c57db4e6da,SP,1,119.99,17.03,1,1,0,5.0,0.0,0.0,5.274907407407407,False,0.1419284940411701
3903c788ded8dc03b5ebab37a2f3e9a1,SP,5,119.97999999999999,51.269999999999996,5,5,0,4.0,0.0,0.2,10.304136574074075,False,0.4273212202033672
d1aa1ec0839dcab73a6161130eb1f94a,PR,1,119.9,16.14,1,1,0,4.0,0.0,1.0,35.02212962962963,False,0.13461217681401166
674207551483fec113276b67b0d871ff,SP,1,119.9,13.94,1,1,0,5.0,0.0,0.0,1.869537037037037,False,0.11626355296080065
07a9bc7f61396b658ddf3ac534efe44c,SP,1,119.9,15.59,1,1,0,3.5,0.0,0.0,5.995138888888889,False,0.1300250208507089
a150c540f572d0fb53992264bc5c10b5,SP,1,119.9,15.59,1,1,0,4.0,0.0,0.0,10.858275462962963,False,0.1300250208507089
e9b6c33b71b67737693b4cfa68341c8d,SP,1,119.9,21.49,1,1,0,4.0,0.0,0.0,11.771851851851851,False,0.17923269391159297
7c4402417d51474d4d0cda9557340e40,SP,1,119.9,27.69,1,1,0,5.0,0.0,0.0,7.122175925925926,False,0.23094245204336947
be1e9e378700cecaa4ebf71433d7915c,SP,2,119.89000000000001,37.62,2,2,1,3.0,0.5,1.0,48.17583912037037,False,0.3137876386687797
bf0045791395e66460eb04749c68672a,SP,2,119.8,35.45,2,2,0,4.0,0.0,0.0,14.245839120370372,False,0.2959098497495827
910a922b426b7ff95eaee129ad6c0e1f,SP,2,119.8,31.16,2,2,0,5.0,0.0,0.0,14.63134837962963,False,0.2601001669449082
8eb88b0acb3f90a717ad659221471fa7,SC,2,119.8,40.87,2,2,0,4.5,0.0,0.0,12.252141203703705,False,0.34115191986644405
26e13b6ff5b641b329e5524241ee2c93,SP,4,119.69999999999999,69.97999999999999,4,4,1,4.0,0.25,0.0,6.638492476851852,False,0.5846282372598162
a9b533a26e898b12e8b8d4c07279bf4d,RJ,4,119.6,71.46,4,4,0,5.0,0.0,0.0,15.162638888888889,False,0.5974916387959865
22c32ec35d0116ef02c281798a25bf8b,PR,4,119.58,90.43,6,4,0,3.75,0.0,0.0,11.45622974537037,False,0.7562301388192006
36f98ad67cc981f50ce8aed093d5783c,PR,2,119.4,39.22,2,2,0,4.0,0.0,0.0,6.10787037037037,False,0.3284757118927973
fc38b5dceee1a730fad8853453437fbd,SP,5,119.2,58.81,5,5,0,4.6,0.0,0.0,7.9680231481481485,False,0.49337248322147653
fc908879b9ca1bd65419e54e50432d38,SP,4,119.19999999999999,52.68,4,4,0,5.0,0.0,0.0,8.675014467592591,False,0.44194630872483226
e82de6494d91d3c4c54450f59b227a94,SP,3,118.9,38.8,3,2,0,5.0,0.0,0.3333333333333333,18.68153549382716,False,0.32632464255677035
fd312b6bf05efac6c3772d5b52205d8a,SP,2,118.69999999999999,45.620000000000005,4,2,0,5.0,0.0,0.0,6.378287037037037,False,0.3843302443133952
e9c2dc0dd4ac38448289be644ac94f42,SC,3,118.39,56.22,3,3,0,5.0,0.0,0.0,5.392226080246914,False,0.47487118844497
4c60877808f4318ef1107fbeb8f89afa,SP,2,118.0,32.63,2,2,0,4.0,0.0,0.0,15.193721064814815,False,0.27652542372881356
aa1eb17b9fdf6dfd546e25c45c7b9235,SP,3,117.99,36.269999999999996,4,3,0,4.666666666666667,0.0,0.0,7.751797839506172,False,0.3073989321128909
fc5a0d7a310a7a41abf86a458585ff2b,SP,1,117.9,19.07,1,1,0,4.0,0.0,0.0,13.929652777777777,False,0.16174724342663274
b416191c9813d821a295cfabafff4161,SP,2,117.8,32.34,2,2,1,2.5,0.5,0.0,19.298738425925926,False,0.2745331069609508
40ec8ab6cdafbcc4f544da38c67da39a,PR,2,117.8,39.2,2,2,0,5.0,0.0,0.0,6.5789583333333335,False,0.33276740237691005
13dd308f81fea30cc670c656b2b46cc3,SP,3,117.69999999999999,33.440000000000005,3,3,0,5.0,0.0,0.3333333333333333,3.6380208333333335,False,0.28411214953271036
9bade61a92bed55a25d2b67b9f4ed739,PR,2,117.68,57.12,3,2,1,3.0,0.5,0.0,9.656429398148148,False,0.4853840924541128
bca9230d3bbb4efa51872bf605a2f1ad,SP,5,117.57,50.63,5,5,1,4.0,0.2,0.2,7.055643518518518,False,0.4306370672790678
9bf11dfc0bec77e5a23028043c3c5a8f,MG,1,115.0,17.06,1,1,1,1.0,1.0,1.0,31.544166666666666,False,0.1483478260869565
781a66c0d89e30814d49fe8b5e14cd07,SP,1,115.0,21.3,1,1,1,1.0,1.0,1.0,33.1228587962963,False,0.18521739130434783
93bef6edaa84956e8e575016449b6351,SP,1,115.0,14.56,1,1,0,5.0,0.0,0.0,9.925324074074075,False,0.12660869565217392
8c351ed7c326c62123318f4f3246e906,SP,2,114.9,35.76,2,2,0,5.0,0.0,0.0,10.105011574074075,False,0.31122715404699736
039b29ff3b3473435d0cd59040575de9,SP,9,114.9,100.65,9,9,0,4.444444444444445,0.0,0.0,9.107943672839506,False,0.8759791122715405
296729ffb9b684050dd24836dac4494a,SP,2,114.0,35.61,2,2,0,5.0,0.0,0.0,7.2698784722222225,False,0.3123684210526316
cd52a8efd71af3336b14b5039b951cc1,SP,2,111.8,34.3,2,2,0,3.0,0.0,0.0,11.198726851851852,False,0.30679785330948117
4c4d546adf3c3868fe19c9ec6e9ffda9,PR,2,111.69999999999999,45.39,3,2,0,4.0,0.0,0.0,6.870364583333333,False,0.4063563115487914
818d28f936e791926d33bcb6ee94ef79,SP,4,111.6,62.68,4,3,0,4.0,0.0,0.0,12.943929398148148,False,0.5616487455197133
28d162ab86bb49d719c32f0ee6186eaa,SP,1,109.99,17.21,1,1,0,4.0,0.0,0.0,16.388842592592592,False,0.15646876988817165
4be9ae93c4fc0f41713d71a4194ee1b3,MG,1,109.9,27.07,1,1,0,5.0,0.0,0.0,11.089050925925926,False,0.2463148316651501
e732329483fd5f27367dd997b47f598a,SC,1,109.9,34.57,1,1,0,5.0,0.0,0.0,12.152314814814815,False,0.3145586897179254
2c9005d8043aff18b8557ffb7b13cda4,ES,1,109.9,19.74,1,1,0,5.0,0.0,0.0,7.852303240740741,False,0.17961783439490445
db7ed69a53aa9fb1c01930ba54a88bbe,SP,1,109.0,11.78,1,1,0,5.0,0.0,0.0,3.9548032407407407,False,0.10807339449541284
7bb8fac2913a6064ec412e583c6d8b4d,SP,1,109.0,16.52,1,1,0,5.0,0.0,0.0,4.895717592592592,False,0.15155963302752293
4cc43a222a0f94910728b62b97a8c5f8,SP,1,108.5,12.26,1,1,0,3.0,0.0,0.0,14.14508101851852,False,0.11299539170506913
bb3dca718920a4d7ec3cc9ffb025108b,SP,2,108.0,93.7,3,2,1,3.0,0.5,0.0,11.942725694444444,False,0.8675925925925926
e88165a185134e13fdfc85d4fa654db8,SP,2,108.0,41.22,2,2,1,3.0,0.5,0.5,9.153582175925926,False,0.38166666666666665
941554c5757b73ba0e50aa7732310afc,SP,3,107.69,58.66,4,3,0,4.666666666666667,0.0,0.0,8.114648919753087,False,0.5447116723929798
c26ba52cf8d2f34915f2f6b7ffa0a3f3,RJ,3,107.47,38.75,3,3,0,5.0,0.0,0.0,7.716890432098765,False,0.36056573927607705
44717f64ec2a457979cf83c429077666,RS,2,107.0,63.91,3,2,0,5.0,0.0,0.0,5.8075115740740735,False,0.5972897196261682
077c5fae4bea9500e3737b16f71b9d3a,SP,4,106.80000000000001,70.44,6,4,0,4.5,0.0,0.0,8.317737268518519,False,0.6595505617977527
a69aa24cec11168e7e39a3fbc727e925,SP,3,105.97,34.32,3,3,0,5.0,0.0,0.0,8.651388888888889,False,0.3238652448806266
271b8923c6a549e02d3c9fd1f8c0422b,SP,1,105.19,13.4,1,1,0,4.0,0.0,1.0,14.175335648148149,False,0.12738853503184713
3d2400ac620cffa23ac81bd192f7f555,SP,1,105.0,8.9,1,1,0,5.0,0.0,0.0,7.352754629629629,False,0.08476190476190476
3bb32fedaa74e4ad20f4ce067733bd31,SC,2,103.69999999999999,58.86,3,2,0,4.5,0.0,0.0,7.152453703703704,False,0.5675988428158149
62de60d81c55c29d76a6bce418b31cef,SP,1,103.0,23.87,1,1,0,4.0,0.0,0.0,16.171631944444446,False,0.231747572815534
461ff5303b6c9c1a4a07f40c5aece516,PR,3,102.69999999999999,58.73,3,3,1,3.6666666666666665,0.3333333333333333,0.0,6.6001157407407405,False,0.5718597857838364
ab91571efab27993ff2f6b36e38055c3,SP,3,102.24,56.69,4,3,0,4.666666666666667,0.0,0.3333333333333333,12.996577932098766,False,0.55447965571205
160851d3ece7aa1a510f8d1a4bb8a8af,SP,2,102.05,39.099999999999994,2,2,0,5.0,0.0,0.0,5.577158564814814,False,0.38314551690347864
be67f78487e2cecb0d55bc769709e4f5,MG,1,102.0,23.64,1,1,0,5.0,0.0,0.0,10.03462962962963,False,0.23176470588235296
96e5dc09087bad639b4ee193104ec2e5,RJ,2,101.9,52.54,2,2,0,4.5,0.0,0.0,7.808726851851851,False,0.515603532875368
4fae87d32467e18eb46e4a76a0a0b9ce,RS,1,100.9,19.9,1,1,0,5.0,0.0,0.0,6.806759259259259,False,0.19722497522299304
a4fc6eadaff1576af888509a53420f6a,SP,1,100.86,20.76,1,1,0,3.0,0.0,0.0,28.985127314814815,False,0.20582986317668056
011b0eaba87386a2ae96a7d32bb531d1,SP,1,99.98,29.18,2,1,0,4.0,0.0,0.0,25.1803125,False,0.29185837167433487
80cfd480be3eb6d6267139f5cb793555,SP,1,99.9,26.44,1,1,0,4.0,0.0,0.0,14.254143518518518,False,0.26466466466466465
79b93a308a97792cf53ac75f46da00b5,RJ,1,99.9,16.14,1,1,0,5.0,0.0,0.0,22.515162037037037,False,0.16156156156156157
2d20f1cd18725c91147da0791d498022,PR,1,99.8,19.89,1,1,0,5.0,0.0,0.0,9.953344907407407,False,0.19929859719438878
247587846358bb1d2e4c6522020b36fe,SP,1,99.0,22.51,1,1,0,5.0,0.0,0.0,4.81011574074074,False,0.2273737373737374
aa8af66c623d7d544dfe4bb85b5ebe3b,MG,1,99.0,15.57,1,1,0,5.0,0.0,0.0,8.003946759259259,False,0.1572727272727273
a7c53f6b3b61adbdaa99dda97e8cbd56,SP,1,99.0,11.3,1,1,0,4.0,0.0,0.0,6.837638888888889,False,0.11414141414141415
26562f211dd1364af2a8596dc945e8ae,SP,2,99.0,16.11,2,2,0,5.0,0.0,0.0,2.2555555555555555,False,0.16272727272727272
1fbe10c70e30765ed1de86d9f7e98409,SP,2,98.75,59.36,6,2,1,2.5,0.5,0.0,13.666018518518518,False,0.6011139240506329
eaaa46e98c9e61f6764dd1d7a2ab8b3e,RN,1,98.0,27.64,1,1,0,5.0,0.0,0.0,11.097199074074075,False,0.2820408163265306
4e42581f08e8cfc7c090f930bac4552a,SP,1,98.0,53.8,2,1,1,1.0,1.0,1.0,47.10233796296296,False,0.5489795918367346
00ab3eff1b5192e5f1a63bcecfee11c8,SP,1,98.0,12.08,1,1,0,5.0,0.0,0.0,9.052488425925926,False,0.12326530612244899
5f57db27027655e6c6a391601daa0258,ES,1,98.0,53.04,1,1,0,5.0,0.0,0.0,14.373472222222222,False,0.5412244897959183
1c742ac33582852aaf3bcfbf5893abcf,MG,1,97.9,15.79,1,1,0,5.0,0.0,0.0,6.017256944444444,False,0.16128702757916238
74c7dec0a384d8a05950e629bd23bde9,SP,4,97.78,52.01,4,4,1,4.25,0.25,0.0,11.539169560185185,False,0.5319083657189609
c7bb64409aa480bb7d0335faaaf3d242,SC,4,97.6,67.56,4,4,2,2.25,0.5,0.0,5.879091435185185,False,0.6922131147540984
70126eecc6aa1274392a1743866e9678,SP,3,97.39999999999999,47.34,3,3,0,5.0,0.0,0.0,5.5894405864197525,False,0.4860369609856264
782f78b632a43875dd5b53e3e49c9564,SP,1,97.34,32.22,2,1,0,5.0,0.0,0.0,9.88162037037037,False,0.3310047257037189
270572bb714b00531be85e16e1550f26,SP,1,96.99,14.77,1,1,0,5.0,0.0,0.0,11.073055555555555,False,0.1522837405918136
034b9387752bfa309f350a70cd45ffa3,SC,8,96.0,144.26,8,8,0,4.5,0.0,0.0,8.508582175925927,False,1.5027083333333333
f43827dd686be3a4a80e00aa299990fb,SP,1,95.54,30.2,2,1,1,2.0,1.0,0.0,21.39116898148148,False,0.31609796943688506
74a9b9bddf14ece02beb81f52c41a88d,SP,2,95.0,22.06,2,2,1,3.5,0.5,0.0,12.172760416666668,False,0.23221052631578945
623ad9d0c1e14bb5464a8c72bff7b4af,MG,1,95.0,38.96,1,1,0,4.0,0.0,0.0,24.09232638888889,False,0.41010526315789475
22a23e5ac7061fc538cc2a019afaaf16,MG,1,95.0,14.42,1,1,0,3.0,0.0,0.0,11.029351851851851,False,0.15178947368421053
253c025bab43881055aeecde5e2d8b77,PR,2,94.82,29.509999999999998,2,2,0,4.5,0.0,0.5,16.56265625,False,0.3112212613372706
443d880f15cbd3572885e1d44bf2c478,SP,1,94.8,30.2,2,1,1,2.0,1.0,0.0,12.403761574074075,False,0.31856540084388185
43b2c864251aa0ce4030c746984e088a,DF,2,94.8,34.52,2,2,1,3.0,0.5,0.0,5.6157812499999995,False,0.3641350210970465
7a704e63bb29c446869efde5d57524c8,PR,1,94.49,15.41,1,1,0,5.0,0.0,0.0,7.512939814814815,False,0.1630860408508837
6235903333ba7de1928c869e268e5964,SC,1,94.06,41.42,1,1,0,5.0,0.0,0.0,4.974247685185185,False,0.44035721879651285
2aafae69bf4c41fbd94053d9413e87ee,RS,2,94.0,29.869999999999997,2,2,0,4.5,0.0,0.0,8.844872685185186,False,0.31776595744680847
376d67b61dce0c990155286e7ae486a4,SP,1,94.0,17.91,1,1,0,4.0,0.0,0.0,14.346273148148148,False,0.190531914893617
5305693ffae2d3463377b1f6fe67b15a,SP,1,93.56,12.99,1,1,0,5.0,0.0,0.0,13.373368055555556,False,0.13884138520735356
6b2612338467c08c9b25f0cc55b1578d,PR,1,92.9,20.97,1,1,0,4.0,0.0,0.0,16.55759259259259,False,0.22572658772874055
01266d4c46afa519678d16a8b683d325,PR,3,90.25,47.230000000000004,3,3,0,5.0,0.0,0.0,5.922897376543209,False,0.5233240997229918
f8f35af4634605e6693c17cc3ffff5a8,MG,1,90.0,16.39,1,1,0,5.0,0.0,0.0,10.140243055555555,False,0.1821111111111111
52b53f7061969fe471d119b6195da864,SP,1,90.0,8.37,1,1,0,5.0,0.0,0.0,3.333136574074074,False,0.09299999999999999
1cbcd2ee0afb3fc09963b87eb65e7e4f,PR,1,90.0,40.650000000000006,3,1,0,5.0,0.0,0.0,4.318333333333333,False,0.4516666666666667
6d04126aba80df143fd038e711b8fd96,RJ,1,89.99,18.87,1,1,1,1.0,1.0,1.0,37.079166666666666,False,0.209689965551728
d7d517afce974cd491b8d52bb5b5b1fc,SP,1,89.99,18.73,1,1,0,4.0,0.0,0.0,13.544733796296295,False,0.20813423713745974
8dd386be0767c330276ea6a3f96532d3,SC,1,89.98,44.5,2,1,0,5.0,0.0,0.0,10.293009259259259,False,0.49455434541009113
741f8c587cb4248ebc5b779a0e8e0e51,SP,5,89.95,67.69,5,5,1,4.0,0.2,0.2,13.239328703703702,False,0.7525291828793774
154bdf805377afea75a3bd158e9eab10,SP,1,89.9,19.82,1,1,1,1.0,1.0,1.0,24.920844907407407,False,0.22046718576195773
2bdb95a56a36ebbc6640337ac5eac174,SP,1,89.9,18.0,1,1,0,5.0,0.0,0.0,5.851944444444444,False,0.20022246941045604
4aba6a02a788d3ec81c03137144d9a80,SC,1,89.9,15.38,1,1,0,5.0,0.0,0.0,13.221458333333333,False,0.1710789766407119
a72f15980dc3e9bfd1a49ac9b2f3af65,SP,1,89.9,18.73,1,1,0,4.0,0.0,0.0,5.1416203703703705,False,0.20834260289210232
889009a0ed0bb52c87819941192931b8,SP,1,89.9,33.08,1,1,0,4.0,0.0,0.0,12.207511574074074,False,0.36796440489432697
97e50a621f8e801f4baf69e08687c192,SP,1,89.9,7.88,1,1,0,5.0,0.0,0.0,9.454490740740741,False,0.08765294771968854
b8d890108a7a80e4f5d59eea9f362438,PR,2,89.69999999999999,34.59,3,2,0,3.5,0.0,0.5,13.931145833333334,False,0.3856187290969901
5741dc2bf5044c34d0698681c5081bed,SP,3,89.69999999999999,34.05,3,3,0,5.0,0.0,0.0,7.190243055555555,False,0.3795986622073579
6624bc09786f0e41ae48dfc5eeb1a9e2,MG,1,89.54,17.47,1,1,0,5.0,0.0,0.0,15.795405092592592,False,0.19510833147196782
da2782c804606d2a5d8e1760dbb3e7ec,SP,1,89.0,14.37,1,1,1,1.0,1.0,1.0,32.77846064814815,False,0.16146067415730336
499185655c29ecfdbfe776ef7cf875b5,RS,1,89.0,17.33,1,1,0,4.0,0.0,0.0,11.124560185185185,False,0.19471910112359547
b3809b8d4394588a47c8470ea331e135,SP,1,89.0,7.88,1,1,0,4.0,0.0,0.0,5.049641203703704,False,0.08853932584269662
65c255b299faf2d12050937cc219c46c,SP,2,88.2,21.88,2,2,0,4.5,0.0,0.0,7.089606481481482,False,0.24807256235827663
dd264199fc8b687ad029de7de6d760e6,PR,1,87.9,20.7,1,1,0,5.0,0.0,0.0,18.080567129629628,False,0.23549488054607506
466222e777149751370e7e98fb623b0c,RJ,1,87.9,17.55,1,1,0,5.0,0.0,0.0,6.829317129629629,False,0.19965870307167236
9cea4682e16655f7da87f406902e989e,PR,4,87.75999999999999,131.47,9,4,1,4.0,0.25,0.0,10.071336805555555,False,1.49806289881495
2fa13c8bd5705d279f7ed5cc9ec61c68,SP,2,87.4,61.3,4,2,0,5.0,0.0,0.0,4.554305555555556,False,0.7013729977116704
4fe2f67634d00c021aa01f96b6f2d68e,PR,2,86.8,32.04,2,2,0,5.0,0.0,0.0,10.984953703703702,False,0.36912442396313366
60da8bfa7eebe230b7d66ac4082d79b3,SP,3,86.6,38.67,3,3,0,4.333333333333333,0.0,0.3333333333333333,7.781188271604939,False,0.4465357967667437
b86a47b3366e3b5424a7b225781f4908,MG,1,86.5,19.85,1,1,0,3.0,0.0,0.0,14.259398148148149,False,0.2294797687861272
00d8b143d12632bad99c0ad66ad52825,MG,1,86.0,51.1,1,1,0,5.0,0.0,0.0,7.233344907407408,False,0.5941860465116279
a2b911e9ad40dc7d61c142a4683e2d85,RJ,1,85.9,34.4,1,1,0,5.0,0.0,0.0,12.782881944444444,False,0.4004656577415599
5566627eab3fe93fd6ee08798226101a,PR,5,85.5,102.31,5,5,0,4.4,0.0,0.0,8.814136574074073,False,1.196608187134503
2b5ed0c9139dae8883a200dfcb272ece,SP,4,85.41,59.34,4,4,0,4.25,0.0,0.25,16.871241319444444,False,0.6947664207938181
cb5ff1b9715e99589f3e0c7a6afab9e3,PR,4,85.0,54.03,4,4,0,4.0,0.0,0.0,6.08377025462963,False,0.6356470588235295
b5dd7151a92ccaaa282cbe9681a05f44,SP,1,85.0,18.7,1,1,0,5.0,0.0,0.0,13.437083333333334,False,0.22
0dfbed20065e425d2eaefb101f9816c0,SP,3,84.35,49.25,3,3,2,2.6666666666666665,0.6666666666666666,0.3333333333333333,21.56864197530864,False,0.5838767042086545
324583d68897f5ddbaf38f6248322176,SP,2,84.0,43.989999999999995,3,2,2,1.0,1.0,0.5,21.315943287037037,False,0.5236904761904762
dedcab67899479e4ea5dcc4eba47f587,SC,2,84.0,21.64,2,2,0,4.5,0.0,0.0,5.555057870370371,False,0.25761904761904764
f5b84683a9bf9e1df748cf40f601b39c,SP,1,83.9,9.07,1,1,0,5.0,0.0,0.0,6.706354166666666,False,0.10810488676996424
11d4c477d09821164bca4f70a2eae031,SP,3,83.04,57.81999999999999,4,3,0,5.0,0.0,0.0,6.984386574074073,False,0.6962909441233139
a56a8043ebf66e42119618fb8cf232c6,SC,1,83.0,23.73,1,1,0,5.0,0.0,0.0,10.828888888888889,False,0.28590361445783136
ba8e85df286308fe68a2ce83a8f8b2d6,SC,1,80.9,16.76,1,1,0,5.0,0.0,0.0,9.845416666666667,False,0.20716934487021013
52454f90d4c30c016768db02f88c1a74,SP,3,80.5,67.17,5,3,1,3.6666666666666665,0.3333333333333333,0.0,12.69337577160494,False,0.8344099378881987
1a8e2d9c38b84a9702ac7922924b0573,SC,1,80.0,17.0,1,1,0,5.0,0.0,0.0,15.598125,False,0.2125
c0f3eea2e14555b6faeea3dd58c1b1c3,SP,1,79.99,15.66,1,1,0,5.0,0.0,0.0,5.6671875,False,0.19577447180897614
8b11118053756a9a2932f447e11fc1b5,SP,1,79.99,11.17,1,1,0,3.0,0.0,0.0,11.909560185185185,False,0.13964245530691338
a45765f8afb1e594b22bf9e974b46765,SP,1,79.99,8.93,1,1,0,4.0,0.0,0.0,4.976712962962963,False,0.11163895486935867
e09887ca8c7bf8a4621ce481820414ef,SP,2,79.97,44.599999999999994,3,2,1,3.0,0.5,0.5,57.878368055555555,False,0.5577091409278478
0f519b0d2e5eb2227c93dd25038bfc01,SP,1,79.9,23.0,1,1,0,5.0,0.0,0.0,12.271921296296297,False,0.2878598247809762
cd233f8bfa30ebfd651f47ee7d054951,SP,1,79.9,18.66,1,1,0,5.0,0.0,0.0,9.33625,False,0.23354192740926155
b5b800c4065bebf4d3442311c9857344,SP,1,79.9,8.91,1,1,0,5.0,0.0,0.0,6.455601851851852,False,0.11151439299123904
ca5832c6960267b71041f74bb39e8b12,SC,1,79.9,17.81,1,1,1,1.0,1.0,1.0,45.16071759259259,False,0.2229036295369211
9fbd5666d8618fa571c4230fafa09bd6,SP,1,79.9,16.81,1,1,0,5.0,0.0,0.0,13.122824074074074,False,0.2103879849812265
dcb7367a92f5ffb89f1e2152ed260285,SP,1,79.9,18.44,1,1,0,5.0,0.0,0.0,10.07724537037037,False,0.23078848560700876
a7b7354cc588f7566a848bcbb1ce3d96,SP,2,79.8,25.07,2,2,0,4.0,0.0,0.0,11.876527777777778,False,0.3141604010025063
e5bd51692380fd8cabb19b756b95e714,SP,2,79.8,25.95,2,2,1,3.0,0.5,1.0,33.66361689814815,False,0.325187969924812
aa17b35ce4de7b565be3249ba838944f,SP,2,79.8,34.2,2,2,0,4.5,0.0,0.0,16.367667824074076,False,0.4285714285714286
918f6fbcf3ab724d805867303e593a1b,SP,2,79.69999999999999,32.88,3,2,0,4.0,0.0,0.0,4.872783564814815,False,0.412547051442911
519a7aa428f18d125a283cf8c014fdd6,SC,3,79.69999999999999,73.1,3,3,0,4.0,0.0,0.0,7.4835262345679014,False,0.9171894604767881
c8665a4dd081a2c436b1cd921079d0d9,SP,1,79.39,14.14,1,1,0,5.0,0.0,0.0,4.243194444444445,False,0.1781080740647437
babcc0ab201e4c60188427cae51a5b8b,SP,1,79.0,14.13,1,1,0,5.0,0.0,0.0,8.19707175925926,False,0.1788607594936709
166e8f1381e09651983c38b1f6f91c11,SC,2,78.8,30.2,2,2,0,5.0,0.0,0.0,14.728483796296295,False,0.383248730964467
8132b9bd16876e1b0f8808d43825dd48,SC,1,77.9,21.0,1,1,0,5.0,0.0,0.0,16.81113425925926,False,0.26957637997432604
739c7d7be81f63812dea0d1b1451c651,PB,2,77.5,71.8,2,2,0,4.0,0.0,0.0,17.126261574074075,False,0.9264516129032258
ec2e006556300a79a5a91e4876ab3a56,SP,2,77.4,48.33,6,2,2,1.5,1.0,0.5,13.50111689814815,False,0.6244186046511627
5de1c80811ce7007f62f00d971236c09,SC,2,76.8,30.950000000000003,2,2,0,5.0,0.0,0.0,8.073929398148149,False,0.40299479166666674
3e51f9cbe317bc3a88f2c76583811ee4,SP,1,76.09,8.69,1,1,0,5.0,0.0,0.0,8.87136574074074,False,0.11420686029701668
497709c2976a8fa308730a2dec5b0726,SP,1,76.0,18.04,2,1,0,5.0,0.0,0.0,5.948032407407408,False,0.23736842105263156
43a5d4a57af536fddc96d08be3afdfcb,MG,1,75.0,24.83,1,1,1,1.0,1.0,0.0,11.811469907407407,False,0.3310666666666666
d52cbce9845184537284a23c3bc3da0e,SC,2,75.0,63.78,4,2,0,5.0,0.0,0.0,10.566354166666667,False,0.8504
6dd7dce75cd55c1ce255dc38d9f0cd46,SC,1,75.0,21.33,1,1,0,4.0,0.0,0.0,12.228090277777778,False,0.2844
47f55702f598c7c6cc8458b0fbc1c49a,MG,1,75.0,19.77,1,1,0,5.0,0.0,0.0,17.29196759259259,False,0.2636
ec21206b7894c503788a684a7bc822a6,RJ,1,75.0,17.78,1,1,0,3.0,0.0,0.0,8.111898148148148,False,0.23706666666666668
a1bea9970d8f65b240555f99c2214f7f,PR,1,75.0,27.48,1,1,0,3.0,0.0,0.0,9.306875,False,0.3664
05aebce0b5c8f0d41b29b686f2d05fd3,SP,2,74.99000000000001,45.89,2,2,0,5.0,0.0,0.5,6.0006712962962965,False,0.611948259767969
9c3a1c416c765687bc79a04113269929,MG,1,74.9,58.9,1,1,1,1.0,1.0,0.0,6.0855902777777775,False,0.7863818424566087
6187a137b2af59dfdbad8d9f8c373c14,SP,2,74.8,30.22,2,2,1,3.0,0.5,0.0,13.861290509259259,False,0.40401069518716576
a90a5da8b09e44264a177c0374a5ac87,PR,3,74.69999999999999,72.6,3,3,0,4.333333333333333,0.0,0.0,9.380806327160494,False,0.9718875502008033
d8d9567d0bfb0bc7eb845a205ba42657,SP,4,74.6,59.71,4,4,1,3.5,0.25,0.5,13.52205150462963,False,0.800402144772118
164a5a8794e6d42e14f55e447b12a3bc,PR,1,73.99,62.77,1,1,0,5.0,0.0,0.0,13.407523148148147,False,0.8483578862008381
a7d0f8dd44f57ef6de7f7f02e3d82630,SP,2,73.78999999999999,25.88,2,2,0,4.5,0.0,0.0,6.127939814814814,False,0.3507250304919366
204b4e07bddef3c9b317f70189135b22,MG,1,73.4,14.73,1,1,0,5.0,0.0,0.0,10.187997685185184,False,0.20068119891008174
d4d99b60c4c94cd35acd502cec65dc8d,SP,1,72.9,14.39,1,1,0,3.0,0.0,0.0,19.08181712962963,False,0.19739368998628257
e5c84227854980f1db19a58958c551d9,PR,4,72.81,68.83,4,4,0,4.75,0.0,0.0,10.187983217592592,False,0.9453371789589342
8f0fbe2cd4d472157dc1cdef6edecaa9,SP,2,71.88,22.88,2,2,1,3.0,0.5,0.0,7.662847222222222,False,0.3183082915971063
028872bfa080090a9d0abd4f1af168f8,MG,1,70.5,47.37,3,1,0,5.0,0.0,0.0,16.481273148148148,False,0.6719148936170213
4003520d80d0bad1d5623f7aa3c63cda,RJ,1,70.0,16.74,1,1,1,1.0,1.0,0.0,17.079074074074075,False,0.23914285714285713
bbf4a892cac7b82422baa711dffb8997,PR,1,70.0,35.34,1,1,0,5.0,0.0,0.0,3.0054398148148147,False,0.5048571428571429
e4f121bf6ef8b9a1d4d3e65dd0473fab,SP,2,70.0,36.46,2,2,1,3.0,0.5,0.5,21.336834490740742,False,0.5208571428571429
a89e143d5211473ae18db9577ee34b64,SP,1,70.0,9.94,1,1,0,5.0,0.0,0.0,9.211030092592592,False,0.142
f90f77ef2799a27f80d90c425ca944f7,PR,1,70.0,19.46,1,1,0,5.0,0.0,0.0,7.389560185185185,False,0.278
0a198e95d32b1be2da9424c962a6ebfa,MG,1,69.99,16.68,1,1,0,5.0,0.0,0.0,16.04769675925926,False,0.2383197599657094
fe9d9cf8631285d5982c6e2cf27fb114,MG,1,69.9,23.64,1,1,0,4.0,0.0,0.0,4.90292824074074,False,0.3381974248927038
d9b00a97818674c7f8d8b1ef0e689679,PR,1,69.9,9.18,1,1,0,3.0,0.0,0.0,2.203148148148148,False,0.13133047210300428
d6cd01c59123df02fc226eadbadb5f89,SP,1,69.9,16.25,1,1,0,5.0,0.0,0.0,18.50306712962963,False,0.23247496423462086
d598f929fc44e1e38678e7f47250ec04,GO,1,69.9,37.4,1,1,0,5.0,0.0,0.0,11.235752314814814,False,0.5350500715307581
f3511c85f59f8dec53d140501ee8e7a8,PR,1,69.9,8.11,1,1,0,5.0,0.0,0.0,1.9164930555555555,False,0.11602288984263232
4e92348462c75b6c842b994ce84a0ed4,RS,1,69.9,15.59,1,1,0,5.0,0.0,0.0,9.837280092592593,False,0.22303290414878396
b5d034ac251546e25afe9067f05c1539,SP,1,69.9,15.37,1,1,0,5.0,0.0,0.0,12.577013888888889,False,0.2198855507868383
5587130f9850696ed7fafbc91c2cee44,SP,2,69.8,33.69,2,2,0,5.0,0.0,0.0,6.5392013888888885,False,0.4826647564469914
17998cf586426bf0f2c3726cb0a4b211,MG,2,69.8,45.72,2,2,0,4.0,0.0,0.0,8.385243055555556,False,0.6550143266475644
edb65fe661681b1c0de8bd47c8655855,SP,1,69.0,15.24,1,1,0,3.0,0.0,0.0,14.114236111111111,False,0.22086956521739132
8cb7c5ddf41f4d506eba76e9a4702a25,GO,1,69.0,28.88,1,1,0,5.0,0.0,0.0,16.01363425925926,False,0.41855072463768117
bbd3acfe6de99892e73940d3fdceaf68,SP,2,69.0,24.55,2,2,1,3.0,0.5,0.0,3.2957581018518516,False,0.3557971014492754
723a46b89fd5c3ed78ccdf039e33ac63,RS,1,66.64,23.4,1,1,0,4.0,0.0,0.0,7.9987615740740745,False,0.35114045618247297
a5ff20ff766e7f50bd5066f33da14413,SP,2,66.59,43.58,4,2,1,3.0,0.5,0.0,5.640086805555555,False,0.6544526205135905
c6381b1321d7d97717a5bb4ed5b77882,SP,2,66.0,34.01,3,2,1,3.0,0.5,0.0,4.809027777777778,False,0.5153030303030303
d58d521f3789def2e7a22715e0badd93,SP,2,65.98,18.22,2,2,0,3.5,0.0,0.0,4.854195601851852,False,0.27614428614731734
c32fc744b9160ac853450488e3cfea93,SP,2,65.8,14.049999999999999,2,2,1,3.0,0.5,0.0,15.516493055555555,False,0.2135258358662614
76623fde66e6b63b59440fd34160512d,SP,3,65.4,23.34,3,3,0,4.0,0.0,0.0,3.3888425925925922,False,0.3568807339449541
d4a5e99e0dd915df64ba55a7fbd583fd,SP,2,65.15,84.6,6,2,1,3.0,0.5,0.0,12.585381944444444,False,1.2985418265541058
52831e5990d0771cb4951d6f12928167,SP,1,65.0,13.12,1,1,0,3.0,0.0,0.0,5.106226851851852,False,0.20184615384615384
933446e9a59dece7ae9175103820ca8f,PR,1,64.99,22.38,1,1,0,5.0,0.0,0.0,24.027141203703703,False,0.34436067087244193
447d377bdb757058acb569025ee18a93,RS,1,64.99,18.02,1,1,0,5.0,0.0,0.0,18.0040625,False,0.2772734266810279
c8771b1a10bb99bb34d3c459c5cffb53,SP,1,64.9,31.2,1,1,0,5.0,0.0,0.0,6.815891203703703,False,0.4807395993836671
391bbd13b6452244774beff1824006ed,SP,1,63.9,17.7,1,1,1,1.0,1.0,1.0,44.565300925925925,False,0.27699530516431925
b452cb0ae35044c4a53179c39f49fb06,SP,2,63.699999999999996,38.29,2,2,0,4.0,0.0,0.0,16.722858796296297,False,0.6010989010989011
9e94fa26a70ede4d26226e918e8706a2,SP,1,62.8,9.94,1,1,0,5.0,0.0,0.0,5.644328703703704,False,0.15828025477707006
f0ec78809fe0bc3edb11c9fe5b97b059,SP,2,62.599999999999994,23.659999999999997,2,2,0,4.0,0.0,0.0,9.34699074074074,False,0.3779552715654952
2cb98e27ce1c18abdb42209b34c382a7,SP,1,62.49,57.21,1,1,0,4.0,0.0,0.0,19.064525462962962,False,0.9155064810369659
6a3139c7bf09ece22a4713d956acbe5e,SP,1,61.9,14.74,1,1,0,5.0,0.0,0.0,3.8735185185185186,False,0.2381260096930533
f7c31656c19db6275a8acadca289f426,SP,1,61.56,16.19,1,1,0,3.0,0.0,0.0,13.381388888888889,False,0.2629954515919428
b3e2faf2c1004d674f16a3aa3197f0e1,SP,3,61.47,33.77,3,3,0,5.0,0.0,0.0,6.792133487654321,False,0.5493736782170164
1d0646a72178a6fb37ee8082140e06ec,SC,2,61.0,36.62,2,2,0,5.0,0.0,0.0,7.651782407407408,False,0.6003278688524589
7963e546f34e098b578f9ad102494601,SP,1,60.99,21.23,1,1,0,5.0,0.0,0.0,18.14728009259259,False,0.3480898507952123
be7a093e5b4d147b36b72bb1f9e415e5,PR,1,60.9,22.36,1,1,0,5.0,0.0,0.0,5.3288773148148145,False,0.3671592775041051
83f2b4881141ce3fcd4e985125d3279e,SP,3,60.7,40.68,3,3,0,5.0,0.0,0.3333333333333333,18.191948302469136,False,0.6701812191103789
9ac75591b69c3402684b6ce0310f22ee,SP,1,60.5,9.17,1,1,0,5.0,0.0,1.0,2.984837962962963,False,0.1515702479338843
24a6daf925d9d591870a66660416de31,SP,2,60.0,30.08,2,2,0,4.5,0.0,0.0,13.617193287037036,False,0.5013333333333333
85e7c62c1d6ea078c3897424f867a7c8,SC,2,60.0,27.7,2,2,0,4.5,0.0,0.0,7.850451388888889,False,0.46166666666666667
7c462184585ae80bd6e5774c62ce50f2,SP,1,60.0,17.64,2,1,0,3.0,0.0,1.0,16.04199074074074,False,0.294
3e46a38ee171c503c3b4a3f23fe3bf0c,SP,1,59.9,9.11,1,1,0,5.0,0.0,0.0,4.184652777777778,False,0.15208681135225374
75fdd0a732287f9497b179f6bd445d32,SP,1,59.9,16.18,1,1,0,5.0,0.0,0.0,10.883761574074073,False,0.2701168614357262
9ef932e837d8b7f392c0bfee9d359dc2,SP,1,59.9,19.66,1,1,0,3.0,0.0,1.0,36.47038194444445,False,0.3282136894824708
c240c4061717ac1806ae6ee72be3533b,RJ,1,59.9,13.99,1,1,0,4.0,0.0,0.0,6.056956018518519,False,0.2335559265442404
8fb67a334bacec338885b4e9e1708073,PR,1,59.9,38.52,1,1,0,5.0,0.0,0.0,8.214791666666667,False,0.6430717863105176
0ee4fb99ac55ffbbc98795aa01b7f8fa,SP,1,59.9,11.03,1,1,0,5.0,0.0,0.0,6.882916666666667,False,0.18414023372287144
6ebf4eceee4dd9847201c82e77ef8123,RJ,1,59.9,22.13,1,1,0,5.0,0.0,0.0,15.017141203703703,False,0.369449081803005
528ce32f560edd11add4169f6a5b65be,SP,2,59.8,15.3,2,2,0,5.0,0.0,0.0,10.162274305555556,False,0.2558528428093646
3da38366e7bd9baf6369071f782ecdf0,CE,1,59.47,26.96,1,1,1,1.0,1.0,1.0,53.34842592592592,False,0.4533378173869178
63704069d9bd3a75c1cf59babe56004a,SP,1,59.3,7.39,1,1,1,1.0,1.0,1.0,18.27550925925926,False,0.12462057335581787
db1f0f7c7e5e87f40b62226f020bb297,PR,3,59.01,64.72,3,3,0,4.666666666666667,0.0,0.0,9.605447530864199,False,1.096763260464328
2f1e7b90e01d9f086cbcb301c0c3d406,SC,1,59.0,12.66,1,1,0,5.0,0.0,0.0,7.110335648148149,False,0.21457627118644068
0af2ab31141893d26aca5a404a537dab,SP,1,59.0,15.51,1,1,0,5.0,0.0,0.0,5.809513888888889,False,0.2628813559322034
1d953075c2f0dd990bacf27b83b330f1,MG,1,59.0,19.32,1,1,0,5.0,0.0,0.0,7.282638888888889,False,0.32745762711864407
dd5450b022b2d00a2145a66331e1aef6,SC,1,59.0,22.34,1,1,0,5.0,0.0,0.0,7.1822337962962965,False,0.37864406779661014
37303482a42fb700d8d127e70a9cd6c8,SP,1,58.9,8.11,1,1,0,5.0,0.0,0.0,2.051712962962963,False,0.13769100169779286
d180e07dc1e58c31c3f0cd599dc4d945,MG,1,58.8,14.16,1,1,0,3.0,0.0,0.0,7.997523148148148,False,0.24081632653061225
8fff28c4263ddec387f28d237fb42773,SP,2,58.6,54.03,4,2,0,5.0,0.0,0.0,5.756741898148148,False,0.9220136518771331
cecd97bc34ed8330bd4cd15713eda670,SC,1,57.99,18.51,1,1,1,1.0,1.0,0.0,7.138460648148148,False,0.3191929643041904
cac4e0bc1a3269fa2b6ea5e763f6115b,SC,2,57.88,50.14,3,2,0,5.0,0.0,0.0,11.330792824074074,False,0.8662750518313752
48e5ee06fb2dc74df1c711a9b6dfac2a,MG,1,57.0,45.3,3,1,0,5.0,0.0,0.0,11.242453703703704,False,0.7947368421052631
ac9b01377919cdbd2a1bbb8d5837c70b,SP,1,55.9,23.54,1,1,0,3.0,0.0,0.0,9.7975,False,0.4211091234347048
3e35a8bb43569389d3cebef0ce820f69,SP,1,55.8,28.88,2,1,0,5.0,0.0,0.0,7.917349537037037,False,0.5175627240143369
d85efbc8eff2b7adf524e2820569adc8,SP,1,55.0,8.29,1,1,0,5.0,0.0,0.0,2.9467476851851853,False,0.1507272727272727
0b1ca3ef18a63d7eb0c8897fa0849c08,SP,1,55.0,7.87,1,1,0,5.0,0.0,0.0,6.710289351851852,False,0.1430909090909091
ebe3dabc4955c9b0d695e7bda38bf5c3,SP,1,55.0,11.89,1,1,0,3.0,0.0,1.0,23.45189814814815,False,0.2161818181818182
c7246702dc991a06d788120dc7544391,CE,1,54.86,17.66,1,1,0,5.0,0.0,0.0,20.98670138888889,False,0.3219103171709807
c13fb473e7cb8b83ccd543c094df0608,SP,2,54.8,28.72,2,2,0,3.5,0.0,0.0,12.762152777777779,False,0.5240875912408759
26f6b7ab07be3e9e69ce82a6552efc19,RJ,2,54.8,25.95,2,2,1,3.0,0.5,0.5,10.984780092592594,False,0.47354014598540145
d297f1055de2956aedfd3b04113dce3e,SP,1,54.3,7.64,1,1,0,4.0,0.0,0.0,3.8065277777777777,False,0.1406998158379374
720e6cf846ea7572cbb66b743fb91e6c,SP,1,54.0,14.55,1,1,0,5.0,0.0,0.0,16.14633101851852,False,0.26944444444444443
c1552b1dab6e6f760950368ae61fb600,SP,2,53.8,14.89,2,2,1,2.5,0.5,0.0,5.066215277777777,False,0.27676579925650563
a2a41aedb70551d4a85aa04dc2fced48,SP,2,52.79,26.94,2,2,0,4.0,0.0,0.0,8.864953703703703,False,0.5103239249857928
392f7f2c797e4dc077e4311bde2ab8ce,RN,2,52.0,36.56,2,2,0,5.0,0.0,0.0,5.309016203703703,False,0.7030769230769232
84c945f15571830c1a91a33978e94009,SP,2,51.98,26.060000000000002,2,2,0,4.5,0.0,0.0,9.44066550925926,False,0.501346671796845
258447aad3f7b01e2643c89f64dc5647,PR,1,51.9,19.55,1,1,0,5.0,0.0,0.0,7.945914351851852,False,0.37668593448940274
07e8e8fc5222bb358e6f259da3197074,SP,2,51.8,23.06,2,2,0,4.0,0.0,0.0,8.63806712962963,False,0.4451737451737452
e9e446d01bd10a97a8ffcfc4a3a20cb2,SP,3,51.15,22.169999999999998,3,3,0,4.333333333333333,0.0,0.0,5.304830246913579,False,0.43343108504398825
eaf6d55068dea77334e8477d3878d89e,SP,3,51.0,33.01,3,3,0,5.0,0.0,0.0,6.129313271604938,False,0.6472549019607843
535bf14f36346c7f59d87cece104d70c,RJ,1,50.0,7.77,1,1,0,4.0,0.0,1.0,4.217708333333333,False,0.15539999999999998
8cf21434553b02cbd37c0bbd07e041b0,SC,1,49.99,23.22,1,1,0,4.0,0.0,0.0,11.212523148148149,False,0.46449289857971593
d4f91e8be86b38da2ee35bc489645a9d,SP,1,49.99,11.17,1,1,0,5.0,0.0,0.0,17.22824074074074,False,0.22344468893778754
217f005bb37ff3aeef5b2ae1788e75ba,SP,2,49.98,30.15,2,2,0,4.5,0.0,0.0,14.454687499999999,False,0.6032412965186075
fe19dce63ae80346207c6c55713d1023,MG,1,49.9,21.82,1,1,0,5.0,0.0,0.0,7.0012384259259255,False,0.4372745490981964
7b3447b497e55af8c15fc7bd89d7b81a,SP,1,49.9,20.75,1,1,0,5.0,0.0,0.0,13.094965277777778,False,0.41583166332665333
3ded4e2d5f135cb103e5949d7263d2dd,MG,1,49.9,12.48,1,1,0,5.0,0.0,0.0,5.149016203703703,False,0.2501002004008016
9140ef75cc8211c4035935e80e567204,PR,1,49.9,22.28,1,1,0,5.0,0.0,0.0,12.179131944444444,False,0.4464929859719439
2c2c9832d1bb38c5b0034a3b47d313ee,RS,1,49.9,18.45,1,1,0,3.0,0.0,0.0,12.09361111111111,False,0.3697394789579158
58e4b302b54937e55a678c4d15111da4,PR,1,49.9,14.52,1,1,0,5.0,0.0,0.0,7.158981481481481,False,0.2909819639278557
7315baebc0572ff220d226283dc66728,SP,2,49.849999999999994,26.369999999999997,2,2,0,4.0,0.0,0.0,8.092291666666668,False,0.528986960882648
2c00c85d30361cd2ced2969cffbbffa3,MG,1,49.8,7.71,1,1,0,5.0,0.0,0.0,1.8740625,False,0.15481927710843374
1b61fb1f0f2185d89e9a126c498e9cc7,PR,1,49.7,16.11,1,1,0,5.0,0.0,0.0,11.358564814814814,False,0.32414486921529173
42d4b7e70819438f5ada61c965e92d7e,GO,1,49.6,51.18,3,1,1,1.0,1.0,0.0,21.939131944444444,False,1.0318548387096773
e0487761face83d64fcada2408959a36,SP,2,49.25,14.870000000000001,2,2,0,4.5,0.0,0.0,3.5394791666666667,False,0.3019289340101523
c963a25b8671419c6ce9eebe8fd03218,RJ,1,49.0,19.32,1,1,0,5.0,0.0,0.0,6.8539814814814815,False,0.3942857142857143
2ef086a599b597572aca4433b7ed6b3d,SC,1,49.0,15.1,1,1,0,5.0,0.0,0.0,11.24431712962963,False,0.3081632653061224
1f7dfad2cb384ea4d2d7e1ffbd78c407,SP,1,49.0,8.29,1,1,1,1.0,1.0,0.0,6.361909722222222,False,0.16918367346938773
ce33c6211beaa8fef4cae8b52db39862,SP,1,49.0,14.52,1,1,0,3.0,0.0,0.0,18.732430555555556,False,0.2963265306122449
d63f306de130e0391d38a792541723b8,SP,1,49.0,7.6,1,1,0,5.0,0.0,0.0,3.3584722222222223,False,0.15510204081632653
29c322e3f09f886f8bacbe91dfbd979e,RS,1,48.98,56.59,2,1,0,5.0,0.0,0.0,6.673425925925926,False,1.1553695385871785
417a1e6c7321084d2a0ae0d023cfad93,RS,1,48.9,12.48,1,1,0,5.0,0.0,0.0,6.072372685185186,False,0.2552147239263804
2e2f44824ab87a0cb961f68bf4073e7f,PR,1,48.0,17.93,1,1,1,2.0,1.0,0.0,10.955590277777778,False,0.37354166666666666
a3fa18b3f688ec0fca3eb8bfcbd2d5b3,SP,1,47.8,36.46,2,1,0,5.0,0.0,0.0,14.268726851851852,False,0.7627615062761507
513a54369b6a8a6602fcb0e129c6d78d,SP,2,47.8,14.86,2,2,0,4.5,0.0,0.0,3.5719097222222222,False,0.3108786610878661
9d213f303afae4983637247556438ede,SP,2,47.7,73.11,3,2,0,5.0,0.0,0.0,7.0355439814814815,False,1.5327044025157233
ae9690c6e8fee182c28c9ff8e11ca52c,SP,1,47.4,12.41,1,1,0,5.0,0.0,0.0,4.4846875,False,0.26181434599156117
cad10cc982ab6a391570c211b995c17c,SP,1,47.4,12.79,1,1,0,5.0,0.0,0.0,4.2977893518518515,False,0.269831223628692
baf15155e37ef5492731459bdc05be8a,SP,1,47.0,8.72,1,1,0,5.0,0.0,0.0,33.05329861111111,False,0.18553191489361703
7494d0dcba8551df6cf37f1b905dc2f7,SP,1,45.9,17.07,1,1,0,3.0,0.0,0.0,6.993611111111111,False,0.3718954248366013
51e0557bc7b86de13e946c60ee91ce39,MG,1,45.8,17.6,1,1,0,5.0,0.0,0.0,10.434085648148148,False,0.3842794759825328
8629a7efec1aab257e58cda559f03ba7,GO,1,45.22,18.89,1,1,1,1.0,1.0,1.0,59.22667824074074,False,0.4177355152587351
2d8cfba3fcd3170555941605edaa196a,SP,1,45.0,10.96,1,1,0,5.0,0.0,0.0,4.953564814814815,False,0.24355555555555558
70ee69419916dc13e3aed619061f996c,SP,1,45.0,8.72,1,1,0,3.0,0.0,0.0,14.4346875,False,0.1937777777777778
1f2eebc0e970fd3c463e4f5d9652687a,SP,1,44.99,8.48,1,1,0,5.0,0.0,1.0,11.451400462962964,False,0.18848633029562126
89dda63a3c907c468ec88c310ed91213,SP,1,44.99,20.4,1,1,0,5.0,0.0,0.0,25.440254629629628,False,0.45343409646588123
5a4236931428800e9d9cc04af0987118,SP,1,44.97,45.69,3,1,0,5.0,0.0,0.0,3.981076388888889,False,1.0160106737825216
5415337f1863452476d42d9f14a16a61,MG,1,44.9,23.45,1,1,0,3.0,0.0,0.0,16.04283564814815,False,0.522271714922049
da3fede3469bf49b7293ce3fc45b294d,SP,1,44.9,12.79,1,1,0,5.0,0.0,0.0,11.242916666666666,False,0.28485523385300665
e5545d4d4473876ea78c5bcebca365c3,SP,1,44.5,12.97,1,1,0,5.0,0.0,0.0,5.198229166666667,False,0.29146067415730337
42fb44130ac3134cde8e35cf8ec7df25,SP,2,43.8,25.48,2,2,0,5.0,0.0,0.0,5.903657407407408,False,0.5817351598173517
15b3b1b81484422eb41df68ac87f1f50,SP,1,43.35,12.69,1,1,1,1.0,1.0,0.0,14.629606481481481,False,0.2927335640138408
4125d9385a25e82d2f72d3a0fd55bc3f,SP,1,42.9,18.4,1,1,0,5.0,0.0,0.0,8.990208333333333,False,0.42890442890442887
05a48cc8859962767935ab9087417fbb,SP,1,42.9,16.49,1,1,0,5.0,0.0,0.0,11.276516203703704,False,0.38438228438228433
7f02656561b680def9986c0795a8a080,SP,1,42.0,11.85,1,1,0,5.0,0.0,0.0,14.175138888888888,False,0.28214285714285714
3a3c180dd702a725bd0ba4117689239e,PR,1,41.9,35.48,1,1,0,4.0,0.0,0.0,13.821863425925926,False,0.8467780429594272
749e7cdabbaf72f16677859e27874ba5,SP,1,41.9,19.84,1,1,1,1.0,1.0,0.0,11.03644675925926,False,0.47350835322195706
6561d6bf844e464b4019442692b40e02,SP,1,41.9,7.55,1,1,0,5.0,0.0,0.0,1.434201388888889,False,0.1801909307875895
16bdc8cefd0e32a6f0824d296c5ad14a,SP,1,41.76,19.32,1,1,0,5.0,0.0,0.0,9.316840277777779,False,0.46264367816091956
a213f1bd6458f4a158f3746cb2514559,PR,1,41.52,14.43,1,1,0,5.0,0.0,0.0,8.3459375,False,0.34754335260115604
9b1f656ca3060f8af17a50d8a024b533,SP,2,41.0,47.68,2,2,0,5.0,0.0,0.5,16.34451388888889,False,1.1629268292682926
d4828feed4cda2cd9d6b37899a95a71e,CE,1,39.9,22.21,1,1,1,2.0,1.0,0.0,13.50712962962963,False,0.556641604010025
edb58a1390adf273840030a3d6253829,SP,1,39.9,18.38,1,1,0,5.0,0.0,0.0,5.503541666666667,False,0.4606516290726817
fedaedd3ca31d56ab33e92035e4b361c,RJ,1,39.9,10.96,1,1,0,4.0,0.0,0.0,8.62082175925926,False,0.27468671679198
c2bda99904207edd1834f03e0022b007,SP,1,39.9,7.78,1,1,0,4.0,0.0,0.0,12.421550925925926,False,0.1949874686716792
df683dfda87bf71ac3fc63063fba369d,RS,1,39.9,16.05,1,1,1,1.0,1.0,1.0,189.86315972222224,False,0.40225563909774437
4e2627090e6e5b9fabba883a37897683,MG,1,39.9,11.72,1,0,0,,,0.0,3.97537037037037,False,0.293734335839599
e595809a6c31ec4314fd06ef198c244d,SC,1,39.0,18.23,1,1,0,5.0,0.0,0.0,15.85357638888889,False,0.4674358974358975
389e45560e33d2d0747f949dcddbc08e,SP,1,39.0,8.43,1,1,0,5.0,0.0,0.0,3.949548611111111,False,0.21615384615384614
9558aa23f77a9e0a0eca83540999f43b,PR,1,39.0,14.52,1,1,0,5.0,0.0,0.0,20.871423611111112,False,0.3723076923076923
c74f14c1e26cf1bd5bd34b6a1e274426,SC,1,39.0,16.79,1,1,0,5.0,0.0,0.0,24.23091435185185,False,0.43051282051282047
0936e1837d0c79253456bbb2ffaaef10,SP,1,38.9,31.12,2,1,0,5.0,0.0,0.0,18.366805555555555,False,0.8
2eeb6531ee027a48d401e72bebdd87d3,SP,3,38.7,40.0,3,3,0,4.333333333333333,0.0,0.0,12.211415895061728,False,1.0335917312661498
d7ab82074b5f1dfba46db123df101bff,SP,2,38.67,45.3,3,2,0,4.5,0.0,0.0,5.941001157407407,False,1.1714507370054303
e72b4feb7abe210c52aa667abc25a3a2,SP,1,38.2,17.44,2,1,0,5.0,0.0,0.0,4.149236111111111,False,0.45654450261780105
9200e6ce317b67196b6b0bad4d4bd567,RJ,1,36.9,14.52,1,1,0,3.0,0.0,0.0,16.296388888888888,False,0.3934959349593496
1d139e3a3b14025640d8df1b230aace0,SP,2,36.49,34.69,2,2,0,3.5,0.0,0.0,7.653206018518519,False,0.9506714168265277
c161d1327ebc3a156c09582ab2f59f6c,SP,2,35.99,15.56,2,2,0,4.0,0.0,0.0,3.5126793981481486,False,0.432342317310364
630008e0f062605a415d694489f6f82e,SP,1,35.35,15.35,1,1,0,5.0,0.0,0.0,17.05988425925926,False,0.4342291371994342
3a52d63a8f9daf5a28f3626d7eb9bd28,SP,1,35.0,17.78,1,1,1,1.0,1.0,0.0,6.339652777777777,False,0.508
c716e0b86ed568878475b60fbb6323ad,SP,1,35.0,15.23,1,1,0,5.0,0.0,0.0,7.47505787037037,False,0.43514285714285716
5cf1ec37aea089f45110c70653a166ab,SP,2,35.0,28.580000000000002,2,2,0,5.0,0.0,0.0,21.465109953703703,False,0.8165714285714286
baeda7047354773262ba2405f97038ba,SP,1,35.0,15.1,1,1,0,5.0,0.0,0.0,23.479270833333334,False,0.43142857142857144
cb162c8eef257253782d245c08d9097c,SP,1,34.99,14.13,1,1,0,5.0,0.0,0.0,10.642743055555556,False,0.4038296656187482
84deb808079d1be601c209c1e771b1cc,PR,2,34.93,23.21,2,2,0,5.0,0.0,0.0,7.539299768518519,False,0.6644718007443459
c0e6839516f5398edc34adf5f1d53d1a,SP,1,34.92,14.12,1,1,0,5.0,0.0,0.0,5.102037037037037,False,0.40435280641466204
5a32c398a06c345440bf2a683b017ad3,RJ,1,34.9,15.23,1,1,0,5.0,0.0,0.0,11.96880787037037,False,0.4363896848137536
41958cbd3335433c8740300e8cd600d5,SP,1,32.99,7.39,1,1,0,5.0,0.0,0.0,4.842789351851851,False,0.22400727493179748
539ed9e19811677513447759be5eccfc,MG,2,32.83,31.09,2,2,1,3.0,0.5,0.0,5.068101851851852,False,0.9469996954005483
7d81e74a4755b552267cd5e081563028,SP,1,32.5,7.49,1,1,0,4.0,0.0,0.0,2.209490740740741,False,0.23046153846153847
eb4a59a06b3948e851a7d7a830bcbc42,BA,1,32.0,21.15,1,1,0,5.0,0.0,0.0,11.078020833333333,False,0.6609375
d7f1cfc638473be93baedbfd02208016,RJ,1,30.0,17.14,1,1,0,5.0,0.0,0.0,12.67605324074074,False,0.5713333333333334
fdf736c18c589ed030e058312203e1b2,MG,1,30.0,14.51,1,1,0,5.0,0.0,0.0,5.490983796296296,False,0.48366666666666663
9315e491484b1b0081ca166fc164108d,PR,1,29.99,30.41,1,1,0,3.0,0.0,0.0,7.280138888888889,False,1.014004668222741
32f83ffe11cd40f7adcf4eef171f52d9,RS,1,29.99,15.1,1,1,0,5.0,0.0,0.0,10.574085648148149,False,0.5035011670556853
87b4428a334b8f676fd9a7f3bf544fb5,SP,1,29.99,18.99,1,1,0,5.0,0.0,0.0,6.9279166666666665,False,0.6332110703567856
436bf27f2f18474fc6047702e9f8a866,SP,1,29.9,14.52,1,1,0,5.0,0.0,0.0,19.17042824074074,False,0.48561872909699
28a26ebce31d5918b181ede016fd693b,MG,1,29.9,17.14,1,1,0,5.0,0.0,0.0,11.071064814814815,False,0.5732441471571906
c43d924a0f1688ee9fae0efcd6f539d4,RJ,1,29.9,15.11,1,1,0,4.0,0.0,0.0,21.502858796296298,False,0.5053511705685618
455f46ef09a9e45667e2981df84b5cc2,SP,1,29.9,18.31,1,1,0,4.0,0.0,0.0,13.019328703703703,False,0.6123745819397993
a09a13f18ed27932d08438aa6f12756e,RS,1,29.9,16.11,1,1,0,3.0,0.0,0.0,8.917627314814816,False,0.5387959866220736
139157dd4daa45c25b0807ffff348363,SP,1,29.9,7.78,1,1,0,4.0,0.0,0.0,1.2141782407407407,False,0.2602006688963211
c97aa4ee7420f937da13b7f9e2228b99,RS,1,29.9,6.66,1,1,1,1.0,1.0,0.0,10.80730324074074,False,0.22274247491638796
3aa3c89ae3cd482385568be76120f63c,GO,1,29.9,19.04,1,1,0,4.0,0.0,0.0,10.831493055555555,False,0.6367892976588628
c0e0b73d039eb9a99b6ce4cb7a429cd3,SC,1,29.88,7.68,1,1,0,5.0,0.0,0.0,4.986238425925926,False,0.2570281124497992
0336182e1b3e92f029d5354832045fdf,SP,1,29.8,17.57,2,1,1,2.0,1.0,0.0,13.061111111111112,False,0.5895973154362416
7b3f6ce5c6c22e9b96e7581ebf0df6e1,SP,1,29.8,12.69,1,1,0,3.0,0.0,0.0,10.947905092592592,False,0.4258389261744966
9996ae921c50e8dff411ac69c0b4bb8b,SP,2,29.700000000000003,43.67,3,2,1,2.0,0.5,0.0,14.381655092592592,False,1.4703703703703703
72c73be2b085b9d57650dd53eb2004c9,SP,1,29.4,17.92,1,1,0,5.0,0.0,0.0,17.34197916666667,False,0.6095238095238096
c9d2ba8dde44a275ae06475ed1d2fafc,MG,1,28.79,14.52,1,1,0,5.0,0.0,0.0,8.417430555555555,False,0.5043417853421327
999f6d9a1c7c81f43be44c6b7d076210,SP,2,28.0,22.83,2,2,0,4.5,0.0,0.0,4.6904918981481485,False,0.8153571428571428
b026643914f651e8371425e5b8a1e780,RJ,1,27.9,15.1,1,1,0,5.0,0.0,0.0,10.419143518518519,False,0.5412186379928315
8b181ee5518df84f18f4e1a43fe07923,SP,1,27.9,27.08,1,1,0,5.0,0.0,0.0,14.560891203703704,False,0.9706093189964158
f1fdf2d13186575751aa25876536d85c,SP,1,26.3,8.29,1,1,0,5.0,0.0,0.0,6.141400462962963,False,0.3152091254752851
70c0fda4c313d87115644d39e62eec60,PE,1,25.99,37.09,1,1,0,5.0,0.0,0.0,9.881921296296296,False,1.42708734128511
c12d7463a579237ffb9248bd7cff378b,SP,1,25.9,8.72,1,1,0,4.0,0.0,0.0,11.243993055555556,False,0.3366795366795367
7cb946b1ad19faebe28c3e86c2794ec3,MG,1,25.0,15.1,1,1,0,5.0,0.0,0.0,18.151435185185186,False,0.604
6c9875b2f94ba781186f0c1aed8d1687,SP,2,25.0,38.050000000000004,4,2,0,5.0,0.0,0.0,4.057789351851851,False,1.5220000000000002
3986c0b54f6b748b75e7bd4e092aa3e5,PR,1,24.99,15.28,1,1,0,5.0,0.0,0.0,6.12349537037037,False,0.6114445778311325
38f276ca6e7cc95a6d1bb55ac9e5550f,SP,1,24.99,11.85,1,1,0,5.0,0.0,0.0,5.200891203703704,False,0.47418967587034816
33fd411ed63a7c2f9005e3f065d9f85d,RS,1,24.9,18.23,1,1,0,4.0,0.0,0.0,8.134837962962964,False,0.7321285140562249
1c83418358f249c9d6affa52d579db0e,SP,1,24.9,14.52,1,1,0,5.0,0.0,0.0,10.189027777777778,False,0.5831325301204819
cad9969167c09b48ae6f1d123f7fa68d,MG,1,24.0,13.51,1,1,0,5.0,0.0,0.0,3.389236111111111,False,0.5629166666666666
bd43e172d599bed47a85da877172ca8c,SC,1,23.92,18.27,1,1,0,5.0,0.0,0.0,12.473587962962963,False,0.7637959866220735
43753b27d77860f1654aa72e251a7878,BA,1,23.9,42.38,1,1,0,5.0,0.0,0.0,27.33425925925926,False,1.773221757322176
bcd2d7510d58e293f20fad6438c1b314,PR,1,23.9,15.56,1,0,0,,,1.0,33.19689814814815,False,0.6510460251046025
544863df86ed3b78a04e0820d41430ee,ES,1,23.9,15.27,1,1,0,5.0,0.0,0.0,5.5005902777777775,False,0.6389121338912134
2c54051840f19eca309a5423cf22df36,PR,2,23.7,28.57,2,2,0,4.5,0.0,0.0,8.931585648148149,False,1.2054852320675107
5e063e85d44b0f5c3e6ec3131103a57e,SP,1,22.9,7.42,1,1,0,5.0,0.0,0.0,1.2883333333333333,False,0.3240174672489083
bc8c8d665ec4664d286be0d521722b19,SP,1,22.5,8.32,1,1,1,2.0,1.0,1.0,8.033923611111112,False,0.3697777777777778
eb1bf309f4f6af9a97e9ddac3fdbeabe,SP,1,22.3,8.88,1,1,0,5.0,0.0,0.0,8.489652777777778,False,0.39820627802690584
0bb27263628258b8111a0262769fa9db,SP,1,22.2,10.96,1,1,0,5.0,0.0,0.0,41.68077546296296,False,0.49369369369369376
34675b28b826facfde119785bf287dc1,PR,1,21.99,15.1,1,1,0,4.0,0.0,0.0,5.948611111111111,False,0.6866757617098681
f09b760d23495ac9a7e00d29b769007c,SP,1,21.9,17.19,1,1,0,4.0,0.0,0.0,24.0575,False,0.7849315068493152
98f52e1020fe788c10c0418de4393fec,RJ,1,21.6,15.1,1,1,0,4.0,0.0,0.0,9.267129629629629,False,0.699074074074074
ed49da7cadefc454d6a67de249eab240,SP,1,21.5,8.72,1,1,0,5.0,0.0,0.0,7.191886574074074,False,0.40558139534883725
e64ddbe1cbcf4f2fc3092b7c481f3f9d,SP,1,20.9,7.39,1,1,0,5.0,0.0,0.0,5.512708333333333,False,0.3535885167464115
b77a27b1864483e721dc831d5ba4afa0,RJ,1,20.9,14.52,1,1,0,5.0,0.0,0.0,8.473414351851853,False,0.6947368421052632
e0b162a693bc7f9eab00f783a31d60ea,RS,1,20.0,29.69,1,1,0,5.0,0.0,0.0,11.088877314814814,False,1.4845000000000002
e76ecc7e9a1a1e3c6df9d2a8261c423d,MG,1,20.0,14.1,1,1,0,5.0,0.0,0.0,12.457060185185185,False,0.705
455befea1bb853c75ccbca94cff26e5c,RJ,1,19.99,22.06,1,1,0,3.0,0.0,0.0,12.441516203703705,False,1.103551775887944
bb7ad8a45c027be8ab075b8e465f8ca0,SC,2,19.98,32.64,2,2,0,5.0,0.0,0.0,5.669924768518518,False,1.6336336336336337
7caa63f175b1cecbfaadd8b5ab9998c7,SP,1,19.9,7.74,1,1,1,1.0,1.0,0.0,2.154710648148148,False,0.3889447236180905
0b46f784306be7200ca1700aa55d819f,MG,1,19.9,10.96,1,1,0,5.0,0.0,0.0,3.2436574074074076,False,0.5507537688442212
87f3e35268860433e13d577825aada95,SP,1,19.9,14.52,1,0,0,,,0.0,51.49710648148148,False,0.7296482412060302
bac44fa8e13424950488659b5f765c41,SP,1,19.9,14.52,1,1,0,5.0,0.0,0.0,8.709305555555556,False,0.7296482412060302
d93b8458c6fe139d85cfa5eadbf55bd2,SP,1,19.9,14.1,1,1,0,5.0,0.0,0.0,5.977627314814815,False,0.7085427135678393
698624c6632eeba1774924dbea24c700,SP,1,19.9,15.23,1,1,0,5.0,0.0,0.0,6.968645833333333,False,0.7653266331658293
668bf321538e5072858eaef6087ce027,PR,1,19.9,8.11,1,1,0,5.0,0.0,0.0,4.473495370370371,False,0.40753768844221105
bd65d163ded559eb90a10cd09fec178f,SP,1,19.8,18.68,2,1,0,4.0,0.0,0.0,4.471331018518518,False,0.9434343434343434
9d69ba0a7a626a64dc5db08e529559cf,SP,1,19.3,18.24,1,1,0,5.0,0.0,0.0,13.860972222222221,False,0.9450777202072538
ab75b89cc49c9ab3160d0c91565a442a,SP,1,18.99,0.75,1,1,1,1.0,1.0,0.0,9.102488425925927,False,0.03949447077409163
82921991ff5b557b045605b8bbf08d49,SP,1,18.9,18.23,1,1,0,5.0,0.0,0.0,4.079814814814815,False,0.9645502645502646
6c77cd583b36a13aacccf2b3ee23e233,SP,1,18.9,12.79,1,1,0,5.0,0.0,0.0,6.026678240740741,False,0.6767195767195767
ce4755084bc097113867e6454f8f5e52,SP,1,18.9,12.79,1,1,0,5.0,0.0,0.0,6.389606481481482,False,0.6767195767195767
804287717b9156fb7a787acd9af4fac1,PR,1,18.8,15.1,1,1,0,5.0,0.0,0.0,9.156145833333333,False,0.803191489361702
13e85aac53340018b40c2af68001b7e0,SP,1,17.8,14.12,1,1,0,5.0,0.0,0.0,17.718125,False,0.793258426966292
bee36b4f9a2b9fdcaff6ec05df202ed0,SP,1,16.9,10.96,1,1,0,5.0,0.0,0.0,13.397164351851853,False,0.6485207100591717
eae9af4811c294c56795d70e715b7337,SP,1,15.9,11.11,1,1,0,5.0,0.0,0.0,2.8439467592592593,False,0.6987421383647798
6bcb2352a2a0c38b845f598298ab9d26,PR,1,15.9,15.1,1,1,0,5.0,0.0,0.0,11.037233796296297,False,0.949685534591195
f3862c2188522d89860c38a3ea8b550d,SP,1,15.5,12.79,1,1,0,5.0,0.0,0.0,5.868530092592593,False,0.8251612903225806
c3e2398fcc7e581cda2e546557bf6968,SP,1,14.9,15.23,1,1,0,5.0,0.0,0.0,11.835428240740741,False,1.0221476510067113
20f0aeea30bc3b8c4420be8ced4226c0,SP,1,14.9,14.52,1,0,0,,,1.0,44.71587962962963,False,0.9744966442953019
b2f4d63c7203f539a78252565ca32257,RJ,1,14.9,20.84,1,1,0,5.0,0.0,0.0,13.007511574074075,False,1.3986577181208053
a61cc04793308395a840807104365121,SP,1,14.63,23.74,1,1,0,5.0,0.0,0.0,8.368773148148149,False,1.6226930963773067
20d53aad4fe5ee93a64f8839609d3586,MG,1,14.5,12.48,1,1,1,1.0,1.0,1.0,39.27744212962963,False,0.8606896551724138
5b92bfa4120daa27c574daa2e386c693,SP,1,14.0,10.96,1,1,0,3.0,0.0,0.0,16.086435185185184,False,0.7828571428571429
fb503a924a0b9db19d83dd0ac6dbef8c,RS,1,13.9,17.92,1,1,0,5.0,0.0,0.0,6.547800925925926,False,1.2892086330935253
6614814a00d344b846ae209f95ee7e3f,SP,1,13.0,12.69,1,1,1,1.0,1.0,0.0,4.7878125,False,0.9761538461538461
b5f0712d22a873b6797ab6cc65c3fcba,SP,1,12.99,8.29,1,1,0,4.0,0.0,0.0,3.2610069444444445,False,0.6381832178598922
7ab0dd5487bab2dc835337b244f689fb,SP,1,12.5,10.96,1,1,0,5.0,0.0,0.0,5.7457060185185185,False,0.8768
9e25199f6ef7e7c347120ff175652c3b,SP,1,12.5,14.52,1,1,0,4.0,0.0,0.0,8.199456018518518,False,1.1616
c1d1ebb4745cc43cb6f05e9c8a705c9a,SP,1,12.5,19.21,1,1,1,1.0,1.0,1.0,26.52927083333333,False,1.5368000000000002
c1dde11f12d05c478f5de2d7319ad3b2,SP,1,12.5,7.39,1,1,1,1.0,1.0,0.0,3.2347337962962963,False,0.5912
3d62f86afa7c73be2628a3be1423f5a0,SP,2,12.0,42.42,2,2,0,4.0,0.0,0.0,16.73105902777778,False,3.535
cc1f04647be106ba74e62b21f358af25,SP,1,11.9,8.29,1,1,1,1.0,1.0,0.0,13.295810185185186,False,0.6966386554621847
3ac588cd562971392504a9e17130c40b,SP,1,11.9,7.39,1,1,0,5.0,0.0,0.0,7.089305555555556,False,0.6210084033613444
f9f68daa2af419d38f745478bcb3da1a,SP,1,11.2,18.0,1,1,0,5.0,0.0,0.0,11.757013888888888,False,1.6071428571428572
344223b2a90784f64136a8a5da012e7f,SC,1,10.9,16.79,1,1,1,2.0,1.0,1.0,32.62399305555556,False,1.5403669724770641
95cca791657aabeff15a07eb152d7841,PR,1,9.99,18.23,1,1,0,5.0,0.0,0.0,3.7175,False,1.8248248248248249
c18309219e789960add0b2255ca4b091,RJ,1,9.9,14.1,1,1,0,5.0,0.0,0.0,14.187407407407408,False,1.424242424242424
0f94588695d71662beec8d883ffacf09,SC,1,9.0,18.59,1,1,0,5.0,0.0,0.0,14.887152777777779,False,2.0655555555555556
4965a7002cca77301c82d3f91b82e1a9,SP,1,8.49,7.87,1,1,0,5.0,0.0,0.0,6.269537037037037,False,0.9269729093050648
ad14615bdd492b01b0d97922e87cb87f,SC,1,8.25,10.96,1,1,0,5.0,0.0,0.0,13.583900462962964,False,1.3284848484848486
702835e4b785b67a084280efca355756,MG,1,7.6,10.96,1,1,0,5.0,0.0,0.0,1.8040393518518518,False,1.442105263157895
1fa2d3def6adfa70e58c276bb64fe5bb,SP,1,6.9,9.0,1,1,1,1.0,1.0,0.0,6.255381944444444,False,1.3043478260869565
77128dec4bec4878c37ab7d6169d6f26,SP,1,6.5,8.72,1,1,0,5.0,0.0,0.0,11.992465277777777,False,1.3415384615384616
